Air temperature,Process temperature,Rotational speed,Torque,Tool wear,Temperature Differential,Mechanical Power,Type_H,Type_L,Type_M,failure_probability,anomaly_score,unified_risk_score,risk_band,actual_failure
0.2476812891347267,-0.1392936107609688,-1.2400309627705053,2.278477775666705,0.7124100927303308,-0.700758492015675,2.3980778914267185,0.0,1.0,0.0,0.020026766768956764,0.4420908863367388,0.1888524145960696,Low,0
1.8503101946672644,1.618247853496533,-0.1168201884469199,0.0100960551465851,0.4294269377232481,-1.3008835186308545,0.0665716402609631,0.0,1.0,0.0,0.0012038489692639488,0.24880415071402226,0.10024396966716728,Low,0
1.2493243550925663,0.9422703672436388,0.1907256188083474,-0.2408311263268794,1.592802130530144,-1.10084184309248,-0.1357237411397933,0.0,1.0,0.0,0.055185358627904794,0.22595255014336285,0.12349223523408803,Low,0
-2.206344222461969,-2.5052148126460985,-0.143563302121291,-0.4214986969877743,-0.7496695414729302,0.6995332367530007,-0.5886391447123777,1.0,0.0,0.0,0.001189257045893461,0.8059837551793634,0.32310705629928144,Medium,0
0.2476812891347267,-0.0040981135103977,-1.1531158433287991,2.0476247687111173,-0.0893755131230703,-0.5007168164773008,2.170615068645596,1.0,0.0,0.0,0.01319583599730618,0.7549679491912722,0.3099046812748926,Medium,0
0.6483385155178683,0.063499635114907,-0.5045953367253005,0.4115795455041285,1.2626551163552142,-1.2008626808616387,0.410894559882242,1.0,0.0,0.0,0.0019206145739106596,0.5772910795442615,0.232068800562051,Low,0
1.199242201794663,-0.0040981135103977,-0.6984829108644909,0.662506726977593,-0.0893755131230703,-2.4011127340919405,0.6361697663804987,0.0,1.0,0.0,0.00944450656028463,0.34737745652427454,0.14461768654588059,Low,0
-0.3533045504399714,-0.4772823538874159,-0.3976228820278162,0.6022842034239615,-1.032652696480013,-0.000612627631337,0.7558382895297396,0.0,0.0,1.0,0.0013259787942259103,0.25391616089743846,0.10236205163551093,Low,0
0.347845595730505,1.5506501048712666,0.3979847497847233,-0.3713132606930814,-0.2308670906266117,1.5997207766757695,-0.2245488455260976,0.0,1.0,0.0,0.0012038489692639488,0.2604486803892787,0.10490178153726987,Low,0
-0.5536331636315563,-1.220857588765615,2.4672331703391857,-2.5092128468469994,-1.3942422834335078,-0.700758492015675,-2.3882195988099446,0.0,1.0,0.0,0.0009419322551874047,0.6785161821656766,0.2719716322193831,Medium,0
-0.503551010333653,-0.9504665942644344,0.377927414528945,-0.1404602537374936,0.2564927874411419,-0.4006959787080853,0.1244055139733236,0.0,1.0,0.0,0.001189257045893461,0.06804173063676178,0.027930246482240788,Low,0
0.2476812891347267,1.0774658644942483,-1.10631539439865,1.3048803115496623,-0.3566373817408708,1.099616587829806,1.2169129105897722,0.0,1.0,0.0,0.005994635791430159,0.2642263065114023,0.109287304079419,Low,0
0.4480099023262832,0.5366838754919253,-0.0767055179353633,-0.5118324823182214,-0.5452928184122593,-0.1006334654004957,-0.6880771443088033,0.0,0.0,1.0,0.0013978828550958537,0.20974336625552084,0.08473607621526585,Low,0
-0.9542903900146694,-1.085662091515044,-0.6316251266785632,0.6725438142365319,-0.0736542267337879,0.2994498856761957,0.6962405270127259,0.0,1.0,0.0,0.0016959057239025034,0.0830237453175397,0.034227041561357384,Low,0
-2.2564263757598724,-2.7756058071472793,0.4180420850405016,-0.2809794753626336,1.4041466938587557,0.3994707234454111,-0.0725390762490702,1.0,0.0,0.0,0.0018972898650567922,0.8471400353774907,0.3399943880700304,Medium,0
2.000556654560946,2.023834345248285,0.0703816072736776,0.5922471161650227,-0.6867843959158006,-1.000821005323265,1.057955981495534,0.0,1.0,0.0,0.0014226659236806392,0.41605187198326177,0.1672743483475131,Low,0
2.000556654560946,2.226627591124161,-0.0767055179353633,-0.3311649116573265,0.1464437827161653,-0.700758492015675,-0.4186455929298036,0.0,1.0,0.0,0.0012038489692639488,0.36976350226115184,0.14862771028601912,Low,0
1.8503101946672644,1.4154546076206955,-1.1196869512358354,1.184435264442399,-0.2780309497944588,-1.600946031938387,1.0452934277861483,0.0,1.0,0.0,0.8670852120065874,0.39681610820784213,0.6789775704870893,High,1
-1.4050297696957144,-1.085662091515044,0.9796474722022944,-1.3649848993280012,0.6023610880053543,1.1996374255989646,-1.549357441477216,0.0,1.0,0.0,0.001189257045893461,0.3346886577837031,0.13458901734101733,Low,0
-0.6537974702273347,-1.085662091515044,-0.5981962345855993,0.3212457601736814,0.382263078555401,-0.3006751409389267,0.2222569990583018,0.0,0.0,1.0,0.0015210988855598915,0.23305901026172013,0.09413626343602399,Low,0
-0.1529759372484148,0.1986951323654782,-0.2371641999815897,0.3112086729147427,-0.1050967995123527,0.5995123989838421,0.4374021625890489,0.0,1.0,0.0,0.0013033490265304283,0.028617980248232835,0.012229201515211391,Low,0
-0.5536331636315563,0.1310973837401734,2.4672331703391857,-2.730028766543647,0.5394759424482247,1.29965826336818,-2.733157169627817,0.0,1.0,0.0,0.9797096473621945,0.6664886790192964,0.8544212600250353,Critical,1
-0.7539617768231129,-1.423650834641491,-1.8083221283508903,1.4253253586569257,0.5237546560589423,-0.6007376542465164,0.8175251270556173,1.0,0.0,0.0,0.004464835448046338,0.7535901962127831,0.3041149797539411,Medium,0
1.149160048496788,0.4690861268666205,0.0904389425294559,-0.030052293889169,0.5237546560589423,-1.600946031938444,0.1282092071498392,0.0,0.0,1.0,0.005281205586125481,0.3360874130374387,0.13760368856665078,Low,0
-0.5536331636315563,0.063499635114907,2.4672331703391857,-2.208100229078842,-0.7339482550836478,1.1996374255990214,-2.1712317134553407,0.0,1.0,0.0,0.0012296655063114168,0.5770668544399994,0.2315645410797866,Low,0
0.3979277490284083,0.6042816241171917,-0.056648182679585,0.1706894512896026,0.1150012099376005,0.0994082101378215,0.3421028965007486,0.0,0.0,1.0,0.0013978828550958537,0.19586568946709026,0.07918500549989363,Low,0
-2.106179915866191,-2.437617064020832,-1.1664874001659848,0.8030259486027331,-0.1365393722909174,0.5995123989837853,0.5017988851500083,0.0,1.0,0.0,0.004298764052378189,0.5076092547342618,0.20562296032513164,Low,0
-0.0528116306526365,0.8746726186183724,-0.1769921942142548,0.0703185787002168,-1.3785209970442254,1.3996791011373957,0.1199317401335876,0.0,1.0,0.0,0.0012842961522475948,0.17733000300673854,0.07170257889404398,Low,0
-0.3533045504399714,-0.5448801025127208,1.6348537572243858,-1.5858008190246498,0.2722140738304243,-0.1006334654005525,-1.6792151323583673,0.0,1.0,0.0,0.001189257045893461,0.3181797205476684,0.12798544244660345,Low,0
1.900392347965168,1.8210410993724089,-0.1569348589584765,-0.1504973409964323,1.1368848252409551,-1.10084184309248,-0.1947401101401897,0.0,0.0,1.0,0.0013336273779407145,0.508140317547232,0.20405630344565723,Low,0
-0.8040439301210163,-1.423650834641491,1.133420375829928,-1.1843173286671065,0.1936076418840124,-0.5007168164773008,-1.1879868814534178,1.0,0.0,0.0,0.001189257045893461,0.6933690602415608,0.2780611783241604,Medium,0
-0.3533045504399714,-0.9504665942644344,-0.725226024538862,0.8933597339331802,-0.3880799545194355,-0.700758492015675,0.9400907636605476,0.0,1.0,0.0,0.0016959057239025034,0.13006438530957617,0.05304329755817198,Low,0
-1.6554405361851745,-1.558846331892062,-0.0432766258423994,-0.3211278243983885,-0.4038012409087179,0.9995957500605904,-0.3855455789921965,0.0,1.0,0.0,0.001189257045893461,0.21742701156930327,0.0876843588552574,Low,0
0.6984206688157432,0.2662928809907446,-0.3976228820278162,-0.2508682135858182,1.341261548301626,-1.000821005323265,-0.4762725299667578,0.0,1.0,0.0,0.0016885169892672074,0.13291178183242255,0.05417782292652935,Low,0
-1.4050297696957144,-0.815271097013863,-0.3040219841675174,0.7929888613437944,0.5551972288375071,1.5997207766757695,1.0973330745871326,0.0,0.0,1.0,0.0013259787942259103,0.40408825688947053,0.16243089003232378,Low,0
-0.1028937839505114,-0.5448801025127208,0.9863332506208872,-1.023723932524089,1.4827531258051674,-0.6007376542465164,-0.984558275401626,0.0,0.0,1.0,0.004427253196267863,0.4380261715760735,0.17786682054819014,Low,0
1.649981581475708,0.9422703672436388,0.8058172333188823,-0.9434272344525804,-0.906882405365754,-1.9010085452460337,-0.9336912697612776,1.0,0.0,0.0,0.004853608356625806,0.7842242759366749,0.3166018753886455,Medium,0
0.0473526759431701,0.3338906296160494,0.6453585512726558,-1.0839464560777208,-0.199424517848047,0.3994707234454111,-1.2305172953131118,0.0,1.0,0.0,0.0012296655063114168,0.14379851187271037,0.058257204052871,Low,0
0.54817420892209,1.1450636131195149,-0.8188269223991608,0.6323954652007769,0.4294269377232481,0.5995123989837853,0.5118895116079147,0.0,1.0,0.0,0.0019410271658534658,0.1292159804867779,0.052851008494223244,Low,0
1.3494886616883446,1.3478568589953903,0.0503242720178993,-0.3311649116573265,-0.5295715320229769,-0.700758492015675,-0.3499327625675121,0.0,0.0,1.0,0.001488168225392962,0.3369632674195957,0.13567820790307406,Low,0
1.2994065083904698,0.2662928809907446,-1.1464300649102064,1.726437976425083,-0.6396205367479536,-2.201071058553623,1.748030669211136,0.0,1.0,0.0,0.9659493072069255,0.5375318684501017,0.794582331704196,Critical,1
-0.6037153169294313,-0.0716958621357025,-1.333631860630804,2.168069815818381,-0.9697675509228836,1.099616587829749,2.1673040818390956,0.0,0.0,1.0,0.01556521925553593,0.6478539022702254,0.26848069246141176,Medium,0
-0.3533045504399714,-0.7476733483885967,2.1897733659675858,-1.535615382729957,-0.1050967995123527,-0.4006959787081422,-1.3897402858471573,0.0,0.0,1.0,0.001189257045893461,0.5450402950231831,0.2187296722368093,Low,0
-1.254783309802033,-1.2884553373908814,-1.3135745253750255,2.73014670231894,0.6809675199517662,0.5995123989838421,2.74068249758257,0.0,0.0,1.0,0.985450155718655,0.7692327852873126,0.898963207546118,Critical,1
-0.9542903900146694,-0.8828688456391679,1.073248370062593,-0.973538496229396,-0.9226036917550364,0.5995123989837853,-0.8630667386833292,0.0,1.0,0.0,0.001189257045893461,0.19575166025236762,0.07901421832848313,Low,0
1.3494886616883446,1.5506501048712666,2.1897733659675858,-1.4653557719173869,-1.661504152051308,-0.4006959787080853,-1.2615775048788576,0.0,1.0,0.0,0.0012038489692639488,0.5122567269582886,0.20562500016487384,Low,0
-0.9042082367167944,-1.085662091515044,-0.9525424907710162,1.3851770096211706,0.4608695105018128,0.199429047907037,1.446454954252357,0.0,1.0,0.0,0.0021150851807441675,0.18213153055885228,0.07412166333198741,Low,0
-1.304865463099936,-0.4772823538874159,0.2241545109013113,-0.4014245224698969,0.2879353602197067,1.899783289983359,-0.3637876656923345,0.0,0.0,1.0,0.001189257045893461,0.3633596064231905,0.1460573967968123,Low,0
0.2476812891347267,0.3338906296160494,0.0369527151807137,-0.3813503479520194,-1.5042912881584842,-0.000612627631337,-0.4328453905136358,0.0,1.0,0.0,0.0012296655063114168,0.10956083378595487,0.044562132818168794,Low,0
-1.0544546966104762,-1.761639577767938,-0.8522558144921246,1.284806137031785,-1.6929467248298729,-0.5007168164773008,1.3877243549465696,0.0,0.0,1.0,0.001989898849833158,0.6590817255740111,0.26482662953950437,Medium,0
-0.9042082367167944,-0.6800755997632919,-0.5981962345855993,0.4216166327630672,0.6180823743946366,0.7995540745222163,0.3642549748966229,0.0,0.0,1.0,0.0015210988855598915,0.2034468479281107,0.08229139850258023,Low,0
-1.354947616397811,-1.018064342889739,-1.206602070677541,1.7665863254608374,1.2312125435766494,1.1996374255989646,1.7505139093160114,0.0,1.0,0.0,0.048379103898869895,0.4371194068458235,0.20387522507765135,Low,0
-0.8541260834188912,-1.4912485832667572,-0.9257993770966452,1.043916042817259,-0.1050967995123527,-0.5007168164773008,1.00128489481641,0.0,0.0,1.0,0.001799156127238872,0.4214414218784854,0.16965606242773748,Low,0
1.950474501263043,2.0914320938735895,0.3712416361103522,-0.812945100086379,0.0049522052126239,-0.8007793297848336,-0.9265174650138608,0.0,1.0,0.0,0.0012038489692639488,0.39506349525584233,0.15874770748389533,Low,0
0.4980920556241866,1.483052356245962,0.6587301081098413,-0.7426854892738086,-0.6081779639693888,1.1996374255989646,-0.6789817847183268,0.0,0.0,1.0,0.0012038489692639488,0.4356570627832948,0.1749851344948763,Low,0
-1.304865463099936,-0.815271097013863,-0.4243659957021873,-0.1003119047017394,0.3193779329982714,1.3996791011373957,-0.2742136476236079,0.0,1.0,0.0,0.001189257045893461,0.11290514311407171,0.04587561147316477,Low,0
-0.0027294773547332,-0.3420868566368448,1.6749684277359425,-1.5155412082120798,-0.5924566775801064,-0.5007168164773008,-1.542055533073594,1.0,0.0,0.0,0.001189257045893461,0.7220282653363699,0.289524860362084,Medium,0
-1.2047011565041297,-0.9504665942644344,-0.0165335121680283,5.896788764643877e-05,0.2407715010518595,0.9995957500605904,0.1107871099061087,0.0,1.0,0.0,0.001189257045893461,0.05818504697593943,0.023987573017911847,Low,0
1.0990778951988849,1.0098681158689435,1.3607368420620822,-1.505504120953141,0.1307224963268829,-0.700758492015675,-1.6402913291271826,0.0,0.0,1.0,0.0012842961522475948,0.5166777845332942,0.20744169150466624,Low,0
0.8486671287094248,0.4690861268666205,1.5546244162012726,-1.415170335622694,-1.6457828656620257,-1.000821005323265,-1.41249346601445,0.0,1.0,0.0,0.0013978828550958537,0.37198918994948854,0.14963440569285294,Low,0
-0.6537974702273347,-0.1392936107609688,-0.9124278202594596,0.0301702296644619,-1.5200125745477666,1.099616587829806,-0.376184157961912,0.0,1.0,0.0,0.0017768755625647793,0.22028314845952995,0.08917938472135085,Low,0
1.4496529682841228,1.6858456021218378,0.9930190290394798,-0.9133159726757648,-0.450965100076565,-0.4006959787080853,-0.7996258664801983,0.0,0.0,1.0,0.0012038489692639488,0.4770637008176487,0.19154778970861785,Low,0
-0.6037153169294313,-0.9504665942644344,-0.0432766258423994,-0.2307940390679407,0.9796719613481312,-0.2006543031697112,-0.2503863675696824,1.0,0.0,0.0,0.001189257045893461,0.5348159989423346,0.2146399538044699,Low,0
-0.8541260834188912,-0.9504665942644344,0.117182056203827,0.0301702296644619,0.50803336966966,0.2994498856762525,0.2353826967554996,0.0,1.0,0.0,0.001189257045893461,0.039130878286059184,0.016365905541959748,Low,0
-0.4534688570357496,0.1310973837401734,-1.4272327584911029,1.4855478822105566,1.9386704310943563,1.099616587829749,1.1998258536776507,0.0,1.0,0.0,0.9541819481088708,0.46699901562355606,0.7593087751147449,Critical,1
1.4496529682841228,0.8070748699930677,-1.3403176390493967,1.3751399223622327,1.4513105530266026,-1.7009668697076024,1.1258607734110009,0.0,0.0,1.0,0.8260401895016486,0.6670463809611732,0.7624426660854584,Critical,1
-2.056097762568316,-2.3024215667702226,0.9863332506208872,-1.3348736375511852,-0.8597185461979069,0.6995332367530576,-1.497150274510427,0.0,1.0,0.0,0.001189257045893461,0.6161493808681663,0.2471733065748026,Low,0
0.6483385155178683,0.5366838754919253,1.2604501657831906,-1.0538351943009048,-0.7182269686943654,-0.5007168164773008,-0.9149782818281088,0.0,1.0,0.0,0.0013978828550958537,0.16852860200822978,0.06825017051634942,Low,0
0.347845595730505,0.4014883782413541,-0.3775655467720379,-0.3010536498805111,-1.1741442739835544,-0.1006334654004957,-0.5378115555816307,0.0,0.0,1.0,0.0012296655063114168,0.26804823283853463,0.10795709243920071,Low,0
-1.4050297696957144,-1.018064342889739,0.4915856476450221,0.0703185787002168,0.7910165246767428,1.29965826336818,0.5209947253257932,0.0,0.0,1.0,0.001189257045893461,0.3707400115878999,0.14900955886269604,Low,0
-0.7038796235252095,-0.2068913593862736,-0.6784255756087126,0.582210028906084,0.0835586371590358,1.099616587829749,0.5372934520458885,0.0,1.0,0.0,0.0016959057239025034,0.048342943719519936,0.020354720922149478,Low,0
0.8486671287094248,0.8070748699930677,0.725587892295769,-1.003649758006212,0.8381803838445899,-0.5007168164773008,-1.066781114429729,1.0,0.0,0.0,0.0012842961522475948,0.6220925171139139,0.24960758453691412,Low,0
-1.1546190032062544,-1.8968350750185092,0.9194754664349594,-0.7326484020148699,-1.2055868467621191,-0.5007168164773008,-0.5372597244472129,0.0,1.0,0.0,0.001189257045893461,0.3249944222780325,0.13071132313874909,Low,0
-1.8557691493767308,-1.829237326393204,-0.8856847065850885,1.2747690497728468,-1.2055868467621191,0.9995957500605904,1.3479333885041602,0.0,1.0,0.0,0.002018166388747839,0.48129107970424345,0.1937273317149461,Low,0
1.149160048496788,1.0774658644942483,0.9194754664349594,-0.682462965720177,-0.8754398325871893,-0.700758492015675,-0.455076301928712,0.0,0.0,1.0,0.0012842961522475948,0.3786585141769349,0.15223398336212254,Low,0
-1.2047011565041297,-1.085662091515044,0.5383860965751716,-0.903278885416826,-0.9383249781443188,0.7995540745221594,-0.9908057921734162,0.0,0.0,1.0,0.001189257045893461,0.4005777907058802,0.16094467050988817,Low,0
2.0506388078588493,2.226627591124161,1.0598768132254075,-0.7527225765327473,0.4137056513339657,-0.8007793297848904,-0.5028786739475669,1.0,0.0,0.0,0.0012038489692639488,0.8475060573335818,0.3397247323149911,Medium,0
0.3979277490284083,0.4014883782413541,0.8860465743419955,-0.9434272344525804,0.4923120832803776,-0.2006543031697112,-0.8975069139473768,0.0,1.0,0.0,0.0012296655063114168,0.10945386927160765,0.04451934701242991,Low,0
0.1475169825389484,1.2802591103700858,-0.9391709339338306,0.903396821192119,1.3569828346909083,1.5997207766757129,0.7995906151870712,1.0,0.0,0.0,0.005305376241195574,0.7628136175825201,0.3083086727777254,Medium,0
1.5498172748799297,0.9422703672436388,2.0092573486655807,-1.6761346043550969,0.8381803838445899,-1.7009668697076592,-1.7080581632590448,0.0,0.0,1.0,0.004853608356625806,0.7467080650646372,0.3015953910398304,Medium,0
-1.2047011565041297,-0.3420868566368448,2.4672331703391857,-1.9571730476053777,1.76573628081225,1.8997832899833025,-1.869843226917169,0.0,1.0,0.0,0.07440378651864622,0.7567655456476059,0.3473484901702301,Medium,0
0.5982563622199649,0.4014883782413541,-0.9725998260267944,0.9234709957099964,-0.0422116539552232,-0.6007376542464594,0.8027439359551676,0.0,1.0,0.0,0.0020628168681695674,0.06726276441891138,0.028142795888466292,Low,0
-0.3533045504399714,-0.7476733483885967,0.6186154375982847,-0.8932417981578874,0.6966888063410486,-0.4006959787081422,-0.9381551894736144,0.0,1.0,0.0,0.001189257045893461,0.11332619598319897,0.04604403262081567,Low,0
-0.7539617768231129,-0.3420868566368448,-0.3374508762604813,-0.1906456900321865,0.8224590974553075,0.9995957500605904,-0.3555101986760821,0.0,1.0,0.0,0.001189257045893461,0.06006049508331741,0.024737752260863038,Low,0
-0.7539617768231129,-0.9504665942644344,-0.9792856044453871,1.4453995331748024,-1.0012101237014484,0.0994082101378783,1.507077546019002,0.0,0.0,1.0,0.002212876820290076,0.42867405914502216,0.17279734975018293,Low,0
-0.6037153169294313,-0.815271097013863,-0.5714531209112282,0.993730606522566,-1.6300615792727433,-0.000612627631337,1.1933122754660532,1.0,0.0,0.0,0.0016959057239025034,0.6676848219621456,0.26809147221919977,Medium,0
-1.304865463099936,-0.4096846052621496,0.057010050436492,0.2208748875842955,0.4137056513339657,1.9998041277525176,0.487786315986782,0.0,0.0,1.0,0.001189257045893461,0.3964803098000487,0.15930567814755558,Low,0
0.9488314353052032,0.5366838754919253,0.1773540619711619,-0.4716841332824673,-0.6710631095265183,-1.1008418430924232,-0.4960202012769587,0.0,0.0,1.0,0.0013978828550958537,0.24924046765955568,0.10053491677687978,Low,0
0.6483385155178683,0.7394771213678013,-1.5208336563514016,0.9234709957099964,1.6399659896979912,-0.2006543031697112,0.4051890201174686,0.0,1.0,0.0,0.23118951757132108,0.28916914703396335,0.254381369356378,Medium,0
0.54817420892209,0.5366838754919253,-0.404308660446409,0.9335080829689344,0.1307224963268829,-0.3006751409389267,1.22932911111415,0.0,1.0,0.0,0.0016519099428965647,0.1174830563487681,0.047984368505245185,Low,0
0.1975991358368233,-0.3420868566368448,2.3903467185253686,-1.8166538259802376,1.7814575672015325,-0.9008001675540492,-1.837649792700389,0.0,0.0,1.0,0.07855836648583127,0.7350520388777715,0.34115583544260736,Medium,0
0.54817420892209,1.5506501048712666,1.0130763642952585,-1.0337610197830278,-0.3880799545194355,1.1996374255989646,-0.9893867978277736,0.0,1.0,0.0,0.0012038489692639488,0.31632391168112967,0.12725187405401026,Low,0
1.2994065083904698,1.0774658644942483,-0.5179668935624862,-0.3010536498805111,0.4294269377232481,-1.000821005323265,-0.6143781254819602,0.0,1.0,0.0,0.0016426134167653636,0.17317259752659314,0.07025460706069647,Low,0
-0.8040439301210163,-1.018064342889739,1.9825142349912095,-1.5757637317657112,0.7124100927303308,0.0994082101378783,-1.537207302392646,1.0,0.0,0.0,0.001189257045893461,0.7899054649949336,0.31667574022550954,Medium,0
-1.4551119229935894,-1.018064342889739,-0.7051686892830836,5.896788764643877e-05,-1.1427017012049896,1.3996791011373386,-0.2952029389862474,0.0,1.0,0.0,0.0015210988855598915,0.2509017683534586,0.1012733666727194,Low,0
0.9989135886031064,0.4014883782413541,0.2174687324827185,0.1004298404770322,1.199769970798085,-1.4009043564000128,0.4027649047769941,0.0,0.0,1.0,0.002885377336096457,0.3683939950075216,0.14908882440466653,Low,0
1.0990778951988849,0.5366838754919253,-1.273459854863469,0.7829517740848557,-0.8439972598086245,-1.4009043564000128,0.3997101252829008,0.0,1.0,0.0,0.4687935642145166,0.22625886695384312,0.37177968531024724,Medium,0
0.3979277490284083,1.618247853496533,-0.4377375525393728,1.917142634344916,-0.2623096634051765,1.5997207766757129,2.6197957579334674,0.0,1.0,0.0,0.9599275891754507,0.6003139403038156,0.8160821296267966,Critical,1
-2.106179915866191,-2.437617064020832,-1.2801456332820618,1.3249544860675395,-0.6396205367479536,0.5995123989837853,1.1075123881916429,0.0,1.0,0.0,0.004669214488110828,0.5782511189326864,0.23410197626594106,Low,0
0.8486671287094248,0.6718793727424964,-0.170306415795662,0.4015424582451898,1.2469338299659318,-0.700758492015675,0.6133476073214033,0.0,0.0,1.0,0.0015684452063875706,0.27546124178329323,0.11112556383714985,Low,0
0.347845595730505,0.6042816241171917,-0.2973362057489247,-0.1103489919606781,-0.0264903675659408,0.199429047907037,-0.2158377969042315,0.0,0.0,1.0,0.0013978828550958537,0.2128052993968717,0.0859608494718062,Low,0
0.9488314353052032,-0.27448910801154,-0.5647673424926355,0.3212457601736814,1.844342712758662,-2.301091896322725,0.2435419142429496,0.0,1.0,0.0,0.33175743568408256,0.4634917444066469,0.3844511591731083,Medium,0
1.199242201794663,1.0774658644942483,0.0904389425294559,-0.0902748174428006,-0.5924566775801064,-0.8007793297848336,0.0369205709134608,1.0,0.0,0.0,0.0012842961522475948,0.5730998372328951,0.23001051258450664,Low,0
-0.8040439301210163,-0.4772823538874159,-1.1731731785845776,1.0639902173351363,-1.5671764337156138,0.8995749122914317,0.8442298123104303,0.0,0.0,1.0,0.004298764052378189,0.4171221411928087,0.16942811490855042,Low,0
0.2476812891347267,1.0098681158689435,-0.2705930920745536,-0.160534428255371,-0.6396205367479536,0.9995957500605904,-0.2739180238015996,0.0,1.0,0.0,0.0012842961522475948,0.12821662143518764,0.05205722626542361,Low,0
1.0990778951988849,0.8746726186183724,-0.1368775237026982,-0.3412019989162652,-0.2623096634051765,-0.9008001675540492,-0.4660735081074472,0.0,0.0,1.0,0.0012842961522475948,0.2701594288736616,0.10883434924081321,Low,0
1.4496529682841228,1.6858456021218378,2.4672331703391857,-1.605874993542527,-1.4256848562120723,-0.4006959787080853,-1.361813688794708,0.0,0.0,1.0,0.0012038489692639488,0.7371598887208999,0.29558626486991835,Medium,0
0.1975991358368233,-0.27448910801154,-1.1664874001659848,0.5922471161650227,-0.6867843959158006,-0.8007793297848336,0.2211927532990692,0.0,1.0,0.0,0.004298764052378189,0.11154610610113731,0.04719770087188185,Low,0
0.0473526759431701,-0.3420868566368448,0.1773540619711619,0.060281491441278,-0.7653908278622126,-0.6007376542465164,0.3171522459231897,0.0,1.0,0.0,0.001189257045893461,0.06034671337513842,0.02485223957759144,Low,0
-0.4534688570357496,-1.220857588765615,-0.6383109050971559,0.5219875053524531,-0.985488837312166,-0.900800167554106,0.4795285572253315,0.0,0.0,1.0,0.0016959057239025034,0.34814108506140323,0.1402739774589028,Low,0
-0.6537974702273347,-0.2068913593862736,0.611929659179692,-0.541943744095037,-1.5671764337156138,0.9995957500605904,-0.3818010105800817,0.0,0.0,1.0,0.001189257045893461,0.3493905194617168,0.1404697620122228,Low,0
-0.8040439301210163,-1.356053086016186,-0.1034486316097343,0.2810974111379265,0.2722140738304243,-0.4006959787080853,0.4775577317452702,0.0,1.0,0.0,0.001189257045893461,0.10482667989558295,0.04264422618576926,Low,0
-0.0528116306526365,-0.5448801025127208,0.057010050436492,0.3212457601736814,0.382263078555401,-0.700758492015675,0.6394413366773976,0.0,0.0,1.0,0.001189257045893461,0.22795896687147213,0.09189714097612493,Low,0
0.6984206688157432,0.4690861268666205,-0.2906504273303319,0.4617649817988214,-0.3094735225730236,-0.700758492015675,0.6232214429765033,0.0,1.0,0.0,0.001583443086644866,0.04005847463676375,0.01697345570669242,Low,0
0.4480099023262832,1.3478568589953903,-0.8923704850036812,0.2710603238789885,1.6399659896979912,1.099616587829806,-0.0338813344576935,1.0,0.0,0.0,0.12796433609387683,0.6980152445874724,0.3559846994913151,Medium,0
-0.1028937839505114,-0.2068913593862736,2.4672331703391857,-1.826690913239176,0.5237546560589423,-0.1006334654005525,-1.8089939902203167,0.0,0.0,1.0,0.001189257045893461,0.6239695663594225,0.25030138077130504,Medium,0
1.199242201794663,0.8070748699930677,-0.4310517741207801,0.391505370986251,0.6966888063410486,-1.2008626808616387,0.4298046303634178,0.0,1.0,0.0,0.0013612487663756685,0.11499539272254793,0.046814906348844575,Low,0
1.4997351215820265,1.8210410993724089,0.1372393914596053,0.1807265385485406,0.052116064380471,-0.3006751409389267,0.4765526107504401,0.0,1.0,0.0,0.0012759874977108705,0.2503900336962207,0.10092160597711482,Low,0
0.1475169825389484,-0.0716958621357025,-0.2438499784001825,-0.1504973409964323,-1.1741442739835544,-0.4006959787081422,-0.2440600177786901,0.0,0.0,1.0,0.0013095503215329047,0.2366518217335223,0.09544645888632868,Low,0
-0.8541260834188912,-0.9504665942644344,-0.6583682403529343,0.953582257486812,-0.2623096634051765,0.2994498856762525,1.0729441092713907,1.0,0.0,0.0,0.0016959057239025034,0.5750515091143026,0.23103814708006254,Low,0
-1.254783309802033,-0.4096846052621496,0.9863332506208872,-0.5620179186129144,0.633803660783919,1.8997832899833025,-0.223937889627278,0.0,0.0,1.0,0.001189257045893461,0.44391042309607454,0.1782777234659659,Low,0
-1.104536849908351,-0.7476733483885967,2.2766884854092915,-1.4452815973995097,1.4513105530266026,1.099616587829749,-1.1921650314711445,0.0,1.0,0.0,0.0018972898650567922,0.45070388906641806,0.1814199295456013,Low,1
1.399570814986248,0.5366838754919253,-0.8589415929107174,1.0539531300761975,-1.2213081331514015,-2.001029383015192,1.0647651835291414,0.0,1.0,0.0,0.010724441406065549,0.373271622984762,0.15574331403754416,Low,0
-1.254783309802033,-1.085662091515044,-0.6048820130041921,-0.4114616097288356,-1.4885700017692018,0.8995749122913749,-0.8178658562981537,0.0,1.0,0.0,0.0015210988855598915,0.2506751679573838,0.10118272651428947,Low,0
-1.805686996078856,-1.9644328236437756,0.7189021138771763,-0.7527225765327473,0.6023610880053543,0.6995332367530576,-0.6662108356075381,1.0,0.0,0.0,0.001189257045893461,0.7426258251105785,0.2977638842717675,Medium,0
-0.6037153169294313,0.063499635114907,0.291012295087239,-0.3813503479520194,1.1526061116302375,1.29965826336818,-0.2972920139951103,0.0,1.0,0.0,0.0013622232167508303,0.09853915086389922,0.04023299427561019,Low,0
0.347845595730505,1.5506501048712666,0.117182056203827,-0.2107198645500639,-0.781112114251495,1.5997207766757695,-0.1307178444204414,0.0,1.0,0.0,0.0012038489692639488,0.26777453947205776,0.10783212517038149,Low,0
1.149160048496788,0.6042816241171917,-1.1397442864916136,0.4015424582451898,-0.6396205367479536,-1.4009043564000696,-0.0153457208177297,0.0,0.0,1.0,0.4077328349175283,0.39324819063391514,0.40193897720408306,Medium,1
0.6483385155178683,0.4014883782413541,0.1706682835525691,-0.1003119047017394,-0.5610141048015417,-0.700758492015675,0.0678231144408009,0.0,1.0,0.0,0.0012296655063114168,0.017685722397425337,0.007812088262756985,Low,0
-0.8040439301210163,-0.4772823538874159,-0.230478421562997,0.5621358543882072,0.3350992193875538,0.8995749122914317,0.810193656269795,0.0,0.0,1.0,0.0013259787942259103,0.21262483717525274,0.08584552214663664,Low,0
-1.1546190032062544,-1.8968350750185092,-0.6784255756087126,0.4115795455041285,-1.284193278708531,-0.5007168164773008,0.2979071351104033,1.0,0.0,0.0,0.0015210988855598915,0.696969540233785,0.27970047542484994,Medium,0
-1.0043725433125728,-1.558846331892062,-0.9592282691896088,1.0840643918530133,1.5141956985837322,-0.3006751409389267,1.0311231925845166,0.0,1.0,0.0,0.04142979280105101,0.30509886949221865,0.14689742347751808,Low,0
1.900392347965168,1.7534433507471423,1.7551977687590556,-1.1943544159260449,0.9796719613481312,-1.2008626808616387,-0.9472209866818896,0.0,1.0,0.0,0.0012038489692639488,0.459041589610021,0.1843389452255668,Low,0
1.0990778951988849,1.0098681158689435,0.2442118461570896,-0.6925000529791157,0.9482293885695664,-0.700758492015675,-0.8009463195518378,0.0,1.0,0.0,0.0012842961522475948,0.15216550872876597,0.06163678118285495,Low,0
-0.6537974702273347,-0.2068913593862736,0.1104962777852342,-0.2609053008447569,-1.6929467248298729,0.9995957500605904,-0.2106742341464749,0.0,1.0,0.0,0.001189257045893461,0.19349641430762138,0.07811211995058463,Low,0
-1.304865463099936,-1.018064342889739,-0.3909371036092235,0.2008007130664181,0.6652462335624838,1.099616587829806,0.1801601668042195,0.0,0.0,1.0,0.001189257045893461,0.26615199676371154,0.1071743529330207,Low,0
-0.1529759372484148,0.2662928809907446,0.5584434318309498,-0.3813503479520194,0.0049522052126239,0.6995332367530007,-0.1546042492387678,0.0,1.0,0.0,0.0012296655063114168,0.049682371656299656,0.020610747966306714,Low,0
0.097434829241045,0.2662928809907446,-0.1970495294700331,0.2911344983968652,1.6399659896979912,0.199429047907037,0.433302845590524,1.0,0.0,0.0,0.05069853725480088,0.5679945531195423,0.2576169436006974,Medium,0
0.7985849754115499,0.4014883782413541,0.6052438807610993,-0.6322775294254841,0.4608695105018128,-1.000821005323265,-0.5289724033035612,0.0,1.0,0.0,0.0012296655063114168,0.06646389865253874,0.02732335876480235,Low,0
-0.5536331636315563,-0.0040981135103977,-0.4979095583067078,0.3814682837273123,-1.4571274289906373,1.099616587829806,0.3721974015812638,0.0,0.0,1.0,0.0013033490265304283,0.2970612991456372,0.11960652907417316,Low,0
0.1975991358368233,-0.0040981135103977,0.3378127440173884,-0.973538496229396,-1.032652696480013,-0.4006959787080853,-1.1915048049353243,0.0,1.0,0.0,0.0012296655063114168,0.1581897990142843,0.06401371890950057,Low,0
-0.1529759372484148,0.4690861268666205,-0.2171068647258114,-0.2207569518090026,0.6023610880053543,0.9995957500605904,-0.3322150415017741,0.0,0.0,1.0,0.0013978828550958537,0.23929396180253432,0.09655631443407124,Low,0
-0.1529759372484148,-0.5448801025127208,0.5718149886681354,-0.8430563618631944,1.0582783932945432,-0.5007168164773008,-0.8799862754296432,0.0,1.0,0.0,0.001189257045893461,0.12462575208060545,0.05056385505977826,Low,0
-0.9042082367167944,-1.356053086016186,0.030266936762121,-0.2006827772911252,1.1211635388516727,-0.2006543031697112,-0.1641430445622581,0.0,1.0,0.0,0.001317464477868507,0.11751150955882314,0.04779508251025036,Low,0
-0.1529759372484148,-0.4772823538874159,-0.8789989281664957,0.1907636258074793,1.7814575672015325,-0.4006959787080853,-0.1357533035219945,0.0,0.0,1.0,0.0926618934378827,0.3437537014946553,0.19309861666059175,Low,1
0.347845595730505,1.2126613617448194,-0.8255127008177535,0.2409490621021723,1.8286214263693796,1.099616587829806,-0.03339848221508,0.0,0.0,1.0,0.0615938698997818,0.49643295304092316,0.23552950315623836,Low,0
0.8486671287094248,-0.0716958621357025,-0.0432766258423994,0.662506726977593,-0.0579329403445056,-1.800987707476818,1.0861880564973945,0.0,1.0,0.0,0.006030758523045741,0.2750319846721306,0.11363124898267968,Low,0
0.1975991358368233,0.8746726186183724,2.4672331703391857,-1.9772472221232544,-1.284193278708531,0.8995749122914317,-1.8592697482166465,1.0,0.0,0.0,0.0012842961522475948,0.902270070705605,0.36167860597359064,Medium,0
-0.3533045504399714,-0.815271097013863,0.7055305570399908,-1.0136868452651506,1.467031839415885,-0.5007168164773008,-1.0917711815168902,0.0,1.0,0.0,0.0028984351190167136,0.21361050160322237,0.08718326171269898,Low,0
-1.354947616397811,-1.356053086016186,0.4514709771334655,-1.0638722815598436,0.633803660783919,0.6995332367530007,-1.282468254967493,0.0,0.0,1.0,0.001189257045893461,0.45690375349891144,0.18347505562710067,Low,0
-0.7038796235252095,-0.2068913593862736,0.9462185801093304,-1.2545769394796764,-0.8439972598086245,1.099616587829749,-1.3811277784992952,1.0,0.0,0.0,0.001189257045893461,0.6750010460975391,0.27071397266655167,Medium,0
-0.8040439301210163,-0.4096846052621496,-0.9725998260267944,0.3212457601736814,0.17788635549473,0.9995957500605904,-0.0161340510097534,0.0,1.0,0.0,0.0016883741341866944,0.06456404230318592,0.02683864140178639,Low,0
-0.0528116306526365,-0.4772823538874159,-0.3842513251906307,0.0402073169234006,-0.7653908278622126,-0.6007376542464594,-0.0479431742579221,0.0,1.0,0.0,0.001189257045893461,0.044809198925399904,0.018637233797696037,Low,0
0.2977634424326301,-0.1392936107609688,1.0933057053183717,-0.8932417981578874,1.2469338299659318,-0.8007793297848904,-0.7205662023475917,0.0,0.0,1.0,0.0015088896019024892,0.35838236901472176,0.1442582813670302,Low,0
0.5982563622199649,0.5366838754919253,-1.9888381456528952,2.4691824335865373,-0.985488837312166,-0.4006959787080853,1.936934291474884,0.0,1.0,0.0,0.0369451215707387,0.5960953373403194,0.260605207878571,Medium,0
0.0473526759431701,-0.4772823538874159,-0.4109944388650018,0.391505370986251,-1.3785209970442254,-0.8007793297848904,0.4427825161496127,0.0,0.0,1.0,0.001189257045893461,0.29257875998457467,0.11774505822136595,Low,0
-0.4033867037378747,-0.6124778511379871,0.3177554087616101,-0.1906456900321865,0.0206734916019062,-0.1006334654004957,0.012423210196315,0.0,1.0,0.0,0.001189257045893461,0.028461027091922306,0.012097965064305,Low,0
-0.2030580905462897,-0.6800755997632919,0.057010050436492,-0.3913874352109582,-0.4981289592444121,-0.6007376542465164,-0.4373093102259717,0.0,0.0,1.0,0.001189257045893461,0.22604489374497955,0.0911315117255279,Low,0
0.1475169825389484,-0.0716958621357025,-0.5580815640740427,0.6524696397186543,-1.2527507059299663,-0.4006959787081422,0.7183433347715986,0.0,0.0,1.0,0.0019791695845013287,0.26480773157951626,0.10711059438250731,Low,0
-0.4033867037378747,-0.9504665942644344,-1.7615216794207411,2.73014670231894,-0.4981289592444121,-0.6007376542464594,2.6028368046775507,0.0,1.0,0.0,0.9838881994947447,0.63609943394181,0.8447726932735709,Critical,1
1.199242201794663,0.9422703672436388,-0.3708797683534451,0.0402073169234006,0.2879353602197067,-1.000821005323265,-0.03998103931848,0.0,1.0,0.0,0.0012842961522475948,0.08554272351211727,0.03498766709619546,Low,0
0.54817420892209,1.5506501048712666,0.377927414528945,-0.5519808313539757,0.1150012099376005,1.1996374255989646,-0.5167729935819898,0.0,1.0,0.0,0.0012038489692639488,0.2175911970756082,0.08775878821180166,Low,0
-1.304865463099936,-0.8828688456391679,1.7886266608520194,-1.7062458661319129,0.4294269377232481,1.29965826336818,-1.8369797120371687,0.0,0.0,1.0,0.001189257045893461,0.6638791670768351,0.2662652210582701,Medium,0
-0.9042082367167944,-1.4912485832667572,-0.1034486316097343,0.6725438142365319,-0.5295715320229769,-0.4006959787080853,1.05978884919199,0.0,1.0,0.0,0.0013259787942259103,0.20033183104238073,0.08092831969348784,Low,0
1.199242201794663,0.9422703672436388,2.0092573486655807,-1.3147994630333082,0.2093289282732948,-1.000821005323265,-1.0585135015408775,0.0,1.0,0.0,0.0012842961522475948,0.3402955492357909,0.13688879738566492,Low,0
-0.6537974702273347,-1.085662091515044,-1.0528291670499077,0.6926179887544086,-0.7496695414729302,-0.3006751409389267,0.433381678609726,0.0,1.0,0.0,0.0045108294871879975,0.12340044627936834,0.05206667620406014,Low,0
-1.2047011565041297,-0.3420868566368448,1.1935923815972629,-0.7828338383095628,-0.6710631095265183,1.8997832899833025,-0.4893489570269549,0.0,0.0,1.0,0.001189257045893461,0.5020044791954789,0.20151534590572764,Low,0
-1.2047011565041297,-0.27448910801154,-0.6851113540273054,0.662506726977593,-1.4885700017692018,1.9998041277525176,0.6453538131175773,1.0,0.0,0.0,0.0016959057239025034,0.7443361332551859,0.2987519967364159,Medium,0
-0.7038796235252095,-0.6124778511379871,-0.7185402461202692,0.4316537200220052,-1.237029419540684,0.4994915612146266,0.2998779605904629,1.0,0.0,0.0,0.0016256183398726926,0.5370645111326856,0.21580117545699787,Low,0
1.8503101946672644,1.6858456021218378,-0.3307650978418885,-0.6724258784612389,1.16832739801952,-1.2008626808616387,-1.0522659847690874,0.0,1.0,0.0,0.0013336273779407145,0.40594351036252574,0.16317758057177473,Low,0
-0.6537974702273347,-0.0716958621357025,0.4180420850405016,0.250986149361111,0.6023610880053543,1.1996374255989646,0.759435046030849,0.0,1.0,0.0,0.001388014015049607,0.09856949805546722,0.04026060763121666,Low,0
0.1975991358368233,0.5366838754919253,-0.9391709339338306,1.2546948752549694,0.5709185152267895,0.399470723445468,1.2789939132116612,0.0,1.0,0.0,0.002434700965262824,0.15996722065043903,0.0654477088393333,Low,0
-1.1546190032062544,-1.085662091515044,-0.2906504273303319,0.1405781895127864,-0.3723586681301531,0.6995332367530007,0.154322644760633,0.0,1.0,0.0,0.001189257045893461,0.059893659029104165,0.02467101783917774,Low,0
0.347845595730505,1.1450636131195149,-0.7920838087247897,0.9134339084510577,1.7500149944229677,0.9995957500605904,0.9197321364515272,0.0,0.0,1.0,0.1033639995174305,0.4927305371998948,0.25911061459041623,Medium,0
0.54817420892209,0.4690861268666205,0.6052438807610993,-0.903278885416826,0.0049522052126239,-0.4006959787081422,-0.9602579972324872,0.0,0.0,1.0,0.0013978828550958537,0.2692482830593346,0.10853804293679137,Low,0
-0.6037153169294313,-1.220857588765615,-0.5380242288182644,0.4718020690577602,-1.4728487153799197,-0.6007376542465164,0.4748971173471908,1.0,0.0,0.0,0.0016256183398726926,0.6257483519900489,0.2512747117999432,Medium,0
-1.254783309802033,-1.1532598401403102,-0.6383109050971559,0.0301702296644619,1.4041466938587557,0.7995540745222163,-0.2133644109267572,0.0,1.0,0.0,0.0024262162491381326,0.17597604180985715,0.07184614647342574,Low,0
-0.503551010333653,0.2662928809907446,0.9796474722022944,-0.9233530599347032,-0.5452928184122593,1.3996791011373386,-0.8222410888638866,1.0,0.0,0.0,0.0012296655063114168,0.6382256329454536,0.25602805248196836,Medium,0
-0.2030580905462897,-0.6124778511379871,-1.079572280724279,1.1442869154066448,0.8853442430124371,-0.5007168164773008,1.0219588541022382,0.0,1.0,0.0,0.0045108294871879975,0.13944087388457665,0.058482847246143464,Low,0
0.347845595730505,0.1310973837401734,0.2575834029942752,-0.7226113147559319,-1.2055868467621191,-0.5007168164773008,-0.8408062648860517,0.0,1.0,0.0,0.0012296655063114168,0.10116107921915714,0.041202230991449706,Low,0
0.3979277490284083,0.9422703672436388,2.149658695456029,-1.7865425642034216,-0.8597185461979069,0.5995123989837853,-1.860590201288287,0.0,0.0,1.0,0.0012842961522475948,0.6545609033773471,0.2625949390422874,Medium,0
-0.2531402438441931,-0.4772823538874159,0.9662759153651088,-1.0839464560777208,0.382263078555401,-0.2006543031697112,-1.0924018456705085,0.0,0.0,1.0,0.001189257045893461,0.3514146272935211,0.14127940514494453,Low,0
0.1475169825389484,0.7394771213678013,-0.9525424907710162,0.9435451702278732,0.3193779329982714,0.7995540745222163,0.8446436856612419,0.0,1.0,0.0,0.0020591703097171156,0.13024848685476115,0.05333489692773473,Low,0
0.3979277490284083,0.9422703672436388,-0.257221535237368,0.060281491441278,-1.3785209970442254,0.5995123989837853,0.0571018238292755,0.0,1.0,0.0,0.0012842961522475948,0.1524765947282876,0.06176121558266359,Low,0
-1.354947616397811,-1.423650834641491,0.6520443296912486,-0.9835755834883348,-0.4352438136872826,0.5995123989837853,-1.067214696035342,0.0,1.0,0.0,0.001189257045893461,0.23000625284701023,0.09271605536634017,Low,0
1.149160048496788,0.6718793727424964,-0.6851113540273054,0.7929888613437944,1.0425571069052608,-1.3008835186308545,0.8282858341767441,0.0,1.0,0.0,0.0019410271658534658,0.19221811414571494,0.07805186195779805,Low,0
-0.1529759372484148,-0.5448801025127208,0.5183287613193932,-0.5620179186129144,-0.6238992503586712,-0.5007168164773008,-0.4612252774265001,0.0,0.0,1.0,0.001189257045893461,0.24359446168464197,0.09815133890139287,Low,0
1.7501458880714862,1.0774658644942483,-0.6851113540273054,0.6223583779418389,0.4923120832803776,-1.9010085452459768,0.5890670374070647,0.0,1.0,0.0,0.009860496785992146,0.345018973128563,0.1439238873230205,Low,0
-0.5536331636315563,-0.9504665942644344,-0.8723131497479029,0.953582257486812,-0.450965100076565,-0.3006751409388699,0.9168547312506398,0.0,1.0,0.0,0.001799156127238872,0.10557485616880592,0.0433094361438657,Low,0
-1.354947616397811,-1.356053086016186,-0.9792856044453871,0.9134339084510577,1.545638271362297,0.6995332367530007,0.7842575929522053,1.0,0.0,0.0,0.07497020487924692,0.6910366775263678,0.3213967939380953,Medium,0
-0.8040439301210163,-0.3420868566368448,-0.0700197395167705,-0.1906456900321865,-0.0264903675659408,1.099616587829806,-0.2053332970955116,0.0,1.0,0.0,0.001189257045893461,0.03570689359166387,0.014996311664201624,Low,0
1.3494886616883446,1.618247853496533,-0.725226024538862,0.4517278945398827,-0.9226036917550364,-0.3006751409389267,0.3235377204785836,0.0,0.0,1.0,0.001645555499818515,0.4076976197452872,0.164066381198006,Low,0
-0.6037153169294313,0.3338906296160494,-0.9792856044453871,1.284806137031785,1.4513105530266026,1.6997416144449282,1.2888677488667617,0.0,1.0,0.0,0.01044113964808129,0.3563757852845671,0.14881499790267563,Low,0
-1.1546190032062544,-0.4772823538874159,0.1907256188083474,-0.3110907371394498,0.5866398016160719,1.5997207766757695,-0.2432618334592663,0.0,1.0,0.0,0.001189257045893461,0.13686214314592884,0.05545841148590762,Low,0
-1.705522689483049,-1.6940418291426331,0.2375260677384968,-0.5017953950592827,1.467031839415885,0.8995749122913749,-0.5110083290528147,0.0,0.0,1.0,0.002495422634597929,0.5140227584955389,0.20710635697897434,Low,0
0.0473526759431701,0.3338906296160494,-0.2037353078886259,-0.020015206630231,-0.0107690811766584,0.3994707234454111,-0.0291414991781504,0.0,1.0,0.0,0.0012296655063114168,0.026448568956014065,0.011317226886192477,Low,0
-0.0027294773547332,-0.27448910801154,0.377927414528945,-0.7426854892738086,0.6966888063410486,-0.4006959787080853,-0.8139044970832325,0.0,0.0,1.0,0.001189257045893461,0.2614465523612051,0.10529217517201814,Low,0
0.4480099023262832,-0.0040981135103977,0.464842533970651,-0.4014245224698969,1.5141956985837322,-0.9008001675540492,-0.2360781745844478,0.0,0.0,1.0,0.011429091650443736,0.3210918488115277,0.13529419451487731,Low,0
-0.4033867037378747,0.1986951323654782,0.1372393914596053,0.4818391563166981,-1.40996356982279,1.099616587829806,0.9350651586863932,0.0,0.0,1.0,0.0013929270811739174,0.37238890980359163,0.14979132017014102,Low,0
0.9989135886031064,0.4014883782413541,0.6186154375982847,-0.5720550058718531,-1.5514551473263314,-1.4009043564000128,-0.4263712288116398,0.0,0.0,1.0,0.0027224992576646303,0.3880919835115155,0.156870292959205,Low,0
1.2493243550925663,1.2802591103700858,-1.273459854863469,1.9472538961217316,-0.7496695414729302,-0.6007376542465164,1.931435688385518,0.0,0.0,1.0,0.012248742461954955,0.6700776583231239,0.27538030880642256,Medium,0
2.1007209611567244,2.294225339749427,-1.3470034174679897,1.455436620433741,-0.5138502456336945,-0.8007793297848904,1.2253381895170286,0.0,0.0,1.0,0.005356830599358091,0.7070849961342934,0.2860480968133322,Medium,0
-1.304865463099936,-0.8828688456391679,1.30725061471334,-1.3248365502922466,0.7910165246767428,1.29965826336818,-1.353851553855265,1.0,0.0,0.0,0.001189257045893461,0.7610674509637123,0.305140534613021,Medium,0
0.4480099023262832,0.5366838754919253,1.18690660317867,-1.0939835433366591,-1.4728487153799197,-0.1006334654004957,-1.014278323640931,0.0,1.0,0.0,0.0013978828550958537,0.2280023957855592,0.0920396880272812,Low,0
-1.254783309802033,-0.6800755997632919,-1.4071754232353244,1.4755107949516186,1.1211635388516727,1.4996999389065542,1.2030185909553492,0.0,1.0,0.0,0.0051706353895339605,0.3824570942647149,0.15608521893960633,Low,0
-0.5536331636315563,0.1310973837401734,0.2107829540641257,0.250986149361111,1.1211635388516727,1.29965826336818,0.6296069175318981,0.0,1.0,0.0,0.0014438383239709835,0.12517479367530077,0.0509362204645029,Low,0
-1.354947616397811,-1.018064342889739,0.8927323527605883,-1.1140577178545366,1.0425571069052608,1.1996374255989646,-1.173245106862569,0.0,0.0,1.0,0.001189257045893461,0.4613951548505295,0.1852716161677479,Low,0
2.150803114454628,2.226627591124161,0.0636958288550848,-0.1003119047017394,-1.4728487153799197,-1.000821005323265,0.0063333594629294,0.0,0.0,1.0,0.0012038489692639488,0.59278023978049,0.23783440529375438,Low,0
0.5982563622199649,0.2662928809907446,1.1133630405741497,-1.003649758006212,0.1936076418840124,-0.8007793297848904,-0.8953192976645108,0.0,0.0,1.0,0.0012296655063114168,0.3439255810704762,0.13830803173197734,Low,0
0.3979277490284083,0.1310973837401734,0.4514709771334655,-0.351239086175204,1.372704121080191,-0.6007376542465164,-0.1644386683842673,0.0,0.0,1.0,0.0019617085459104648,0.27032162487702466,0.10930567507835615,Low,0
0.54817420892209,0.7394771213678013,0.4113563066219088,-0.4315357842467123,1.0425571069052608,-0.000612627631337,-0.3115213739611439,0.0,0.0,1.0,0.0012842961522475948,0.25575648716737853,0.10307317255829998,Low,0
0.7485028221136465,0.6042816241171917,-0.0432766258423994,0.0402073169234006,0.2564927874411419,-0.6007376542465164,0.1550912666978573,1.0,0.0,0.0,0.0013978828550958537,0.4927486442414127,0.1979381874096226,Low,0
-0.8040439301210163,-0.9504665942644344,-0.0232192905866211,0.0903927532180935,-0.1837032314587646,0.1994290479070938,0.2422707318083098,0.0,0.0,1.0,0.001189257045893461,0.23492615703618008,0.09468401704200811,Low,0
-1.6554405361851745,-1.558846331892062,-0.1903637510514404,0.391505370986251,-0.3723586681301531,0.9995957500605904,0.5855392597977571,0.0,1.0,0.0,0.001189257045893461,0.23765901715050602,0.0957771610877385,Low,0
-0.503551010333653,-0.0040981135103977,-1.1397442864916136,0.8130630358616718,-1.1112591284264248,0.9995957500605904,0.5341204230229918,0.0,1.0,0.0,0.005114948726748764,0.13355067409931703,0.05648923887577608,Low,0
1.2994065083904698,1.2126613617448194,0.7189021138771763,-0.491758307800344,-1.4256848562120723,-0.8007793297848904,-0.2465432578835654,0.0,1.0,0.0,0.001488168225392962,0.224287700802397,0.09060798125619458,Low,0
1.2994065083904698,1.483052356245962,-1.0260860533755367,0.5520987671292685,-0.8439972598086245,-0.4006959787081422,0.2619001535897075,0.0,1.0,0.0,0.004883735491803555,0.20839301301891533,0.08628744650264827,Low,0
1.149160048496788,1.1450636131195149,0.7322736707143618,-0.8530934491221331,1.4355892666373202,-0.6007376542465164,-0.8214133421622616,0.0,0.0,1.0,0.002083708629321506,0.4291560648750693,0.17291265112762064,Low,0
1.149160048496788,0.5366838754919253,-0.7319118029574547,0.1405781895127864,-0.0893755131230703,-1.5009251941692283,-0.1149315323251608,0.0,1.0,0.0,0.00880769120570734,0.15647578739779971,0.0678749296825443,Low,0
0.9989135886031064,0.4690861268666205,0.8459319038304389,-0.812945100086379,-1.1112591284264248,-1.3008835186308545,-0.7033313335244681,0.0,1.0,0.0,0.0013978828550958537,0.18651721064697727,0.07544561397184842,Low,0
0.347845595730505,0.7394771213678013,1.0531910348068148,-0.933390147193642,0.8381803838445899,0.399470723445468,-0.8054890722833773,0.0,1.0,0.0,0.0012842961522475948,0.1788191690160395,0.07229824529776437,Low,0
-0.503551010333653,0.2662928809907446,-0.9124278202594596,0.5219875053524531,0.2250502146625771,1.3996791011373386,0.2969118682429734,0.0,0.0,1.0,0.0018602490834031388,0.30117236447240936,0.12158509523900564,Low,0
-2.206344222461969,-2.64041030989667,-1.0595149454685004,1.5658445802820655,1.6871298488658384,0.4994915612146266,1.6049881558683818,0.0,1.0,0.0,0.94231450075528,0.7708161572742236,0.8737151633628575,Critical,1
1.0990778951988849,0.6042816241171917,1.6081106435500148,-1.2445398522207378,-0.8439972598086245,-1.3008835186308545,-1.0953975004001992,0.0,0.0,1.0,0.0013978828550958537,0.5165438549582494,0.20745627169635728,Low,0
0.1475169825389484,-0.3420868566368448,0.1372393914596053,-0.2107198645500639,-1.032652696480013,-0.8007793297848904,-0.1195137015663008,0.0,1.0,0.0,0.001189257045893461,0.0833152759837884,0.034039664621051444,Low,0
-0.503551010333653,0.1986951323654782,0.3110696303430173,5.896788764643877e-05,1.1526061116302375,1.29965826336818,0.3039280069519862,0.0,1.0,0.0,0.0013622232167508303,0.11436091818940783,0.046561701205813634,Low,0
-1.254783309802033,-1.2884553373908814,2.4672331703391857,-1.65606042983722,0.2722140738304243,0.5995123989838421,-1.4959776333497912,0.0,0.0,1.0,0.001189257045893461,0.6350835769269827,0.25474698499832915,Medium,0
1.5498172748799297,1.7534433507471423,0.117182056203827,-0.3612761734341427,0.6652462335624838,-0.5007168164773008,-0.359530682655405,0.0,1.0,0.0,0.0012038489692639488,0.2239817606787362,0.09031501365305286,Low,0
1.3494886616883446,0.3338906296160494,0.7456452275515474,-0.9233530599347032,1.372704121080191,-2.201071058553566,-0.9284685822391194,0.0,1.0,0.0,0.0055828241106171995,0.43310184932501955,0.17659043419637815,Low,0
-0.503551010333653,0.063499635114907,0.4180420850405016,-0.4616470460235286,-1.614340292883461,1.099616587829806,-0.3550963253252704,0.0,0.0,1.0,0.0012296655063114168,0.33608203678865056,0.13517061401924707,Low,0
-1.0544546966104762,-0.815271097013863,-0.9659140476082017,0.8632484721563648,-0.5138502456336945,0.8995749122914317,0.7256452431752214,0.0,1.0,0.0,0.001799156127238872,0.10077108826432585,0.04138792898207366,Low,0
0.3979277490284083,0.1310973837401734,-0.257221535237368,0.6323954652007769,1.2469338299659318,-0.6007376542465164,0.8951362344603783,0.0,1.0,0.0,0.001674332247576134,0.09557214118298132,0.03923345582173821,Low,0
-0.3533045504399714,0.2662928809907446,0.117182056203827,0.1606523640306639,-1.2999145650978134,1.099616587829749,0.4336871565591362,1.0,0.0,0.0,0.0013033490265304283,0.5764719176560975,0.23137077647835727,Low,0
1.199242201794663,1.2126613617448194,-0.6516824619343415,0.2208748875842955,0.4137056513339657,-0.6007376542464594,0.0469914891165679,0.0,1.0,0.0,0.0019032571854601765,0.11517343833304566,0.04721132964449437,Low,0
-0.8040439301210163,-0.3420868566368448,-0.3107077625861102,0.1706894512896026,0.17788635549473,1.099616587829806,0.1859543937155968,0.0,0.0,1.0,0.001189257045893461,0.19165878255311894,0.07737706724878365,Low,0
1.7501458880714862,1.5506501048712666,2.4672331703391857,-1.8969505240517457,0.0678373507697534,-1.2008626808616387,-1.865891721829648,0.0,1.0,0.0,0.0012038489692639488,0.6053439878738712,0.24285990453110687,Low,0
-0.4033867037378747,-1.220857588765615,-0.4310517741207801,0.1305411022538477,-1.5671764337156138,-1.000821005323265,0.054204710373586,0.0,1.0,0.0,0.001189257045893461,0.2340942722775884,0.09435126313857144,Low,0
-0.0528116306526365,-0.4772823538874159,-0.3976228820278162,0.1807265385485406,0.0206734916019062,-0.6007376542464594,0.1470305904844112,0.0,1.0,0.0,0.001189257045893461,0.015828633958460427,0.007045007810920248,Low,0
-1.2047011565041297,-0.4096846052621496,0.6520443296912486,-0.6623887912023002,1.9072278583157916,1.799762452214087,-0.5538540749893193,0.0,1.0,0.0,0.11374400137920723,0.38604616727445373,0.22266486773730584,Low,0
0.2476812891347267,1.2802591103700858,-1.206602070677541,1.174398177183461,-1.40996356982279,1.3996791011373386,0.9656326618821242,0.0,1.0,0.0,0.006091564214705363,0.3520423919642049,0.14447189531450516,Low,0
0.1975991358368233,-0.2068913593862736,-0.2839646489117391,-0.4315357842467123,1.089720966073108,-0.700758492015675,-0.6773854160794774,0.0,1.0,0.0,0.001317464477868507,0.09054568890206603,0.037008754247547515,Low,0
0.2476812891347267,0.3338906296160494,-0.4109944388650018,0.2911344983968652,-1.4728487153799197,-0.000612627631337,0.2980253846392066,0.0,0.0,1.0,0.0012296655063114168,0.2749708780866917,0.11072615053846353,Low,0
-0.503551010333653,0.2662928809907446,-0.1235059668655127,-0.1203860792196168,0.0206734916019062,1.3996791011373386,-0.1310725930068523,0.0,1.0,0.0,0.0012296655063114168,0.07207223913694383,0.02956669495856438,Low,0
1.04899574190101,0.9422703672436388,1.0398194779696293,-0.9133159726757648,-0.0264903675659408,-0.7007584920157318,-0.77831138891335,0.0,1.0,0.0,0.0012842961522475948,0.1562449045409897,0.06326853950774444,Low,0
-1.955933455972509,-2.0320305722690803,-0.0499624042609922,0.2008007130664181,0.8853442430124371,0.8995749122913749,0.391235575718644,0.0,0.0,1.0,0.001189257045893461,0.5301562459619799,0.21277605261232804,Low,0
0.2476812891347267,1.1450636131195149,1.8755417802937255,-1.3248365502922466,-0.9540462645336012,1.1996374255989646,-1.1293745316764336,0.0,1.0,0.0,0.0012842961522475948,0.39405011911857657,0.1583906253387792,Low,0
-0.6037153169294313,-0.1392936107609688,-1.6211203326302932,2.198181077595196,-0.450965100076565,0.9995957500605904,1.9443643035347111,0.0,0.0,1.0,0.013149677417539628,0.6773916339045678,0.2788464600123509,Medium,0
-1.304865463099936,-0.8828688456391679,-0.9257993770966452,0.6424325524597156,1.0425571069052608,1.29965826336818,0.4526070811677112,0.0,0.0,1.0,0.001799156127238872,0.3516184377976421,0.1417268687954002,Low,0
-0.5536331636315563,0.1310973837401734,-0.7987695871433824,0.6524696397186543,1.4827531258051674,1.29965826336818,0.5533852420905785,0.0,1.0,0.0,0.006164443904006624,0.1530707334777016,0.06492695973348461,Low,0
-1.9058513026746344,-1.829237326393204,1.2069639384344484,-1.0136868452651506,-1.032652696480013,1.099616587829806,-0.8707923745651646,0.0,1.0,0.0,0.001189257045893461,0.4822607329501539,0.19361784740759766,Low,0
-1.0544546966104762,-0.0716958621357025,-0.8054553655619752,1.545770405764188,1.2626551163552142,1.9998041277525176,1.7853975203130728,0.0,0.0,1.0,0.002693108221256513,0.6295375739003437,0.2534308944928914,Medium,0
-0.4534688570357496,-1.018064342889739,0.4113563066219088,-0.5820920931307911,0.7124100927303308,-0.6007376542465164,-0.5468379362803046,0.0,0.0,1.0,0.001189257045893461,0.3032280318106811,0.12200476695180852,Low,0
-0.6537974702273347,-0.1392936107609688,-1.393803866398139,1.7063638019072056,0.50803336966966,1.099616587829806,1.513423604064796,0.0,1.0,0.0,0.008688092034430354,0.3137055571004811,0.13069507806085065,Low,0
-0.5536331636315563,0.1986951323654782,-0.3107077625861102,0.3814682837273123,0.2564927874411419,1.3996791011373957,0.4930484200185416,0.0,1.0,0.0,0.0013033490265304283,0.06350342904969862,0.026183381035797707,Low,0
-1.0043725433125728,-1.6940418291426331,0.7590167843887329,-0.7226113147559319,1.6871298488658384,-0.5007168164773008,-0.5983947308386744,0.0,1.0,0.0,0.06090858069697662,0.31847192863863255,0.16393391987363898,Low,0
-0.6037153169294313,0.4014883782413541,0.7322736707143618,-0.6222404421665461,-1.5514551473263314,1.7997624522141438,-0.4497156566229502,0.0,0.0,1.0,0.0012296655063114168,0.4696860381700732,0.18861221457181612,Low,0
-1.4551119229935894,-1.220857588765615,-1.1999162922589486,1.6662154528714517,0.2879353602197067,1.099616587829749,1.623060625520533,0.0,1.0,0.0,0.005051399226254482,0.3802920095537068,0.15514764335723544,Low,0
-0.9042082367167944,-1.4912485832667572,1.4610235183409737,-1.3950961611048165,-0.655341823137236,-0.4006959787080853,-1.413754794321688,0.0,1.0,0.0,0.001189257045893461,0.3574973071029019,0.14371247706869683,Low,0
0.8987492820073282,0.5366838754919253,-0.4979095583067078,0.662506726977593,-1.1427017012049896,-1.000821005323265,0.7739304674366914,0.0,1.0,0.0,0.0016519099428965647,0.1072343969359196,0.043884904740105785,Low,0
-2.2564263757598724,-2.7080080585219743,0.6052438807610993,-1.0538351943009048,1.0739996796838256,0.4994915612146266,-1.1998611049707786,0.0,1.0,0.0,0.001189257045893461,0.6380300586708506,0.2559255776958763,Medium,0
-1.555276229589396,-1.4912485832667572,-0.4310517741207801,0.5721729416471459,0.7124100927303308,0.8995749122914317,0.6898353442025308,0.0,1.0,0.0,0.0013259787942259103,0.21657795275531025,0.08742676837865965,Low,0
1.2493243550925663,0.9422703672436388,1.5278813025269014,-1.5456524699888954,0.2564927874411419,-1.10084184309248,-1.6480366732638183,0.0,1.0,0.0,0.0012842961522475948,0.34229766644889026,0.13768964427090466,Low,0
0.6984206688157432,-0.0040981135103977,0.8058172333188823,-1.023723932524089,-1.0012101237014484,-1.4009043564000128,-1.063844584464439,0.0,0.0,1.0,0.0027224992576646303,0.4568942360288341,0.18439119396613243,Low,0
-0.5536331636315563,0.1310973837401734,-0.2171068647258114,1.0238418682993822,0.8224590974553075,1.29965826336818,1.4982088313587336,0.0,1.0,0.0,0.0015725288373987616,0.2370572880039771,0.09576643250403011,Low,0
-0.503551010333653,-0.9504665942644344,0.785759898063104,-0.9233530599347032,-0.1522606586801998,-0.4006959787080853,-0.9102581548033652,0.0,1.0,0.0,0.001189257045893461,0.11893359244068827,0.048286991203811386,Low,0
-1.2047011565041297,-1.018064342889739,0.2776407382500535,-0.4114616097288356,-0.5767353911908241,0.8995749122913749,-0.3508984670527425,0.0,1.0,0.0,0.001189257045893461,0.08051193028623203,0.032918326342028896,Low,0
-0.7038796235252095,-0.4772823538874159,-0.5447100072368571,0.6524696397186543,-1.284193278708531,0.6995332367530007,0.7275076732538778,0.0,1.0,0.0,0.0016959057239025034,0.11861676726772652,0.04846425034143211,Low,0
-1.104536849908351,-1.085662091515044,-0.1235059668655127,-0.0099781193712922,1.1526061116302375,0.5995123989837853,0.0328212539149352,0.0,1.0,0.0,0.001317464477868507,0.11151742708977626,0.045397449522631604,Low,0
1.8503101946672644,1.618247853496533,0.1038104993666414,-0.6322775294254841,0.6495249471732014,-1.3008835186308545,-0.7780354733461412,0.0,0.0,1.0,0.0012038489692639488,0.5219208557709062,0.20949065168992087,Low,0
0.8486671287094248,-0.0716958621357025,-0.5246526719810789,0.1506152767717252,-0.3409160953515884,-1.800987707476818,0.0258445317155237,0.0,0.0,1.0,0.008255001836969943,0.37349371397607783,0.15435048669261311,Low,0
-0.8040439301210163,-0.6124778511379871,1.7886266608520194,-1.0437981070419662,-0.4195225272980002,0.6995332367530576,-0.6676101216983805,0.0,1.0,0.0,0.001189257045893461,0.24608706751281298,0.09914838123266127,Low,0
-0.5536331636315563,-0.27448910801154,-1.6478634463046642,1.5357333185052495,0.916786815791002,0.6995332367530576,1.0848873116805535,0.0,0.0,1.0,0.004669214488110828,0.508771536126168,0.20631014314333368,Low,0
-0.8040439301210163,-0.8828688456391679,-0.0499624042609922,-0.3913874352109582,0.2879353602197067,0.2994498856762525,-0.4942267500901033,0.0,1.0,0.0,0.001189257045893461,0.04023705222529892,0.016808375117655643,Low,0
0.7485028221136465,0.3338906296160494,0.4180420850405016,-0.7125742274969932,0.7438526655088956,-1.000821005323265,-0.7475369490422136,0.0,1.0,0.0,0.0012296655063114168,0.09214628444808538,0.037596313083021,Low,0
-1.4050297696957144,-1.2884553373908814,0.8793607959234028,-0.8731676236400102,-1.6929467248298729,0.8995749122914317,-0.7858793587567799,0.0,1.0,0.0,0.001189257045893461,0.36654766233908914,0.14733261916317175,Low,0
-0.1028937839505114,0.6042816241171917,2.4672331703391857,-2.248248578114596,1.0582783932945432,1.099616587829749,-2.2977192927655903,0.0,1.0,0.0,0.0013978828550958537,0.6120176245745459,0.2456457795428759,Low,0
-0.7038796235252095,-0.6124778511379871,0.0436384935993065,-0.4315357842467123,1.4198679802480378,0.4994915612146266,-0.5050071654660321,0.0,1.0,0.0,0.0018972898650567922,0.1060793979611847,0.043570133103507956,Low,0
1.2994065083904698,1.4154546076206955,1.6816542061545352,-1.3248365502922466,1.4198679802480378,-0.5007168164773008,-1.2059608098315644,0.0,1.0,0.0,0.0019532848864287065,0.4058667676844076,0.16351867800562028,Low,0
0.6984206688157432,0.7394771213678013,-0.2371641999815897,-0.3713132606930814,1.341261548301626,-0.3006751409388699,-0.5643684289254393,0.0,1.0,0.0,0.0017935576231806148,0.12549461123630426,0.05127397906843008,Low,0
-0.4534688570357496,-0.8828688456391679,2.4672331703391857,-1.9772472221232544,1.1054422524623904,-0.4006959787081422,-1.8952767297373423,0.0,0.0,1.0,0.001317464477868507,0.7199632693054322,0.288775786408894,Medium,0
-1.304865463099936,-0.9504665942644344,-0.4778522230509295,0.1305411022538477,1.388425407469473,1.1996374255990214,0.0257164280593194,0.0,1.0,0.0,0.0018972898650567922,0.1296567676588025,0.05300108098255508,Low,0
-1.104536849908351,-0.5448801025127208,-1.0595149454685004,0.7327663377901628,-1.4571274289906373,1.3996791011373386,0.482839544031831,0.0,1.0,0.0,0.0045108294871879975,0.2373785436030045,0.0976579151335146,Low,0
-1.1546190032062544,-1.220857588765615,-1.3135745253750255,1.3048803115496623,0.759573951898178,0.4994915612146266,1.0550095974028446,0.0,1.0,0.0,0.004669214488110828,0.2216343472074971,0.09145526757586535,Low,0
0.347845595730505,-0.1392936107609688,0.4380994202962799,-0.8530934491221331,0.2407715010518595,-0.9008001675540492,-0.9579915479304184,0.0,1.0,0.0,0.0013095503215329047,0.1197372177160805,0.04868061727935194,Low,0
-0.3032223971420965,-0.6124778511379871,-0.4444233309579656,0.0502444041823393,1.6871298488658384,-0.3006751409388699,-0.0693463389713733,0.0,1.0,0.0,0.045330569497139116,0.15302984738920783,0.08841028065396661,Low,0
-0.8040439301210163,-0.2068913593862736,-0.0031619553308428,-0.1404602537374936,0.8381803838445899,1.29965826336818,-0.0924049970880754,0.0,1.0,0.0,0.001189257045893461,0.0730545854233806,0.029935388396888318,Low,0
-1.6554405361851745,-1.4912485832667572,0.9462185801093304,-0.762759663791686,0.0835586371590358,1.099616587829806,-0.5737988288475263,0.0,0.0,1.0,0.001189257045893461,0.4881993624062814,0.19599329919004865,Low,0
1.4496529682841228,1.618247853496533,-0.98597138286398,1.1442869154066448,0.8224590974553075,-0.5007168164773008,1.0928691548747966,0.0,1.0,0.0,0.0020195438839242796,0.29856761844896884,0.12063877370994211,Low,0
0.7485028221136465,0.4690861268666205,-1.2266594059333198,0.7929888613437944,-1.237029419540684,-0.8007793297848904,0.4459555451725085,0.0,0.0,1.0,0.005723597247977196,0.33578432809020564,0.13774788958486858,Low,0
0.7485028221136465,0.063499635114907,-0.6717397971901198,0.6524696397186543,-1.1427017012049896,-1.4009043564000128,0.6404464576722276,0.0,1.0,0.0,0.004243110493392345,0.18118916463961368,0.07502153215188088,Low,0
-1.6053583828872708,-1.356053086016186,0.906103909597774,-1.023723932524089,-1.0483739828692953,1.1996374255989646,-1.0197966349850984,0.0,1.0,0.0,0.001189257045893461,0.36792974837372167,0.14788545357702476,Low,0
-0.7038796235252095,-0.4096846052621496,-1.126372729654428,0.5320245926113911,-0.8125546870300597,0.7995540745221594,0.1678030910442434,1.0,0.0,0.0,0.00436493850251286,0.5366812265323346,0.21729145371444158,Low,0
-0.1529759372484148,-0.6124778511379871,1.220335495271634,-0.6523517039433615,0.5237546560589423,-0.6007376542464594,-0.257215277858091,0.0,1.0,0.0,0.001189257045893461,0.13948982003059673,0.056509482239774776,Low,0
-1.0544546966104762,-1.6264440805173284,1.046505256388222,-1.0939835433366591,1.0739996796838256,-0.3006751409388699,-1.0744968961841634,0.0,1.0,0.0,0.001189257045893461,0.292757128144901,0.11781640548549649,Low,0
0.097434829241045,0.9422703672436388,-0.317393541004703,0.4416908072809439,0.5237546560589423,1.1996374255989646,0.5764143378250793,0.0,1.0,0.0,0.0014548004234217111,0.1039837667053443,0.04246638693619075,Low,0
0.2476812891347267,0.4014883782413541,-0.55139578565545,0.6323954652007769,1.0268358205159784,0.0994082101378783,0.6943879510614687,0.0,1.0,0.0,0.001858512861917741,0.050386439657868445,0.021269683580298026,Low,0
1.649981581475708,1.2126613617448194,1.8421128882007616,-1.2345027649617994,-1.0012101237014484,-1.5009251941692283,-0.9824100756283614,1.0,0.0,0.0,0.0063591750985975744,0.8571508726197012,0.3466758541070391,Medium,0
1.649981581475708,1.0774658644942483,-0.1101344100283271,-0.5319066568360982,0.3508205057768362,-1.7009668697076024,-0.7351108943904348,0.0,1.0,0.0,0.004853608356625806,0.3101175891444514,0.12695920067175606,Low,0
0.4980920556241866,0.2662928809907446,0.2174687324827185,-0.5620179186129144,0.2564927874411419,-0.6007376542465164,-0.6137671695831425,0.0,1.0,0.0,0.0012296655063114168,0.02581622813132514,0.011064290556316907,Low,0
-0.4534688570357496,-1.220857588765615,0.2508976245756824,-0.6724258784612389,0.2407715010518595,-0.900800167554106,-0.766782059854999,0.0,1.0,0.0,0.001189257045893461,0.14856953088246322,0.06014136658052137,Low,0
-1.304865463099936,-0.9504665942644344,-0.3641939899348524,0.2309119748432336,-0.0107690811766584,1.1996374255990214,0.2403491769652509,0.0,1.0,0.0,0.001189257045893461,0.06874972616632352,0.028213444694065486,Low,0
-1.304865463099936,-0.815271097013863,-1.1464300649102064,0.8732855594153035,1.76573628081225,1.3996791011373957,0.6097311425654937,0.0,0.0,1.0,0.23233174314981453,0.49357496912269694,0.33682903353896754,Medium,0
-0.8040439301210163,-1.2884553373908814,-0.2371641999815897,0.6022842034239615,1.4984744121944498,-0.3006751409388699,0.8646278560290505,0.0,0.0,1.0,0.01223999837679625,0.37935062245017037,0.1590842480061459,Low,0
-1.705522689483049,-1.6940418291426331,-0.3040219841675174,0.2710603238789885,1.5141956985837322,0.8995749122913749,0.3363973567359752,0.0,1.0,0.0,0.015950610643317435,0.3408597968003779,0.14591428510614163,Low,0
-1.805686996078856,-1.6940418291426331,0.1238678346224197,-0.3913874352109582,-0.781112114251495,1.099616587829806,-0.4017359103108887,0.0,1.0,0.0,0.001189257045893461,0.30071668210018815,0.12100022706761135,Low,0
-0.9542903900146694,-1.4912485832667572,0.2575834029942752,-0.883204710898949,0.3665417921661186,-0.3006751409389267,-1.0881842791431802,0.0,0.0,1.0,0.001189257045893461,0.43075611750002046,0.17301600122754426,Low,0
-0.6037153169294313,-1.018064342889739,-1.1464300649102064,0.762877599566979,-0.3566373817408708,-0.3006751409389267,0.4624217920584105,1.0,0.0,0.0,0.00436493850251286,0.5787951712364202,0.23413703159607582,Low,0
-0.9542903900146694,-0.815271097013863,-1.0194002749569435,1.3550657478443553,-0.6710631095265183,0.6995332367530007,1.3527027861659044,0.0,0.0,1.0,0.005058257526683731,0.38727749109243714,0.1579459509529851,Low,0
-0.6537974702273347,-0.0716958621357025,-0.4845380014695222,0.0201331424055238,0.4608695105018128,1.1996374255989646,-0.1363938218030136,0.0,0.0,1.0,0.0013095503215329047,0.21209911517967606,0.08562537626479018,Low,0
-0.6537974702273347,-0.27448910801154,1.0398194779696293,-1.385059073845878,1.2783764027444966,0.8995749122914317,-1.5591721523679145,0.0,0.0,1.0,0.00163305470701063,0.5056546923365486,0.20324170975882583,Low,0
-0.9042082367167944,-0.7476733483885967,0.4982714260636149,-0.8029080128274403,-0.450965100076565,0.6995332367530007,-0.8509757243631609,0.0,1.0,0.0,0.001189257045893461,0.10623753672215919,0.04320856891639976,Low,0
-0.4534688570357496,0.1310973837401734,-0.230478421562997,0.5019133308345757,-0.0579329403445056,1.099616587829749,0.7217430087247018,0.0,1.0,0.0,0.0013929270811739174,0.05987146922019336,0.024784343936781694,Low,0
1.149160048496788,0.8746726186183724,1.0130763642952585,-0.5620179186129144,0.3036566466089891,-1.000821005323265,-0.2103786103244657,0.0,1.0,0.0,0.0012842961522475948,0.15498213545508766,0.06276343187338362,Low,0
1.2493243550925663,0.6718793727424964,-0.4511091093765584,0.3112086729147427,1.1526061116302375,-1.5009251941692283,0.3014940374841125,0.0,0.0,1.0,0.004853608356625806,0.3813068514298188,0.155434905585903,Low,0
0.0473526759431701,-0.27448910801154,0.2308402893199041,-0.5218695695771602,-1.1898655603728368,-0.5007168164773008,-0.5453006924058587,0.0,1.0,0.0,0.001189257045893461,0.07787605547385608,0.03186397641707851,Low,0
1.900392347965168,2.226627591124161,-0.8321984792363463,1.2145465262192152,0.916786815791002,-0.5007168164773008,1.3063489708748943,0.0,1.0,0.0,0.0018195178748398094,0.4934956133852346,0.19848995607899775,Low,0
-2.206344222461969,-2.5728125612714035,-0.5848246777484138,0.8933597339331802,-1.1741442739835544,0.5995123989837853,1.0412827979342263,0.0,1.0,0.0,0.0016959057239025034,0.5828535267310043,0.23415895412674323,Low,0
0.6984206688157432,0.1986951323654782,0.5383860965751716,0.1506152767717252,-1.5200125745477666,-1.1008418430924232,0.6760691282243122,1.0,0.0,0.0,0.0013033490265304283,0.6491408386101398,0.2604383448599742,Medium,0
-0.1028937839505114,-0.0716958621357025,0.1506109482967908,-0.3412019989162652,0.7752952382874604,0.0994082101378215,-0.3109892510815272,0.0,1.0,0.0,0.0013095503215329047,0.036494395740315745,0.015383488489046042,Low,0
1.8503101946672644,1.8210410993724089,-1.306888746956433,1.1141756536298293,0.8381803838445899,-1.000821005323265,0.810282343416397,0.0,1.0,0.0,0.004932095775175566,0.3971123870522297,0.16180421228599723,Low,0
0.2977634424326301,0.4014883782413541,-0.1502490805398837,-0.5218695695771602,-0.7182269686943654,-0.000612627631337,-0.7407671635182075,0.0,1.0,0.0,0.0012296655063114168,0.07185622067858188,0.029480287575219605,Low,0
-0.0027294773547332,-0.27448910801154,0.2843265166686463,-0.030052293889169,0.8539016702338723,-0.4006959787080853,0.241659775909492,0.0,0.0,1.0,0.001189257045893461,0.2163654786599094,0.08725974569149984,Low,0
-0.7038796235252095,-0.4096846052621496,-0.4377375525393728,0.110466927735971,-1.2213081331514015,0.7995540745221594,0.0212623624743837,0.0,0.0,1.0,0.001189257045893461,0.2585468934179315,0.10413231159470869,Low,0
0.8486671287094248,0.063499635114907,-0.2037353078886259,-0.0400893811481077,-0.8125546870300597,-1.600946031938387,-0.0587038813790498,0.0,1.0,0.0,0.0046478549634723565,0.15145807502706787,0.06337194298891057,Low,0
-0.0027294773547332,0.9422703672436388,2.4672331703391857,-1.5456524699888954,0.382263078555401,1.3996791011373386,-1.2407852960642245,0.0,1.0,0.0,0.0012842961522475948,0.4467783446468609,0.17948191555009294,Low,0
1.2493243550925663,1.0098681158689435,-0.230478421562997,0.3814682837273123,1.7342937080336855,-1.000821005323265,0.544841713634518,1.0,0.0,0.0,0.07322561765354121,0.6325772360322112,0.29696626500500917,Medium,0
-0.7038796235252095,-0.5448801025127208,1.4142230694108244,-1.003649758006212,-1.1112591284264248,0.5995123989837853,-0.762288577760462,0.0,0.0,1.0,0.001189257045893461,0.4477298762205745,0.17980550471576587,Low,0
0.1975991358368233,-0.4772823538874159,1.5746817514570508,-1.1843173286671065,1.5613595577515793,-1.1008418430924232,-1.004581862279036,0.0,1.0,0.0,0.04647548924868858,0.3337111320975229,0.16136974638822232,Low,0
0.3979277490284083,0.2662928809907446,-0.7452833597946403,0.6424325524597156,1.4513105530266026,-0.4006959787081422,0.5760595892386676,1.0,0.0,0.0,0.002963809666456542,0.5829880915882296,0.23497352243516578,Low,0
-1.0043725433125728,-0.8828688456391679,-0.2438499784001825,0.2610232366200498,-0.1837032314587646,0.6995332367530007,0.3595447019992794,0.0,0.0,1.0,0.001189257045893461,0.23540105532000485,0.09487397635553803,Low,0
-1.354947616397811,-1.2884553373908814,0.1572967267153836,0.2409490621021723,0.7910165246767428,0.7995540745222163,0.5807895703908114,1.0,0.0,0.0,0.001189257045893461,0.5923422012410746,0.23765043472396594,Low,0
-1.0043725433125728,-1.558846331892062,0.7523310059701401,-0.7727967510506248,1.4513105530266026,-0.3006751409389267,-0.6825785412194371,0.0,1.0,0.0,0.0018972898650567922,0.2543154136931016,0.10286453939627473,Low,0
0.9989135886031064,0.6718793727424964,2.4672331703391857,-1.8568021750159915,-1.3785209970442254,-1.000821005323265,-1.717153522849522,0.0,0.0,1.0,0.0012842961522475948,0.6618209783800105,0.2654989690433528,Medium,0
-0.6537974702273347,0.063499635114907,0.7389594491329546,-0.8932417981578874,-0.9226036917550364,1.3996791011373957,-0.8829917842867351,0.0,1.0,0.0,0.0012296655063114168,0.1854414748820744,0.07491438925661661,Low,0
-0.0528116306526365,-0.4096846052621496,-0.8789989281664957,1.4855478822105566,-1.6457828656620257,-0.5007168164773008,1.6426309225375275,0.0,0.0,1.0,0.0021150851807441675,0.5317675401627358,0.2139760671735408,Low,0
-1.555276229589396,-1.356053086016186,-0.6717397971901198,1.595955842058881,-0.5767353911908241,1.099616587829806,1.9650382628205396,0.0,0.0,1.0,0.002312221235295787,0.6052799175047783,0.2434992997430888,Low,0
1.2493243550925663,1.2802591103700858,-0.2237926431444042,0.1606523640306639,0.2407715010518595,-0.6007376542465164,0.2246219896343737,0.0,1.0,0.0,0.001488168225392962,0.11576493870824349,0.04719887641853318,Low,0
-0.0528116306526365,0.2662928809907446,-1.3536891958865824,0.993730606522566,1.545638271362297,0.4994915612146266,0.6179987554543442,0.0,1.0,0.0,0.11518983287401904,0.24159741503514523,0.16575286573846953,Low,0
-1.2047011565041297,-0.9504665942644344,-0.257221535237368,-0.4516099587645898,-0.3094735225730236,0.9995957500605904,-0.692718438314345,0.0,0.0,1.0,0.001189257045893461,0.2908371130143705,0.11704839943328428,Low,0
0.5982563622199649,1.618247853496533,-0.3374508762604813,1.3550657478443553,-0.1679819450694822,1.1996374255989646,1.8904425184002696,0.0,1.0,0.0,0.001672594651886099,0.482208367109654,0.19388690363499325,Low,0
-0.5536331636315563,-1.1532598401403102,0.3043838519244246,-0.3412019989162652,-1.5828977201048962,-0.6007376542464594,-0.228037206625802,0.0,1.0,0.0,0.001189257045893461,0.17741484914344713,0.07167949388491493,Low,0
-1.555276229589396,-1.085662091515044,0.1773540619711619,-0.762759663791686,1.0268358205159784,1.4996999389065542,-0.9409636157827,0.0,1.0,0.0,0.001189257045893461,0.30148231936317643,0.12130648197280666,Low,0
1.04899574190101,0.4014883782413541,-1.367060752723768,1.917142634344916,-0.3094735225730236,-1.5009251941692283,1.8102890461262309,0.0,0.0,1.0,0.9654410327835333,0.6301101288519863,0.8313086712109146,Critical,1
0.097434829241045,-0.1392936107609688,1.9825142349912095,-1.7062458661319129,-1.5986190064941783,-0.4006959787080853,-1.771252682277168,0.0,1.0,0.0,0.0013095503215329047,0.46470442279834195,0.18666749931225654,Low,0
0.54817420892209,0.8070748699930677,2.4672331703391857,-1.9872843093821932,-1.0483739828692953,0.0994082101378215,-2.1101361235734815,0.0,1.0,0.0,0.0012842961522475948,0.5269047249031474,0.21153246765260755,Low,0
-0.1028937839505114,-0.6124778511379871,-0.3040219841675174,-0.0099781193712922,1.5613595577515793,-0.700758492015675,-0.0733372605684949,0.0,1.0,0.0,0.045629662047664395,0.14716498109213344,0.08624378966545201,Low,0
0.2977634424326301,-0.4096846052621496,-1.0060287181197582,0.762877599566979,2.174489726933592,-1.2008626808616956,0.5609236495518078,1.0,0.0,0.0,0.9331073383506867,0.7416715596121596,0.8565330268552758,Critical,1
1.7000637347735827,1.8210410993724089,-0.8789989281664957,0.8431742976384873,-1.158422987594272,-0.700758492015675,0.7603317716242759,0.0,0.0,1.0,0.001930279501379553,0.5132821849861593,0.20647104169529149,Low,0
-0.5536331636315563,-1.220857588765615,-1.306888746956433,0.7829517740848557,-1.0640952692585777,-0.700758492015675,0.3761587607961842,0.0,0.0,1.0,0.004298764052378189,0.41649944671268296,0.16917903711650012,Low,0
-0.9042082367167944,-1.4912485832667572,-0.3641939899348524,-0.3211278243983885,0.4137056513339657,-0.4006959787080853,-0.5596088853910942,0.0,1.0,0.0,0.001189257045893461,0.13650785094867424,0.05531669460700578,Low,0
-1.0043725433125728,-1.085662091515044,2.4672331703391857,-1.8066167387212984,-1.4885700017692018,0.3994707234454111,-1.7691833155231051,0.0,1.0,0.0,0.001189257045893461,0.5470797109854596,0.21954543862171993,Low,0
1.149160048496788,0.6042816241171917,-0.4778522230509295,-0.5017953950592827,-1.1898655603728368,-1.4009043564000696,-0.8800454001940459,0.0,1.0,0.0,0.0030943024881100335,0.2545952640731306,0.10369468712211827,Low,0
1.2994065083904698,1.4154546076206955,2.4672331703391857,-1.8166538259802376,1.4513105530266026,-0.5007168164773008,-1.5959477558258337,0.0,0.0,1.0,0.0019532848864287065,0.7423684890927622,0.2981193665689621,Medium,0
-0.6037153169294313,-0.0040981135103977,-1.5743198837001438,1.2747690497728468,-0.5295715320229769,1.1996374255989646,0.8130414990884803,0.0,0.0,1.0,0.005471219955464481,0.44853161982512607,0.18269537990332912,Low,0
1.4997351215820265,0.8070748699930677,-0.1301917452841054,0.5721729416471459,1.199769970798085,-1.800987707476818,0.8924854741896981,0.0,1.0,0.0,0.005914996934364838,0.3307568881506527,0.13585175342088,Low,0
-1.0043725433125728,-0.6124778511379871,1.9357137860610605,-1.646023342578281,0.1936076418840124,1.099616587829806,-1.6795107561803764,0.0,1.0,0.0,0.001189257045893461,0.4163269914441375,0.1672443508051911,Low,0
-0.0528116306526365,0.8746726186183724,1.1534777110857064,-1.1642431541492295,0.4137056513339657,1.3996791011373957,-1.1460871317473424,0.0,0.0,1.0,0.0012842961522475948,0.4433371684297616,0.1781054450632532,Low,0
0.54817420892209,1.483052356245962,-0.8923704850036812,1.4955849694694954,-0.4195225272980002,1.099616587829749,1.6455970148850187,0.0,1.0,0.0,0.002269181275842098,0.4090437167840054,0.16497899547910744,Low,0
1.0990778951988849,1.1450636131195149,-0.4310517741207801,0.903396821192119,-0.655341823137236,-0.5007168164773008,1.1665583195742395,0.0,0.0,1.0,0.001517713325791754,0.4154055857749325,0.16707286230544807,Low,0
0.54817420892209,0.4014883782413541,-0.7586549166318258,0.762877599566979,-1.535733860937049,-0.5007168164773008,0.7344745413258891,0.0,1.0,0.0,0.001858512861917741,0.14646741617401737,0.059702074186757596,Low,0
0.8486671287094248,0.4690861268666205,0.0770673856922704,5.896788764643877e-05,1.2626551163552142,-1.000821005323265,0.1659702233477883,0.0,1.0,0.0,0.0016106463969873047,0.09318717226129516,0.03824125674271045,Low,0
0.2977634424326301,-0.1392936107609688,-0.5580815640740427,0.2911344983968652,-1.5042912881584842,-0.8007793297848904,0.2050221302351764,0.0,0.0,1.0,0.0016749016561573846,0.27826490957449096,0.11231090482349082,Low,0
1.2493243550925663,1.3478568589953903,2.4672331703391857,-2.117766443748395,-1.0640952692585777,-0.5007168164773008,-2.0903490357536803,0.0,1.0,0.0,0.001488168225392962,0.5915238440019587,0.23750243853601927,Low,0
-0.3533045504399714,-0.7476733483885967,-0.6784255756087126,0.3011715856558039,-0.1837032314587646,-0.4006959787081422,0.1430101065050892,1.0,0.0,0.0,0.0015210988855598915,0.49650858722823304,0.19951609422262917,Low,0
0.9488314353052032,0.6042816241171917,0.7389594491329546,-0.682462965720177,-1.6457828656620257,-1.000821005323265,-0.5434086999450002,0.0,0.0,1.0,0.0013978828550958537,0.37012577485231746,0.1488890396539845,Low,0
-1.0544546966104762,-1.4912485832667572,-0.170306415795662,-0.2709423881036956,-0.1208180859016351,-0.1006334654004957,-0.380293329087837,0.0,1.0,0.0,0.001189257045893461,0.12679762181971024,0.05143260295542018,Low,0
0.347845595730505,0.1310973837401734,-0.9592282691896088,1.0639902173351363,-0.3880799545194355,-0.5007168164773008,1.0037878431760854,0.0,1.0,0.0,0.0019716435868386995,0.07949910260235582,0.03298262719304555,Low,0
-0.503551010333653,0.2662928809907446,-0.0432766258423994,-0.020015206630231,0.1936076418840124,1.3996791011373386,0.0649851257495148,0.0,1.0,0.0,0.0012296655063114168,0.06551718530060915,0.026944673424030514,Low,0
0.1475169825389484,1.2126613617448194,1.4409661830851954,-1.3750219865869395,1.2469338299659318,1.4996999389065542,-1.387059963194276,0.0,1.0,0.0,0.0017146499780277124,0.46453598422910575,0.18684318367845895,Low,0
1.900392347965168,1.95623659662298,0.3912989713661305,-0.2809794753626336,1.4984744121944498,-0.900800167554106,-0.0872020178207166,0.0,1.0,0.0,0.015811006693447677,0.3993506521486261,0.16922686487551905,Low,0
-1.0544546966104762,-1.829237326393204,1.9624568997354317,-1.3750219865869395,-1.614340292883461,-0.6007376542464594,-1.1849123937045232,0.0,1.0,0.0,0.001189257045893461,0.5388422975650259,0.21625047325354643,Low,0
-0.0528116306526365,-0.1392936107609688,-0.8723131497479029,0.8732855594153035,0.17788635549473,-0.1006334654004957,0.8064885043672816,1.0,0.0,0.0,0.0020996294323477214,0.5326472453698798,0.21431867580736058,Low,0
-1.304865463099936,-0.7476733483885967,0.7657025628073256,-0.9233530599347032,1.388425407469473,1.4996999389065542,-0.9193633685212428,1.0,0.0,0.0,0.0018972898650567922,0.7213484468828391,0.2896777526721697,Medium,0
1.649981581475708,1.7534433507471423,1.079934148481186,-1.1040206305955975,0.2722140738304243,-0.700758492015675,-1.076832324378035,1.0,0.0,0.0,0.0012038489692639488,0.7860833323628054,0.31515564232668053,Medium,0
-0.1028937839505114,-0.27448910801154,-1.046143388631315,1.1643610899245225,0.4608695105018128,-0.2006543031697112,1.0743631036170342,0.0,1.0,0.0,0.0045108294871879975,0.09470329319851951,0.04058781497172061,Low,0
1.399570814986248,0.6718793727424964,-0.1569348589584765,-0.6623887912023002,-0.4038012409087179,-1.800987707476818,-0.9520987797450388,0.0,0.0,1.0,0.004853608356625806,0.5063259288999552,0.20544253657395758,Low,0
-2.106179915866191,-2.3700193153955276,-0.170306415795662,-0.4817212205414053,-0.3409160953515884,0.6995332367530007,-0.6917330255743144,0.0,1.0,0.0,0.001189257045893461,0.47635766253177747,0.1912566192402471,Low,0
2.000556654560946,2.226627591124161,-0.0031619553308428,-0.5218695695771602,1.6242447033087088,-0.700758492015675,-0.6653239641415114,0.0,1.0,0.0,0.15471403830599567,0.5053300873565615,0.294960457926222,Medium,0
-0.9042082367167944,-0.8828688456391679,-0.6984829108644909,0.2610232366200498,-1.3313571378763782,0.4994915612146266,0.0740903394673915,0.0,0.0,1.0,0.0015210988855598915,0.29194870290743735,0.11769214049431088,Low,0
-0.7539617768231129,-0.3420868566368448,1.3874799557364532,-1.485429946435264,-0.9226036917550364,0.9995957500605904,-1.5961842548834402,0.0,1.0,0.0,0.001189257045893461,0.3357582209474572,0.13501684260651897,Low,0
-1.254783309802033,-1.085662091515044,0.4380994202962799,-0.3412019989162652,-0.4352438136872826,0.8995749122913749,-0.1559049940556071,0.0,0.0,1.0,0.001189257045893461,0.28651786173052535,0.11532069891974622,Low,0
-0.0027294773547332,-0.3420868566368448,1.247078608946005,-1.1742802414081677,-0.9383249781443188,-0.5007168164773008,-1.123826657950065,0.0,1.0,0.0,0.001189257045893461,0.1821518578234509,0.07357429735691644,Low,0
-0.0027294773547332,0.9422703672436388,-1.1932305138403558,2.1881439903362576,-1.535733860937049,1.3996791011373386,2.3214226343797852,0.0,0.0,1.0,0.01636652627873418,0.7818468775549295,0.32255866678921236,Medium,0
-1.0043725433125728,-1.423650834641491,-0.3441366546790741,0.762877599566979,-0.4981289592444121,-0.1006334654005525,1.0252895491635414,0.0,0.0,1.0,0.0013259787942259103,0.3594730851356017,0.14458482133077624,Low,0
1.8503101946672644,1.95623659662298,-0.8321984792363463,0.1907636258074793,-0.9383249781443188,-0.8007793297848904,-0.1068511478569145,0.0,0.0,1.0,0.001539756158815032,0.5236815949813703,0.21039649168783717,Low,0
-0.1529759372484148,-0.6800755997632919,-0.7920838087247897,0.9234709957099964,-0.3566373817408708,-0.700758492015675,0.933646164340752,0.0,1.0,0.0,0.0016959057239025034,0.11308474781683836,0.04625144256107685,Low,0
0.2476812891347267,-0.1392936107609688,-0.4644806662137439,1.2546948752549694,0.6023610880053543,-0.700758492015675,1.6463065120578395,0.0,1.0,0.0,0.001819378233160241,0.2113425499085243,0.08562864690330588,Low,0
0.347845595730505,0.8746726186183724,-0.2906504273303319,-0.020015206630231,-0.906882405365754,0.5995123989838421,-0.0801267543473012,0.0,0.0,1.0,0.0012842961522475948,0.25748969582641495,0.10376645602191455,Low,0
1.199242201794663,1.2802591103700858,-1.6077487757931077,2.73014670231894,0.4923120832803776,-0.5007168164773008,2.74068249758257,0.0,1.0,0.0,0.9903526021204779,0.7008553532376285,0.8745537025673381,Critical,1
0.3979277490284083,0.8070748699930677,-0.257221535237368,-0.1003119047017394,0.0206734916019062,0.3994707234454111,-0.1781359054706841,0.0,1.0,0.0,0.0012842961522475948,0.04683069092300981,0.01950285406055248,Low,0
0.4980920556241866,1.3478568589953903,-0.2104210863072187,-0.541943744095037,1.5613595577515793,0.9995957500605904,-0.8011729644820452,0.0,0.0,1.0,0.06698715470585245,0.4772901394669783,0.2311083486103028,Low,0
-0.1529759372484148,0.7394771213678013,0.7991314549002895,-0.762759663791686,-0.7496695414729302,1.3996791011373957,-0.6440390489568636,0.0,1.0,0.0,0.0012842961522475948,0.18094125455820245,0.07314707951462954,Low,0
-1.0043725433125728,-1.558846331892062,-0.5915104561670066,0.3613941092094356,0.633803660783919,-0.3006751409389267,0.283352588940161,0.0,1.0,0.0,0.0015210988855598915,0.11337337074106947,0.046262007627763724,Low,0
-0.4033867037378747,-0.7476733483885967,-0.0633339610981777,0.2309119748432336,1.6871298488658384,-0.3006751409389267,0.4279224920299594,0.0,0.0,1.0,0.029548445562976373,0.33558529106864926,0.15196318376524554,Low,0
-0.7038796235252095,-1.085662091515044,-0.8255127008177535,1.0539531300761975,0.8853442430124371,-0.200654303169768,1.0896468552148986,1.0,0.0,0.0,0.0016959057239025034,0.6206788996385662,0.24928910328976797,Low,0
-0.6537974702273347,-1.018064342889739,-0.7385975813760475,0.5721729416471459,0.5551972288375071,-0.2006543031697112,0.4826818779934271,1.0,0.0,0.0,0.0016959057239025034,0.5458083920835886,0.21934090026777692,Low,0
-0.1529759372484148,-0.4096846052621496,-0.8789989281664957,-0.0099781193712922,-0.2623096634051765,-0.3006751409389267,-0.411471788182386,0.0,1.0,0.0,0.0016137238744471315,0.08893225375353374,0.036541135826081775,Low,0
-1.555276229589396,-1.4912485832667572,2.069429354432916,-1.5456524699888954,0.7752952382874604,0.8995749122914317,-1.4516833306854426,0.0,0.0,1.0,0.001189257045893461,0.6788029910475499,0.27223475064655606,Medium,0
0.347845595730505,1.3478568589953903,0.1305536130410125,-0.762759663791686,-1.614340292883461,1.29965826336818,-0.9633127767265796,0.0,1.0,0.0,0.001488168225392962,0.33464643432106855,0.13475147466366322,Low,0
1.2493243550925663,1.2802591103700858,-0.0432766258423994,-0.5218695695771602,-0.3409160953515884,-0.6007376542465164,-0.6858993821533375,0.0,0.0,1.0,0.001488168225392962,0.327309728029298,0.13181679214695496,Low,0
2.0506388078588493,2.4294208370000367,-0.9926571612825728,0.6725438142365319,0.4137056513339657,-0.5007168164773008,0.447739142231963,0.0,1.0,0.0,0.0020195438839242796,0.41812073980861947,0.16846002225380238,Low,0
-0.9042082367167944,-1.356053086016186,0.8526176822490317,-1.003649758006212,-1.6457828656620257,-0.2006543031697112,-1.0106125882480197,0.0,1.0,0.0,0.001189257045893461,0.3202069995849135,0.12879635406150147,Low,0
-0.6037153169294313,-0.1392936107609688,-1.1196869512358354,0.4015424582451898,-1.2999145650978134,0.9995957500605904,-0.0023382726493344,0.0,1.0,0.0,0.004765184511046586,0.1626815649721131,0.0679317366954732,Low,0
1.4496529682841228,1.5506501048712666,-0.0031619553308428,-0.5118324823182214,1.215491257187367,-0.6007376542464594,-0.6502471492190525,0.0,1.0,0.0,0.0013336273779407145,0.272128982176306,0.10965176929728683,Low,0
-0.9542903900146694,-0.6124778511379871,-0.7051686892830836,0.4517278945398827,-0.9226036917550364,0.9995957500605904,0.3366929805579835,1.0,0.0,0.0,0.0016256183398726926,0.5280976583698435,0.21221443435186102,Low,0
0.097434829241045,0.8746726186183724,0.377927414528945,-0.883204710898949,-0.5452928184122593,1.099616587829806,-1.032843499663096,0.0,0.0,1.0,0.0012842961522475948,0.36030735108577205,0.14489351812565737,Low,0
0.7985849754115499,0.4014883782413541,0.2107829540641257,-0.5620179186129144,0.8539016702338723,-1.000821005323265,-0.6171569894088456,0.0,1.0,0.0,0.0012296655063114168,0.08065363584624526,0.032999253642284954,Low,0
0.8987492820073282,1.0098681158689435,-0.5848246777484138,0.3312828474326194,0.4137056513339657,-0.3006751409389267,0.2449904709707926,0.0,1.0,0.0,0.0016426134167653636,0.06985592961248538,0.02892793989505337,Low,0
-0.9042082367167944,-0.7476733483885967,-0.7787122518876042,0.4316537200220052,-0.6238992503586712,0.6995332367530007,0.2605895546454672,0.0,0.0,1.0,0.0016256183398726926,0.231459678717794,0.09355924249104122,Low,0
1.0990778951988849,1.0098681158689435,-0.5848246777484138,0.7026550760133473,-0.2780309497944588,-0.700758492015675,0.7711121870002047,0.0,0.0,1.0,0.0019410271658534658,0.29705447837543353,0.11998640764968549,Low,0
-0.9042082367167944,-0.815271097013863,0.0636958288550848,-0.5218695695771602,-1.1898655603728368,0.5995123989838421,-0.6310316007884682,0.0,1.0,0.0,0.001189257045893461,0.11315931428000021,0.04597727993953617,Low,0
0.3979277490284083,1.0774658644942483,0.2508976245756824,-0.4014245224698969,-1.3313571378763782,0.7995540745222163,-0.3495977222359024,0.0,1.0,0.0,0.0012842961522475948,0.16199948375533482,0.06557037119348248,Low,0
-1.0544546966104762,-1.6940418291426331,0.291012295087239,-0.4214986969877743,0.7124100927303308,-0.4006959787080853,-0.3593336001073988,0.0,1.0,0.0,0.001189257045893461,0.1599252415853715,0.06468365086168468,Low,0
1.2994065083904698,0.6718793727424964,0.0770673856922704,-0.030052293889169,0.5237546560589423,-1.600946031938444,0.1203850299940007,0.0,0.0,1.0,0.004853608356625806,0.35187029070641085,0.14366028129653982,Low,0
-0.0528116306526365,-0.5448801025127208,-0.9458567123524234,1.124212740888768,1.215491257187367,-0.700758492015675,1.0958845178592886,0.0,0.0,1.0,0.0019929823177891885,0.3686666699127843,0.14866245735578726,Low,0
1.7000637347735827,1.4154546076206955,-0.2104210863072187,-0.0601635556659852,1.4041466938587557,-1.3008835186307974,-0.0921487897756676,0.0,0.0,1.0,0.0019532848864287065,0.4843785888523908,0.19492340647281356,Low,0
-1.354947616397811,-1.1532598401403102,-0.4644806662137439,0.1506152767717252,0.0049522052126239,0.9995957500605904,0.0626496975556433,1.0,0.0,0.0,0.001189257045893461,0.5305721697855178,0.21294242214174322,Low,0
-1.4050297696957144,-1.018064342889739,0.3578700792731667,5.896788764643877e-05,-1.6300615792727433,1.29965826336818,0.331519563672826,0.0,0.0,1.0,0.001189257045893461,0.4821842780263507,0.1935872654380764,Low,0
-0.2531402438441931,-0.4772823538874159,-0.812141143980568,0.4718020690577602,-0.9697675509228836,-0.2006543031697112,0.2943005244818938,0.0,1.0,0.0,0.0016256183398726926,0.06583067275871436,0.02730764010740936,Low,0
-1.0043725433125728,-1.6264440805173284,0.2575834029942752,-0.4415728715056511,1.0268358205159784,-0.4006959787080853,-0.407894739936076,0.0,0.0,1.0,0.001189257045893461,0.3868383754061294,0.15544890438998785,Low,0
-0.1529759372484148,-0.27448910801154,-0.8789989281664957,1.134249828147706,0.5709185152267895,-0.1006334654004957,1.1601235743818432,0.0,1.0,0.0,0.001799156127238872,0.0990200110253683,0.040687498086490644,Low,0
1.2493243550925663,0.6718793727424964,-0.9592282691896088,1.2145465262192152,0.1307224963268829,-1.5009251941692283,1.2088029637393247,0.0,0.0,1.0,0.011337162803478035,0.48067197699967196,0.19907108848195562,Low,0
-0.8541260834188912,-0.6124778511379871,-0.2839646489117391,0.060281491441278,1.0739996796838256,0.7995540745222163,0.0410987209311885,0.0,0.0,1.0,0.001189257045893461,0.21909680807135534,0.08835227745607822,Low,0
-0.0027294773547332,-0.4096846052621496,-1.4874047642584378,1.0238418682993822,-1.1898655603728368,-0.6007376542465164,0.5583221599181293,0.0,1.0,0.0,0.004298764052378189,0.21123897261868455,0.08707484747890074,Low,0
-1.2047011565041297,-1.018064342889739,-0.3708797683534451,0.2409490621021723,-1.3156358514870958,0.8995749122913749,0.2507157189903671,0.0,1.0,0.0,0.001189257045893461,0.11833910465221521,0.04804919608842217,Low,0
0.1475169825389484,0.8746726186183724,-0.170306415795662,-0.0400893811481077,-0.0107690811766584,0.9995957500605904,-0.0391927091264555,0.0,1.0,0.0,0.0012842961522475948,0.0853745911883455,0.03492041416668676,Low,0
1.199242201794663,0.9422703672436388,-0.5380242288182644,0.4115795455041285,-0.8125546870300597,-1.000821005323265,0.3891662089645804,0.0,1.0,0.0,0.0017409983018547635,0.09940255030347392,0.04080561910250243,Low,0
0.8987492820073282,-0.0040981135103977,2.4672331703391857,-2.107729356489456,1.4984744121944498,-1.800987707476818,-2.107574050449404,0.0,1.0,0.0,0.010478821783307375,0.7124260358750405,0.2912577074200006,Medium,0
0.347845595730505,0.1310973837401734,1.106677262155557,-1.2545769394796764,-0.5452928184122593,-0.5007168164773008,-1.3160905376573158,0.0,1.0,0.0,0.0012296655063114168,0.16726240687093766,0.06764276205216192,Low,0
-1.9058513026746344,-2.099628320894385,-0.0967628531911416,-0.0902748174428006,0.4765907968910952,0.6995332367530007,-0.0709624158650229,0.0,1.0,0.0,0.001189257045893461,0.35461274213884403,0.1425586510830737,Low,0
0.9989135886031064,0.2662928809907446,-0.4444233309579656,0.7227292505312247,0.8067378110660252,-1.600946031938444,0.897225309469243,0.0,1.0,0.0,0.005664505438562805,0.21920566926317467,0.09108097096840756,Low,0
1.4496529682841228,0.6718793727424964,1.9357137860610605,-1.5456524699888954,0.3193779329982714,-1.9010085452459768,-1.500165637494918,0.0,1.0,0.0,0.004853608356625806,0.5131573926421115,0.2081751220708201,Low,0
-1.304865463099936,-0.8828688456391679,0.7189021138771763,-0.812945100086379,0.3665417921661186,1.29965826336818,-0.7630571996976854,0.0,1.0,0.0,0.001189257045893461,0.16089997758553143,0.06507354526174865,Low,0
0.0473526759431701,1.1450636131195149,-0.1836779726328476,0.2610232366200498,1.5770808441408617,1.5997207766757129,0.3973254264520295,0.0,1.0,0.0,0.06885951043595498,0.2973708741578812,0.16026405592472548,Low,0
0.7485028221136465,0.2662928809907446,-1.7414643441649629,1.4253253586569257,-1.284193278708531,-1.10084184309248,0.8709344975652424,0.0,1.0,0.0,0.005231920372635913,0.37377370441773694,0.15264863399067632,Low,0
1.149160048496788,0.6718793727424964,0.0703816072736776,-0.3412019989162652,0.5551972288375071,-1.3008835186308545,-0.3542685786236436,0.0,0.0,1.0,0.0012842961522475948,0.2875184580771811,0.11577796092222101,Low,0
0.1975991358368233,1.2126613617448194,1.1802208247600774,-1.003649758006212,0.9010655294017196,1.3996791011373957,-0.8657569154636106,0.0,0.0,1.0,0.001488168225392962,0.46747686451308906,0.18788364674047142,Low,0
0.9989135886031064,0.6042816241171917,-0.5045953367253005,0.3212457601736814,1.76573628081225,-1.10084184309248,0.2818547615753156,0.0,1.0,0.0,0.19937658990196777,0.21875339438235775,0.20712731169412374,Low,0
-1.0544546966104762,-0.5448801025127208,-0.3508224330976668,-0.030052293889169,-1.535733860937049,1.29965826336818,-0.1299886389928186,0.0,1.0,0.0,0.001189257045893461,0.17696652560315382,0.0715001644687976,Low,0
0.8486671287094248,0.1310973837401734,-0.2973362057489247,0.3011715856558039,-0.655341823137236,-1.5009251941692283,0.3845347690864397,0.0,1.0,0.0,0.004925351783687097,0.11900342258985357,0.05055658010615369,Low,0
-0.6037153169294313,-0.6124778511379871,-0.3575082115162596,0.2409490621021723,0.7910165246767428,0.2994498856762525,0.2590720190258207,0.0,1.0,0.0,0.001189257045893461,0.02872938892417448,0.01220530979720587,Low,0
-0.4534688570357496,-1.018064342889739,-0.7720264734690113,0.3413199346915581,-1.6929467248298729,-0.6007376542465164,0.1394626206409814,0.0,1.0,0.0,0.0015210988855598915,0.2453168750518887,0.09903940935209143,Low,0
0.2476812891347267,1.0774658644942483,0.8526176822490317,-0.9635014089704578,0.9796719613481312,1.099616587829806,-0.945260015329231,0.0,0.0,1.0,0.0012842961522475948,0.4298795716676709,0.17272240635841693,Low,0
-0.1028937839505114,-0.4772823538874159,-1.6010629973745147,1.646141278353574,1.2626551163552142,-0.5007168164773008,1.262971102058773,0.0,1.0,0.0,0.0059825907987817685,0.3619201739455724,0.14835762405749803,Low,0
-0.9542903900146694,-1.423650834641491,-0.0900770747725488,0.0803556659591548,-0.906882405365754,-0.200654303169768,0.1870186394748285,0.0,1.0,0.0,0.001189257045893461,0.11463880350498688,0.04656907562953083,Low,0
1.149160048496788,0.9422703672436388,0.525014539737986,-0.7727967510506248,-0.9226036917550364,-0.900800167554106,-0.7907965683295297,0.0,1.0,0.0,0.0012842961522475948,0.1420936108883518,0.05760802204668927,Low,0
0.2977634424326301,1.2802591103700858,-0.3909371036092235,0.4216166327630672,0.2879353602197067,1.299658263368123,0.4992762285355316,0.0,1.0,0.0,0.0015773171786628748,0.1484073172858428,0.06030931722153485,Low,0
-0.503551010333653,-1.018064342889739,2.376975161688183,-1.7062458661319129,1.4198679802480378,-0.5007168164773008,-1.6375321734550985,0.0,1.0,0.0,0.0018972898650567922,0.5141769930054295,0.2068091711212059,Low,0
1.199242201794663,1.2126613617448194,-1.8417510204438543,1.9071055470859772,0.4765907968910952,-0.6007376542464594,1.3844330763948705,0.0,1.0,0.0,0.010096493522128108,0.4930474772991836,0.2032768870329503,Low,0
-1.555276229589396,-1.558846331892062,0.1305536130410125,-0.030052293889169,0.2564927874411419,0.7995540745222163,0.1516817386173539,0.0,1.0,0.0,0.001189257045893461,0.20962966223636725,0.08456541912208299,Low,0
1.7000637347735827,1.483052356245962,0.1572967267153836,-0.3211278243983885,-0.3566373817408708,-1.2008626808616387,-0.2767560124928857,1.0,0.0,0.0,0.0012038489692639488,0.6824260220356078,0.2736927181958015,Medium,0
0.2977634424326301,-0.1392936107609688,0.0102096015063426,0.250986149361111,0.3508205057768362,-0.8007793297848904,0.5039667931780749,0.0,0.0,1.0,0.001388014015049607,0.19538705935229642,0.07898763214994833,Low,0
0.8486671287094248,0.063499635114907,-0.2906504273303319,0.8030259486027331,-1.1269804148157072,-1.600946031938387,1.121426416080866,0.0,1.0,0.0,0.005664505438562805,0.2802012922944353,0.1154792201809118,Low,0
0.6984206688157432,0.4014883782413541,0.1773540619711619,-0.1806086027732477,0.7752952382874604,-0.8007793297848336,-0.0510767867712174,0.0,1.0,0.0,0.0012296655063114168,0.030783003926398,0.01305100087434605,Low,0
1.3494886616883446,0.3338906296160494,0.2174687324827185,-0.5017953950592827,-1.5671764337156138,-2.201071058553566,-0.5213551628231299,0.0,1.0,0.0,0.005195961746543229,0.3637983957826687,0.14863693536099343,Low,0
0.4480099023262832,0.9422703672436388,-0.9592282691896088,0.2710603238789885,0.2093289282732948,0.4994915612146266,-0.0759584584569746,1.0,0.0,0.0,0.0017426249329810415,0.5642163678004483,0.22673212207996796,Low,0
-2.056097762568316,-2.3024215667702226,0.9930190290394798,-0.9635014089704578,0.1464437827161653,0.6995332367530576,-0.882351266005716,0.0,1.0,0.0,0.001189257045893461,0.5383108637684245,0.2160378997349059,Low,0
0.2476812891347267,1.2802591103700858,0.3043838519244246,-0.8932417981578874,0.6495249471732014,1.3996791011373386,-1.0821929696837969,0.0,1.0,0.0,0.001488168225392962,0.2707188712276686,0.10918044942630321,Low,0
1.2994065083904698,1.618247853496533,-0.9659140476082017,0.582210028906084,-1.0955378420371424,-0.200654303169768,0.343226267024382,0.0,1.0,0.0,0.0018212177337029306,0.24373441688230993,0.09858649739314575,Low,0
1.149160048496788,1.0774658644942483,0.5183287613193932,-0.0099781193712922,0.4451482241125304,-0.700758492015675,0.4102737498560232,0.0,0.0,1.0,0.0013612487663756685,0.3146500630672374,0.12667677448672035,Low,0
-0.2030580905462897,0.1310973837401734,-0.9993429397011656,2.057661855970056,-1.4885700017692018,0.5995123989837853,2.3211171564303767,0.0,1.0,0.0,0.005740866843743096,0.47510323690192063,0.1934858148670141,Low,0
0.6483385155178683,1.0098681158689435,0.785759898063104,-0.762759663791686,-1.6929467248298729,0.199429047907037,-0.6504245235122575,0.0,0.0,1.0,0.0012842961522475948,0.43846369388324324,0.17615605524464586,Low,0
0.1475169825389484,1.1450636131195149,0.8325603469932534,-1.0136868452651506,1.341261548301626,1.3996791011373386,-1.0357898837557853,1.0,0.0,0.0,0.0017935576231806148,0.7434664265083059,0.2984627051772307,Medium,0
1.149160048496788,1.0098681158689435,0.0837531641108631,-0.6925000529791157,-1.07981655564786,-0.8007793297848904,-0.8792275076198208,0.0,1.0,0.0,0.0012842961522475948,0.1791413318404869,0.07242711042754331,Low,0
1.2493243550925663,1.3478568589953903,-0.5313384503996716,0.3212457601736814,1.2783764027444966,-0.5007168164773008,0.2648268294275974,0.0,0.0,1.0,0.0026573020051479535,0.3670433699725441,0.14841172919210643,Low,0
0.8486671287094248,0.6718793727424964,-1.5542625484443655,1.81677176175553,0.9482293885695664,-0.700758492015675,1.5193163722501757,0.0,0.0,1.0,0.00913864692646151,0.5717139208772065,0.2341687565067595,Low,0
-1.304865463099936,-0.4772823538874159,1.6348537572243858,-1.4252074228816325,-0.2623096634051765,1.899783289983359,-1.3993579141898504,0.0,0.0,1.0,0.001189257045893461,0.6341743603492014,0.2543832983672166,Medium,0
-1.4050297696957144,-1.423650834641491,-0.4979095583067078,0.4918762435756369,-0.3566373817408708,0.6995332367530007,0.5300211060244678,0.0,0.0,1.0,0.0012710036366055106,0.3298536669100016,0.13270406894596395,Low,0
-1.304865463099936,-1.2884553373908814,-1.219973627514727,1.3751399223622327,-0.6238992503586712,0.6995332367530576,1.2211107688623002,0.0,1.0,0.0,0.004669214488110828,0.2610481965439268,0.10722080731043722,Low,0
0.6984206688157432,0.3338906296160494,-0.5313384503996716,0.5320245926113911,1.1840486844088025,-0.9008001675540492,0.5650919454421354,0.0,0.0,1.0,0.0020587204673714107,0.2616349649001034,0.10588921824046421,Low,0
1.7000637347735827,1.0098681158689435,2.330174712758034,-1.8768763495338687,-0.4666863864658474,-1.9010085452459768,-1.9681677101173605,0.0,1.0,0.0,0.004853608356625806,0.6452328796684434,0.2610053168813529,Medium,0
-0.503551010333653,0.2662928809907446,1.220335495271634,-1.2043915031849837,0.1307224963268829,1.3996791011373386,-1.185621890877346,0.0,1.0,0.0,0.0012296655063114168,0.2448473137983844,0.09867672482314062,Low,0
-1.0043725433125728,-1.558846331892062,0.5049572044822077,-0.9233530599347032,-1.4256848562120723,-0.3006751409389267,-1.0377311468536443,0.0,1.0,0.0,0.001189257045893461,0.2936891842070559,0.11818922791035845,Low,0
1.399570814986248,0.6718793727424964,0.2241545109013113,-0.1504973409964323,-0.3566373817408708,-1.800987707476818,0.0215087156593914,0.0,1.0,0.0,0.004853608356625806,0.21615080400383158,0.08937248661550812,Low,0
-0.9542903900146694,-0.6800755997632919,-0.1903637510514404,0.0903927532180935,0.7124100927303308,0.8995749122913749,0.1415122791402429,0.0,1.0,0.0,0.001189257045893461,0.026355663809034258,0.01125581975114978,Low,0
0.6483385155178683,0.7394771213678013,1.2871932794575618,-1.2445398522207378,1.6085234169194265,-0.2006543031697112,-1.225944980199372,0.0,1.0,0.0,0.055185358627904794,0.2996881775521541,0.15298648619760452,Low,0
2.000556654560946,2.023834345248285,0.2976980735058318,-0.5519808313539757,-0.2465883770158941,-1.000821005323265,-0.5575690810192319,0.0,0.0,1.0,0.0012038489692639488,0.5256958554629763,0.21100065156674888,Low,0
1.950474501263043,2.0914320938735895,-0.6249393482599704,0.8331372103795486,0.0363947779911886,-0.8007793297848336,0.9274085016963602,0.0,0.0,1.0,0.0018195178748398094,0.5451835199659052,0.21916511871126598,Low,0
-0.1028937839505114,-0.3420868566368448,0.7389594491329546,-1.2947252885154308,-1.441406142601355,-0.3006751409389267,-1.5298167068424204,0.0,1.0,0.0,0.001189257045893461,0.29942316419167236,0.12048281990420504,Low,0
1.0990778951988849,0.9422703672436388,-0.5447100072368571,0.6524696397186543,-0.7496695414729302,-0.8007793297848904,0.7275076732538778,0.0,1.0,0.0,0.0019410271658534658,0.09725158414693497,0.04006524995828607,Low,0
-0.0027294773547332,0.8746726186183724,-0.0700197395167705,-0.0802377301838619,-1.0169314100907303,1.29965826336818,-0.0405722869624967,0.0,1.0,0.0,0.0012842961522475948,0.13047578406055085,0.0529608913155689,Low,0
0.6984206688157432,0.5366838754919253,-0.0031619553308428,-0.0099781193712922,-0.0107690811766584,-0.6007376542464594,0.10359359690389,0.0,0.0,1.0,0.0013978828550958537,0.18717336915972382,0.07570807737694704,Low,0
-1.304865463099936,-1.018064342889739,-0.7519691382132331,1.124212740888768,-0.8754398325871893,1.099616587829806,1.242198601498942,0.0,1.0,0.0,0.0016959057239025034,0.2032012619896777,0.08229804823021258,Low,0
-1.354947616397811,-1.1532598401403102,2.4672331703391857,-2.5192499341059382,-0.9226036917550364,0.9995957500605904,-2.449886728081021,0.0,1.0,0.0,0.0009419322551874047,0.6787229538252513,0.272054340883213,Medium,0
-0.6537974702273347,-0.2068913593862736,0.9127896880163666,-0.9635014089704578,-0.2465883770158941,0.9995957500605904,-0.9182991227620102,0.0,1.0,0.0,0.001189257045893461,0.14230738976474014,0.057636510133432135,Low,0
0.1475169825389484,-0.1392936107609688,-0.0499624042609922,-0.0802377301838619,-1.3156358514870958,-0.5007168164773008,-0.028983833139744,0.0,1.0,0.0,0.0013095503215329047,0.0672135537167434,0.027671151679617104,Low,0
-2.156262069164094,-2.5728125612714035,-0.4444233309579656,0.6223583779418389,-0.2465883770158941,0.4994915612146266,0.7529608843288522,0.0,1.0,0.0,0.0013259787942259103,0.4904615442894856,0.1969802049923298,Low,0
-0.8040439301210163,-0.6124778511379871,0.3244411871802029,-0.3913874352109582,0.2407715010518595,0.6995332367530576,-0.2950157105656414,0.0,1.0,0.0,0.001189257045893461,0.03740429256285908,0.015675271252679708,Low,0
1.199242201794663,1.3478568589953903,-1.507462099514216,0.9134339084510577,-1.441406142601355,-0.4006959787080853,0.402025845221972,0.0,1.0,0.0,0.006091564214705363,0.35493432989682916,0.14562867048755487,Low,0
-0.7539617768231129,-0.0040981135103977,1.828741331363576,-1.3950961611048165,-1.3470784242656606,1.4996999389065542,-1.2722987954903828,0.0,1.0,0.0,0.0012296655063114168,0.4370962552161735,0.17557630139025626,Low,0
1.2994065083904698,0.6718793727424964,0.8659892390862173,-0.2006827772911252,-0.1365393722909174,-1.600946031938444,0.3039280069519862,0.0,1.0,0.0,0.004853608356625806,0.24623302907384167,0.10140537664351215,Low,0
-1.4551119229935894,-1.018064342889739,0.6052438807610993,-0.762759663791686,1.3569828346909083,1.3996791011373386,-0.7366284300100813,0.0,0.0,1.0,0.0018972898650567922,0.4551167735406127,0.18318508333527916,Low,0
-1.2047011565041297,-0.4772823538874159,-0.0098477337494356,0.1907636258074793,-1.6457828656620257,1.6997416144449282,0.4010010159723408,0.0,0.0,1.0,0.001189257045893461,0.4627740377317249,0.18582316932022605,Low,0
-0.9542903900146694,-1.558846331892062,-0.3441366546790741,0.5019133308345757,0.4451482241125304,-0.4006959787081422,0.6463589341124082,0.0,1.0,0.0,0.0012710036366055106,0.13497999150529055,0.05475459878407953,Low,0
0.2977634424326301,-0.4096846052621496,-0.5915104561670066,0.3212457601736814,-0.1837032314587646,-1.2008626808616956,0.2265139820952305,0.0,1.0,0.0,0.0015210988855598915,0.08457730028882011,0.03474357944686398,Low,0
1.199242201794663,1.2802591103700858,2.2499453717349205,-1.415170335622694,0.2093289282732948,-0.5007168164773008,-1.147062690359972,0.0,1.0,0.0,0.001488168225392962,0.4140324667127631,0.16650588762034105,Low,0
1.149160048496788,0.6718793727424964,-0.5915104561670066,0.3714311964683743,0.6966888063410486,-1.3008835186308545,0.2975622406513934,0.0,1.0,0.0,0.0016426134167653636,0.12730342140887144,0.0519069366136078,Low,0
0.1475169825389484,1.2126613617448194,-0.2839646489117391,-0.160534428255371,-0.8911611189764717,1.4996999389065542,-0.2814859936450294,0.0,1.0,0.0,0.001488168225392962,0.2170872461531146,0.08772779939648162,Low,0
-1.1546190032062544,-0.6124778511379871,1.3473652852248967,-1.1943544159260449,0.9325081021802842,1.3996791011373957,-1.11613058445043,0.0,0.0,1.0,0.001189257045893461,0.471080114191306,0.1891455999040585,Low,0
0.1975991358368233,0.3338906296160494,-0.8589415929107174,1.4353624459158636,-1.0012101237014484,0.0994082101378783,1.589753674907518,0.0,1.0,0.0,0.0021848420533480367,0.2325148284050815,0.09431683659404143,Low,0
-0.2531402438441931,-0.6124778511379871,0.117182056203827,0.4316537200220052,-1.0640952692585777,-0.4006959787080853,0.8455502653820698,1.0,0.0,0.0,0.0012710036366055106,0.5719340730636148,0.22953623140740922,Low,0
0.4980920556241866,0.4690861268666205,-0.2505357568187753,0.8130630358616718,0.5866398016160719,-0.3006751409389267,1.1645185152023774,0.0,0.0,1.0,0.0016519099428965647,0.29188630109613883,0.11774566640419347,Low,0
1.2994065083904698,0.6042816241171917,-1.333631860630804,1.2045094389602764,0.7281313791196132,-1.7009668697076592,0.908183099138376,0.0,1.0,0.0,0.9439480191841416,0.3543821093291777,0.708121655242156,High,1
0.6984206688157432,-0.0716958621357025,-1.8150079067694835,2.398922822773968,-1.3785209970442254,-1.5009251941692283,2.0155997905114775,0.0,1.0,0.0,0.9803504317775629,0.6702176439632016,0.8562973166518184,Critical,1
-0.4033867037378747,-0.8828688456391679,-1.0394576102127222,1.5156591439873728,-0.4666863864658474,-0.5007168164773008,1.5536777144950205,1.0,0.0,0.0,0.005300395803598249,0.6625682140561486,0.26820752310461843,Medium,0
0.0473526759431701,-0.27448910801154,-1.4004896448167317,0.6926179887544086,-0.5138502456336945,-0.5007168164773008,0.1930592195712125,0.0,1.0,0.0,0.004298764052378189,0.12564963906745444,0.052839114058408694,Low,0
-0.5536331636315563,0.1310973837401734,1.6081106435500148,-1.3248365502922466,1.7028511352551208,1.29965826336818,-1.2350107774076482,1.0,0.0,0.0,0.0670693396825297,0.789666479441608,0.356108195586161,Medium,0
0.1475169825389484,0.7394771213678013,-0.3575082115162596,0.4216166327630672,0.916786815791002,0.7995540745222163,0.5210538500901948,0.0,0.0,1.0,0.0013612487663756685,0.2627433907597122,0.1059141055637103,Low,0
0.6483385155178683,0.5366838754919253,-0.9391709339338306,1.7465121509429598,0.8853442430124371,-0.5007168164773008,1.950158530446087,0.0,1.0,0.0,0.004524125778415225,0.3287038439015076,0.1341960130276522,Low,0
-0.4534688570357496,-1.1532598401403102,-0.2772788704931464,-0.1906456900321865,-1.1898655603728368,-0.8007793297848904,-0.3217203958204536,0.0,1.0,0.0,0.001189257045893461,0.1588149061044642,0.06423951666932176,Low,0
-0.9042082367167944,-0.0040981135103977,-0.6516824619343415,0.4216166327630672,-0.6238992503586712,1.7997624522141438,0.3294107804091628,1.0,0.0,0.0,0.0015727648812867592,0.6177945083991575,0.24806146228843506,Low,0
-1.9058513026746344,-1.8968350750185092,-0.9725998260267944,0.4015424582451898,-1.614340292883461,0.9995957500605904,0.0930496805855688,0.0,0.0,1.0,0.0016883741341866944,0.623358582202011,0.2503564573613164,Medium,0
-0.9042082367167944,-1.558846331892062,0.5183287613193932,-0.6222404421665461,-0.0264903675659408,-0.5007168164773008,-0.5562978985845939,0.0,0.0,1.0,0.001189257045893461,0.35574432141396617,0.14301128279312256,Low,0
0.54817420892209,0.063499635114907,-0.2772788704931464,0.582210028906084,-1.032652696480013,-1.000821005323265,0.8080848730061292,0.0,1.0,0.0,0.0014531681623181345,0.09868364684222791,0.04034535963428205,Low,0
-0.6537974702273347,0.063499635114907,0.5985581023425064,-0.5218695695771602,0.0678373507697534,1.3996791011373957,-0.3566926939641189,0.0,1.0,0.0,0.0012296655063114168,0.11320676684445,0.04602050604156685,Low,0
1.950474501263043,1.7534433507471423,-0.6984829108644909,1.3450286605854165,1.011114534126696,-1.3008835186307974,1.5917047921327776,0.0,1.0,0.0,0.0021390147581461165,0.5260591088585856,0.21170705239832194,Low,0
1.2994065083904698,1.5506501048712666,0.7790741196445112,-0.8229821873453174,-0.8754398325871893,-0.3006751409389267,-0.7509957477597184,0.0,1.0,0.0,0.0012038489692639488,0.2333938825463149,0.09407986240008434,Low,0
0.5982563622199649,0.5366838754919253,-0.3441366546790741,-0.1806086027732477,0.4923120832803776,-0.4006959787080853,-0.3446903667905527,0.0,1.0,0.0,0.0013978828550958537,0.0339918452067936,0.014435467795774953,Low,0
-1.104536849908351,-1.085662091515044,-1.046143388631315,0.712692163272286,0.6652462335624838,0.5995123989837853,0.4650824064564915,0.0,1.0,0.0,0.0045108294871879975,0.119365710059392,0.0504527817160696,Low,0
0.097434829241045,0.4014883782413541,2.4672331703391857,-1.9270617858285617,-0.3880799545194355,0.399470723445468,-1.8475827531198907,0.0,0.0,1.0,0.0012296655063114168,0.6425184470517737,0.2577451781244964,Medium,0
-0.8541260834188912,-0.3420868566368448,1.2069639384344484,-0.973538496229396,0.633803660783919,1.1996374255989646,-0.8033507266375112,0.0,1.0,0.0,0.001189257045893461,0.17491668428814142,0.07068022794279265,Low,0
-0.6537974702273347,-1.018064342889739,-1.186544735421763,0.7026550760133473,1.2940976891337788,-0.2006543031697112,0.3542825979675189,0.0,1.0,0.0,0.014931530079333781,0.16519763652911823,0.07503797265924757,Low,0
-1.354947616397811,-1.085662091515044,-0.0633339610981777,-0.1806086027732477,-0.325194808962306,1.099616587829749,-0.1865907467801407,0.0,0.0,1.0,0.001189257045893461,0.28222544479747036,0.11360373214652422,Low,0
0.097434829241045,0.1310973837401734,-0.0031619553308428,0.8532113848974261,-1.4571274289906373,-0.000612627631337,1.40019968023535,0.0,1.0,0.0,0.0015725288373987616,0.24847899215125155,0.10033511416293989,Low,0
-1.254783309802033,-1.1532598401403102,2.4672331703391857,-2.730028766543647,0.3036566466089891,0.7995540745222163,-2.6780097773979636,0.0,1.0,0.0,0.97903384728374,0.6866500216605214,0.8620803170344524,Critical,1
1.900392347965168,2.159029842498856,-1.3002029685378402,0.7829517740848557,1.0739996796838256,-0.6007376542465164,0.3808690336935277,0.0,1.0,0.0,0.004932095775175566,0.4701858648197028,0.19103360339298647,Low,0
-0.1028937839505114,0.2662928809907446,0.3244411871802029,-0.3612761734341427,-1.6929467248298729,0.5995123989837853,-0.2483367090704208,0.0,1.0,0.0,0.0012296655063114168,0.17139701105696895,0.06929660372657444,Low,0
0.6483385155178683,0.5366838754919253,-0.6583682403529343,1.4453995331748024,-0.8911611189764717,-0.5007168164773008,1.764388520695634,0.0,1.0,0.0,0.0024834019611695624,0.2668192495694115,0.10821774100446634,Low,0
0.6984206688157432,0.4690861268666205,-0.6851113540273054,1.3751399223622327,1.0739996796838256,-0.700758492015675,1.644444081979184,0.0,1.0,0.0,0.0024834019611695624,0.2486814458439268,0.10096261951427246,Low,0
0.347845595730505,0.4014883782413541,-0.7519691382132331,0.6323954652007769,-0.3723586681301531,-0.1006334654004957,0.5575141214713036,0.0,0.0,1.0,0.001858512861917741,0.1966190434213724,0.07976272508569962,Low,0
0.4980920556241866,0.6042816241171917,-0.257221535237368,0.4617649817988214,-1.4571274289906373,-0.1006334654005525,0.6451961470791726,0.0,1.0,0.0,0.001583443086644866,0.12477704083033664,0.050860882184121575,Low,0
1.0990778951988849,0.063499635114907,-0.4845380014695222,0.5119504180935144,-1.4571274289906373,-2.1010502207843507,0.5676047479292119,0.0,1.0,0.0,0.005664505438562805,0.31862218977731027,0.13084757917406178,Low,0
-0.4534688570357496,-0.0040981135103977,-0.6249393482599704,0.110466927735971,1.3255402619123435,0.8995749122913749,-0.0921389356482666,0.0,0.0,1.0,0.0021593675980865253,0.2679662398283346,0.10848211649018577,Low,0
0.7985849754115499,0.3338906296160494,-0.7787122518876042,0.9335080829689344,-0.0264903675659408,-1.10084184309248,0.95727636184667,0.0,0.0,1.0,0.001858512861917741,0.306440887990538,0.12369146291336584,Low,0
-1.104536849908351,-1.4912485832667572,0.8793607959234028,-0.933390147193642,-0.9383249781443188,-0.000612627631337,-0.8841447171925706,1.0,0.0,0.0,0.001189257045893461,0.6687504462789898,0.268213732739132,Medium,0
-0.6537974702273347,-0.0040981135103977,-0.4778522230509295,0.0201331424055238,-0.6081779639693888,1.29965826336818,-0.1324324625880932,0.0,0.0,1.0,0.0012296655063114168,0.2256722063710314,0.09100668185219941,Low,0
1.649981581475708,1.0098681158689435,-0.9792856044453871,1.4855478822105566,-0.9383249781443188,-1.800987707476818,1.5616299953070625,0.0,0.0,1.0,0.013567213554151919,0.6690095062657909,0.27574413063880754,Medium,0
0.097434829241045,0.2662928809907446,-0.0031619553308428,-0.4315357842467123,-0.4352438136872826,0.199429047907037,-0.5296326298393805,0.0,0.0,1.0,0.0012296655063114168,0.21881152208622695,0.08826240813827764,Low,0
-1.254783309802033,-0.8828688456391679,-1.0662007238870932,0.6524696397186543,0.2093289282732948,1.1996374255989646,0.3700984724450007,0.0,1.0,0.0,0.0045108294871879975,0.10194204684384986,0.043483316429852745,Low,0
-1.0043725433125728,-0.9504665942644344,-1.453975872165474,1.0840643918530133,0.9796719613481312,0.5995123989838421,0.6606868353524431,0.0,1.0,0.0,0.004298764052378189,0.20235066924058415,0.08351952612766057,Low,0
-0.6537974702273347,-0.2068913593862736,2.3435462695952194,-1.8367280004981144,-1.237029419540684,0.9995957500605904,-1.8898273972849775,0.0,1.0,0.0,0.001189257045893461,0.5109365057740675,0.20508815653716309,Low,0
1.149160048496788,0.063499635114907,1.3406795068063038,-0.6623887912023002,0.0678373507697534,-2.201071058553566,-0.2148523841642025,0.0,0.0,1.0,0.0046478549634723565,0.5803236916989774,0.23491818965767436,Low,0
0.4480099023262832,0.7394771213678013,-0.491223779888115,-0.2609053008447569,-0.1837032314587646,0.1994290479070938,-0.5423641624405695,0.0,1.0,0.0,0.0012842961522475948,0.07534023015654043,0.03090666975396473,Low,0
1.149160048496788,1.1450636131195149,-0.2438499784001825,-0.2910165626215723,0.0992799235483181,-0.6007376542465164,-0.4501689464833633,0.0,0.0,1.0,0.0012842961522475948,0.30705406480551123,0.12359220361355305,Low,0
0.2476812891347267,1.2802591103700858,0.1038104993666414,-0.0601635556659852,1.4984744121944498,1.3996791011373386,0.0903299414230852,0.0,1.0,0.0,0.019113561835859456,0.2658021785610888,0.1177890085259512,Low,0
-0.503551010333653,0.1986951323654782,0.8459319038304389,-0.903278885416826,-0.5924566775801064,1.29965826336818,-0.8502859354451403,0.0,0.0,1.0,0.0012296655063114168,0.3445661056685256,0.13856424157119707,Low,0
-0.6537974702273347,0.1310973837401734,0.551757653412357,-0.4014245224698969,-1.6929467248298729,1.4996999389065542,-0.1899608583510444,1.0,0.0,0.0,0.0012296655063114168,0.6663483806019365,0.26727715154456144,Medium,0
0.347845595730505,-0.27448910801154,0.87267501750481,-0.973538496229396,0.3350992193875538,-1.1008418430924232,-0.9526407567520548,0.0,1.0,0.0,0.001189257045893461,0.16598548724457649,0.06710774912536667,Low,0
-0.8040439301210163,-0.4096846052621496,0.0636958288550848,0.3212457601736814,0.5237546560589423,0.9995957500605904,0.6436983197143271,0.0,1.0,0.0,0.001189257045893461,0.049097968483936695,0.020352741621110754,Low,0
1.0990778951988849,0.8746726186183724,-0.0031619553308428,-0.2709423881036956,1.5613595577515793,-0.9008001675540492,-0.2884035910800409,0.0,1.0,0.0,0.055185358627904794,0.170585271329628,0.10134532370859409,Low,1
0.3979277490284083,0.9422703672436388,-0.0633339610981777,-0.0099781193712922,-1.4571274289906373,0.5995123989837853,0.068207425409413,0.0,0.0,1.0,0.0012842961522475948,0.31259268074204205,0.12580764998816538,Low,0
1.0990778951988849,-0.0040981135103977,-0.317393541004703,0.8732855594153035,-1.3785209970442254,-2.201071058553566,1.204802188014804,0.0,1.0,0.0,0.005664505438562805,0.42869230138578646,0.17487562381745228,Low,0
0.6984206688157432,0.8746726186183724,2.4672331703391857,-2.4188790615165523,-0.906882405365754,-0.1006334654004957,-2.2723646229646186,0.0,1.0,0.0,0.0010028868404792922,0.5929096688082576,0.2377655996275906,Low,0
1.149160048496788,1.0098681158689435,-0.0031619553308428,-0.2207569518090026,-0.7968334006407773,-0.8007793297848904,-0.2130195164677465,0.0,1.0,0.0,0.0012842961522475948,0.09705922644660271,0.039594268269989644,Low,0
-1.555276229589396,-1.2884553373908814,-0.6383109050971559,0.5320245926113911,-0.7182269686943654,1.1996374255990214,0.4936692300447604,0.0,1.0,0.0,0.0016959057239025034,0.19482599689817293,0.07894794219361068,Low,0
-0.6537974702273347,-0.27448910801154,-0.0967628531911416,-0.1504973409964323,-0.7339482550836478,0.8995749122914317,-0.1605955586981503,0.0,1.0,0.0,0.001189257045893461,0.041750902169567256,0.017413915095362976,Low,0
-1.805686996078856,-1.761639577767938,-0.7653406950504186,1.0037676937815048,1.6085234169194265,0.9995957500605904,1.0646666422551383,0.0,0.0,1.0,0.056653410672395724,0.6064296726656265,0.27656391546968806,Medium,0
0.8987492820073282,0.6718793727424964,1.5078239672711231,-1.3348736375511852,-1.1741442739835544,-0.8007793297848904,-1.2919282172717814,0.0,0.0,1.0,0.0012842961522475948,0.48270725070246884,0.1938534779723361,Low,0
0.2476812891347267,0.3338906296160494,-0.5246526719810789,0.2911344983968652,-1.237029419540684,-0.000612627631337,0.2261592335088196,0.0,1.0,0.0,0.0015727648812867592,0.07388961399844245,0.030499504528149035,Low,0
1.2493243550925663,0.3338906296160494,-0.6316251266785632,-0.351239086175204,-1.0169314100907303,-2.001029383015192,-0.747113221564,0.0,1.0,0.0,0.007754722432863598,0.34064879161098166,0.14091235010411082,Low,0
0.7985849754115499,0.4014883782413541,-0.5045953367253005,0.391505370986251,-1.6929467248298729,-1.000821005323265,0.3822190491473693,0.0,1.0,0.0,0.0016669731501910124,0.1839679818833317,0.07458737664344729,Low,0
-0.7539617768231129,-0.2068913593862736,0.6921590002028052,-0.2207569518090026,-0.4666863864658474,1.1996374255989646,0.1743659398928432,0.0,1.0,0.0,0.001189257045893461,0.10647433520011694,0.04330328830758286,Low,0
0.8987492820073282,-0.0716958621357025,-1.3135745253750255,2.107847292264749,1.16832739801952,-1.9010085452460337,2.10664207356285,0.0,0.0,1.0,0.9937372002852435,0.7662433633127193,0.9027396654962339,Critical,1
1.149160048496788,1.1450636131195149,-0.3240793194232957,-0.1003119047017394,0.3036566466089891,-0.6007376542465164,-0.2165670023318535,1.0,0.0,0.0,0.0012842961522475948,0.5376613115933379,0.21583510232868372,Low,0
1.7000637347735827,1.0098681158689435,-0.1970495294700331,-0.3813503479520194,-0.6081779639693888,-1.9010085452459768,-0.5576971846754354,0.0,1.0,0.0,0.004853608356625806,0.3307560387569701,0.13521458051676355,Low,0
-1.254783309802033,-0.9504665942644344,-0.1168201884469199,-0.030052293889169,-1.1898655603728368,1.099616587829806,0.0069344612343488,0.0,1.0,0.0,0.001189257045893461,0.12160505901265124,0.04935557783259658,Low,0
-0.503551010333653,-0.9504665942644344,0.7657025628073256,-0.6623887912023002,-1.3470784242656606,-0.4006959787080853,-0.4979023396104154,0.0,0.0,1.0,0.001189257045893461,0.3502716429148946,0.14082221139349393,Low,0
0.3979277490284083,0.5366838754919253,1.0598768132254075,-0.7125742274969932,0.6809675199517662,-0.000612627631337,-0.4363041892311416,0.0,1.0,0.0,0.0013978828550958537,0.09751927196299072,0.039846438498253804,Low,0
0.1475169825389484,1.1450636131195149,0.2709549598314607,-0.883204710898949,0.2407715010518595,1.3996791011373386,-1.082035303645393,0.0,1.0,0.0,0.0012842961522475948,0.2438961332941477,0.09832903100900764,Low,0
0.8987492820073282,0.4014883782413541,-0.9057420418408668,1.0539531300761975,0.3665417921661186,-1.2008626808616387,1.0299308431690817,0.0,1.0,0.0,0.0019716435868386995,0.1541195325079803,0.06283079915529534,Low,0
-0.8040439301210163,-0.3420868566368448,-0.5380242288182644,0.7929888613437944,0.0678373507697534,1.099616587829806,0.9321286287211048,0.0,1.0,0.0,0.0016959057239025034,0.08405096431615076,0.03463792916080181,Low,0
-1.0544546966104762,-1.6264440805173284,2.4672331703391857,-1.967210134864316,0.9953932477374136,-0.3006751409388699,-1.955899321503988,0.0,1.0,0.0,0.001189257045893461,0.5956059856654584,0.23895594849371946,Low,0
0.1975991358368233,0.4014883782413541,-0.6784255756087126,0.6926179887544086,-1.3942422834335078,0.1994290479070938,0.6921904806512017,0.0,1.0,0.0,0.001858512861917741,0.12544122692128112,0.051291598485663094,Low,0
-0.2531402438441931,-0.6124778511379871,-0.7720264734690113,0.9234709957099964,-1.5671764337156138,-0.4006959787080853,0.9481908563835936,0.0,1.0,0.0,0.0016959057239025034,0.1779619275567283,0.07220231445703282,Low,0
-1.304865463099936,-0.9504665942644344,-0.7385975813760475,0.582210028906084,0.1936076418840124,1.1996374255990214,0.4966747389018522,1.0,0.0,0.0,0.0016959057239025034,0.5574161027726541,0.22398398454340313,Low,0
1.149160048496788,1.1450636131195149,-0.2973362057489247,-0.0400893811481077,0.6180823743946366,-0.6007376542465164,-0.1133351636863123,0.0,0.0,1.0,0.0012842961522475948,0.2867082486084049,0.11545387713471052,Low,0
-1.104536849908351,-1.6940418291426331,-0.838884257654939,0.6926179887544086,0.0835586371590358,-0.3006751409389267,0.5812724226334274,0.0,0.0,1.0,0.0016959057239025034,0.376796773030826,0.1517362526466719,Low,0
0.0473526759431701,0.063499635114907,0.7991314549002895,-0.8430563618631944,-1.3942422834335078,-0.000612627631337,-0.7741135306408222,0.0,1.0,0.0,0.0012296655063114168,0.1503366205180673,0.06087244751101376,Low,0
-0.6037153169294313,-0.4772823538874159,-0.5380242288182644,0.4818391563166981,-0.702505682305083,0.4994915612146266,0.4891856020776243,0.0,1.0,0.0,0.0016256183398726926,0.047238374128758254,0.019870720655426916,Low,0
-1.254783309802033,-0.9504665942644344,-0.1368775237026982,-0.4516099587645898,0.7438526655088956,1.099616587829806,-0.6297505642264284,0.0,0.0,1.0,0.001189257045893461,0.3031863311628634,0.12198808669268145,Low,0
0.4980920556241866,0.5366838754919253,-0.3708797683534451,-0.4716841332824673,-1.3942422834335078,-0.2006543031697112,-0.7812577730060403,0.0,1.0,0.0,0.0013978828550958537,0.14272991953046957,0.057930697525245343,Low,0
-0.9042082367167944,-0.815271097013863,-1.2400309627705053,0.4316537200220052,-1.1112591284264248,0.5995123989838421,-0.0406215575995,0.0,1.0,0.0,0.004121045646635987,0.15521462525747143,0.06455847749097017,Low,0
0.2977634424326301,-0.3420868566368448,-0.0031619553308428,0.0201331424055238,-0.2308670906266117,-1.10084184309248,0.1488240416712667,0.0,0.0,1.0,0.001189257045893461,0.23282396449788237,0.09384314002668903,Low,0
-1.555276229589396,-1.2884553373908814,-0.6048820130041921,0.6323954652007769,-0.6867843959158006,1.1996374255990214,0.6578882631707593,0.0,0.0,1.0,0.0016959057239025034,0.38229139030401454,0.1539340995559473,Low,0
1.950474501263043,1.8210410993724089,-0.3040219841675174,0.3312828474326194,1.0425571069052608,-1.2008626808616387,0.4241976318726457,0.0,0.0,1.0,0.0012759874977108705,0.5212907270781191,0.20928188332987416,Low,0
1.149160048496788,0.6042816241171917,0.0971247209480487,-0.3311649116573265,-1.40996356982279,-1.4009043564000696,-0.3246175092761413,0.0,1.0,0.0,0.0030943024881100335,0.19194846674820049,0.07863596819214622,Low,0
1.0990778951988849,0.8070748699930677,-0.9993429397011656,0.9435451702278732,1.5613595577515793,-1.000821005323265,0.8105681131110052,0.0,1.0,0.0,0.1740429281081473,0.2214097590188603,0.1929896604724325,Low,0
0.0473526759431701,0.063499635114907,1.0264479211324438,-0.9233530599347032,-1.4885700017692018,-0.000612627631337,-0.8009955901888394,0.0,1.0,0.0,0.0012296655063114168,0.19727215859228225,0.07964666274069976,Low,0
-0.0528116306526365,0.2662928809907446,-0.8188269223991608,-0.160534428255371,0.5709185152267895,0.4994915612146266,-0.5842047873822422,0.0,1.0,0.0,0.0015727648812867592,0.10590040318183086,0.043303820201504396,Low,0
-1.0043725433125728,-0.9504665942644344,-0.1569348589584765,-0.2709423881036956,1.7185724216444032,0.5995123989838421,-0.3729421500472127,0.0,0.0,1.0,0.04318544200305438,0.39102438382159616,0.1823210187304711,Low,0
-2.2564263757598724,-2.7080080585219743,1.801998217689205,-1.2445398522207378,1.5770808441408617,0.4994915612146266,-1.0165250646881994,0.0,1.0,0.0,0.05939918052140688,0.7338652999339557,0.3291856282864264,Medium,0
-0.503551010333653,-0.815271097013863,-0.7519691382132331,0.5721729416471459,1.5141956985837322,-0.2006543031697112,0.4736752055495535,0.0,0.0,1.0,0.012596681645928913,0.31971920172129004,0.13544568967607337,Low,0
-0.4534688570357496,0.2662928809907446,-0.838884257654939,1.365102835103294,-0.3409160953515884,1.299658263368123,1.5088907054606575,1.0,0.0,0.0,0.0021848420533480367,0.6556067004607107,0.2635535854162931,Medium,0
-0.3032223971420965,-0.6800755997632919,0.5116429829008005,-0.6322775294254841,0.3508205057768362,-0.4006959787080853,-0.5754641763781757,1.0,0.0,0.0,0.001189257045893461,0.5422609234129657,0.2176179235927224,Low,0
1.149160048496788,0.8070748699930677,1.7083973198289062,-1.5757637317657112,-0.4195225272980002,-1.10084184309248,-1.635383973681833,0.0,1.0,0.0,0.0012842961522475948,0.3532634362799048,0.14207595220331048,Low,0
-0.8040439301210163,-1.423650834641491,2.4672331703391857,-1.8668392622749304,0.4451482241125304,-0.5007168164773008,-1.8041457595393695,1.0,0.0,0.0,0.001189257045893461,0.8712392887662475,0.34920926973403504,Medium,0
-0.6037153169294313,-0.1392936107609688,-0.2505357568187753,-0.1504973409964323,0.382263078555401,0.9995957500605904,-0.2478538568278056,0.0,1.0,0.0,0.0013095503215329047,0.02570419829738404,0.011067409511873358,Low,0
0.0473526759431701,-0.4096846052621496,0.2575834029942752,-0.8430563618631944,0.2564927874411419,-0.7007584920157318,-1.026339775578898,0.0,0.0,1.0,0.001189257045893461,0.3091462589326658,0.1243720578006024,Low,0
0.0473526759431701,0.9422703672436388,0.8659892390862173,-0.8631305363810718,-1.0955378420371424,1.299658263368123,-0.7756901910248696,0.0,1.0,0.0,0.0012842961522475948,0.21681880236463175,0.08749809863720126,Low,0
1.0990778951988849,0.8070748699930677,0.7924456764816967,-0.682462965720177,-1.5514551473263314,-1.000821005323265,-0.5172361375698039,0.0,1.0,0.0,0.0012842961522475948,0.18807495628996365,0.07600056020733402,Low,0
-0.8040439301210163,-0.6124778511379871,-0.7185402461202692,0.8030259486027331,0.4294269377232481,0.6995332367530576,0.8187076223436532,0.0,1.0,0.0,0.0016959057239025034,0.08065515713826489,0.03327960628964746,Low,0
-0.3533045504399714,-0.9504665942644344,-0.8522558144921246,1.0639902173351363,1.2783764027444966,-0.700758492015675,1.083566858608914,0.0,1.0,0.0,0.0023283298488602894,0.2024431402436922,0.08237425400679306,Low,0
0.347845595730505,0.4014883782413541,0.525014539737986,-1.2445398522207378,0.0049522052126239,-0.1006334654004957,-1.5359952447224088,0.0,0.0,1.0,0.0012296655063114168,0.3552962520405962,0.14285630012002534,Low,0
-1.6053583828872708,-1.6264440805173284,-1.2868314117006547,0.4416908072809439,0.3193779329982714,0.7995540745222163,-0.0579943842062281,0.0,1.0,0.0,0.004121045646635987,0.28203043577175224,0.1152848016966825,Low,0
0.3979277490284083,0.6042816241171917,-0.7051686892830836,0.4015424582451898,-1.1741442739835544,0.0994082101378215,0.2664823228308466,1.0,0.0,0.0,0.0017878339589177095,0.5577768733074698,0.22418344969833856,Low,0
-1.104536849908351,-1.829237326393204,-1.3603749743051752,2.107847292264749,1.2312125435766494,-0.5007168164773008,2.064564949563568,0.0,1.0,0.0,0.33010332460976405,0.5974586146554345,0.4370454406280322,Medium,1
2.000556654560946,2.023834345248285,1.0331336995510365,-1.1843173286671065,-0.655341823137236,-1.000821005323265,-1.2296698403566857,0.0,0.0,1.0,0.0012038489692639488,0.658485148709555,0.26411636886538037,Medium,0
1.3494886616883446,1.483052356245962,0.5383860965751716,-0.5921291803897298,1.2312125435766494,-0.5007168164773008,-0.4986808156750389,0.0,1.0,0.0,0.0013336273779407145,0.23146260519671596,0.09338521850545083,Low,0
-1.104536849908351,-1.829237326393204,1.828741331363576,-1.4051332483637553,1.7971788535908149,-0.5007168164773008,-1.2900756413205243,0.0,0.0,1.0,0.10771738853209156,0.7413977826595562,0.3611895461830774,Medium,0
0.097434829241045,-0.4772823538874159,-1.0996296159800572,0.9335080829689344,-0.7653908278622126,-0.9008001675540492,0.7240882910459743,0.0,1.0,0.0,0.0045108294871879975,0.13436029977384129,0.056450617601849315,Low,0
-0.7038796235252095,-0.3420868566368448,-0.5380242288182644,0.4316537200220052,-1.5828977201048962,0.8995749122913749,0.41774317842545,0.0,1.0,0.0,0.0016256183398726926,0.1505100338572132,0.0611793845468089,Low,0
-0.4534688570357496,0.3338906296160494,0.6520443296912486,-0.4114616097288356,1.0425571069052608,1.3996791011373386,-0.1527910897971129,0.0,1.0,0.0,0.0012296655063114168,0.1404221557636916,0.05690666160926349,Low,0
1.04899574190101,1.0098681158689435,0.0168953799249354,-0.0601635556659852,-1.284193278708531,-0.6007376542465164,0.03985710087875,0.0,1.0,0.0,0.0012842961522475948,0.12236940525890797,0.04971833979491175,Low,0
0.8987492820073282,0.8746726186183724,-0.3976228820278162,0.4216166327630672,0.633803660783919,-0.5007168164773008,0.4949207042245999,0.0,1.0,0.0,0.0013612487663756685,0.05325248887517083,0.022117744809893737,Low,0
0.1475169825389484,0.063499635114907,-0.317393541004703,-0.0099781193712922,1.0425571069052608,-0.2006543031697112,-0.0812008542339348,0.0,1.0,0.0,0.0012296655063114168,0.036464980477062585,0.015323791494611886,Low,0
0.3979277490284083,0.8070748699930677,0.5450718749937643,-0.7527225765327473,0.5551972288375071,0.3994707234454111,-0.7494782121400718,1.0,0.0,0.0,0.0012842961522475948,0.57983914070298,0.2327062339725406,Low,0
-0.7038796235252095,-0.7476733483885967,-1.3603749743051752,1.8870313725681,-1.5514551473263314,0.2994498856761957,1.7768835542392127,0.0,1.0,0.0,0.00696814054343553,0.4339033337010455,0.17774221780647953,Low,0
-1.0043725433125728,-1.558846331892062,-0.3441366546790741,0.250986149361111,-0.9540462645336012,-0.3006751409389267,0.2820025734863193,0.0,1.0,0.0,0.001189257045893461,0.15339737666283265,0.06207250489266914,Low,0
0.7985849754115499,0.063499635114907,1.046505256388222,-1.3449107248101235,-1.441406142601355,-1.5009251941692283,-1.490094719291811,0.0,1.0,0.0,0.0046478549634723565,0.3675073818511959,0.14979166571856178,Low,0
1.4997351215820265,0.8070748699930677,-0.1836779726328476,-0.3010536498805111,0.6966888063410486,-1.800987707476818,-0.4320767685764125,1.0,0.0,0.0,0.004853608356625806,0.6705547225643637,0.27113405403972096,Medium,0
0.8987492820073282,0.4690861268666205,2.4672331703391857,-2.1478777055252105,-0.8911611189764717,-1.10084184309248,-2.077696336171694,0.0,1.0,0.0,0.0013978828550958537,0.5264351956488724,0.2114128079726065,Low,0
-1.354947616397811,-1.1532598401403102,0.0904389425294559,0.1706894512896026,-1.5986190064941783,0.9995957500605904,0.4325046612711002,0.0,0.0,1.0,0.001189257045893461,0.4212654778017931,0.16921974534825332,Low,0
-0.1529759372484148,-0.3420868566368448,-1.0394576102127222,0.6825809014954698,-0.3409160953515884,-0.2006543031697112,0.4290754249357949,1.0,0.0,0.0,0.0045108294871879975,0.5305042920931409,0.21490821452956915,Low,0
0.7985849754115499,0.1310973837401734,-0.7987695871433824,0.5119504180935144,-0.8439972598086245,-1.4009043564000696,0.3587268094250544,0.0,0.0,1.0,0.0040038968310261176,0.32056727762808934,0.1306292491498514,Low,0
-0.3032223971420965,-0.6124778511379871,-1.0528291670499077,0.4115795455041285,-0.4195225272980002,-0.3006751409388699,0.0545496048325976,1.0,0.0,0.0,0.004047048379442012,0.5218225367287112,0.21115724371914968,Low,0
1.04899574190101,0.8070748699930677,0.1305536130410125,-0.5218695695771602,1.089720966073108,-0.900800167554106,-0.5967392374354242,0.0,1.0,0.0,0.0014227346470032664,0.1153363266343713,0.04698817144195048,Low,0
1.4496529682841228,0.6718793727424964,-0.6249393482599704,0.993730606522566,-0.8282759734193421,-1.9010085452459768,1.1539745988840568,0.0,0.0,1.0,0.009860496785992146,0.5504803231106938,0.22610842731587286,Low,0
-0.0528116306526365,0.063499635114907,-0.5580815640740427,1.1442869154066448,1.215491257187367,0.1994290479070938,1.417030529835063,1.0,0.0,0.0,0.0024724189478153077,0.6312029354804634,0.2539646255608745,Medium,0
-1.0043725433125728,-1.018064342889739,0.906103909597774,-0.903278885416826,1.4198679802480378,0.4994915612146266,-0.8227929199983036,0.0,0.0,1.0,0.0018972898650567922,0.4276886659395354,0.17221384029484824,Low,0
-0.503551010333653,0.063499635114907,0.1639825051339764,-0.1404602537374936,0.1621650691054477,1.099616587829806,0.0026873323248185,1.0,0.0,0.0,0.0012296655063114168,0.495607673087109,0.19898086853863045,Low,0
0.3979277490284083,0.5366838754919253,-0.0700197395167705,-0.2006827772911252,-0.985488837312166,-0.000612627631337,-0.2203115707439674,0.0,0.0,1.0,0.0013978828550958537,0.21679776573844786,0.08755783600843667,Low,0
-1.0544546966104762,-0.5448801025127208,-0.0098477337494356,-0.1906456900321865,-0.1837032314587646,1.29965826336818,-0.1715434942398831,0.0,0.0,1.0,0.001189257045893461,0.24104282691347526,0.09713068499292618,Low,0
0.347845595730505,-0.3420868566368448,-0.404308660446409,0.8732855594153035,-1.362799710654943,-1.2008626808616387,1.1424157074435046,0.0,0.0,1.0,0.0013259787942259103,0.4104004428408033,0.1649557644128569,Low,0
1.149160048496788,1.1450636131195149,-0.7787122518876042,0.7026550760133473,-1.5200125745477666,-0.6007376542465164,0.6368004305341168,0.0,1.0,0.0,0.0019410271658534658,0.21499457647385709,0.08716244688905492,Low,0
0.2977634424326301,0.3338906296160494,-0.143563302121291,0.3112086729147427,-1.2055868467621191,-0.1006334654005525,0.4968619673224582,0.0,1.0,0.0,0.0013033490265304283,0.07562636469007465,0.031032555291948122,Low,0
-1.8557691493767308,-1.761639577767938,0.785759898063104,-0.6021662676486685,-0.7496695414729302,1.099616587829749,-0.3905908922211497,0.0,1.0,0.0,0.001189257045893461,0.3559935585840927,0.14311097766117317,Low,0
0.2476812891347267,-0.4096846052621496,-0.1903637510514404,-0.5720550058718531,-1.0640952692585777,-1.10084184309248,-0.8353470783062859,1.0,0.0,0.0,0.001189257045893461,0.5755334533180243,0.2309269355547458,Low,0
1.149160048496788,0.7394771213678013,-1.0528291670499077,1.3048803115496623,1.1526061116302375,-1.2008626808616387,1.2586944107670432,0.0,1.0,0.0,0.0066374427972150235,0.2631675447855556,0.10924948359255125,Low,0
-2.0060156092704124,-2.3024215667702226,-0.1301917452841054,-0.4817212205414053,0.17788635549473,0.5995123989838421,-0.6709211085048807,0.0,1.0,0.0,0.001189257045893461,0.45282618208578507,0.18184402706185013,Low,0
-0.0528116306526365,0.9422703672436388,1.1735350463414846,-1.124094805113475,0.052116064380471,1.4996999389065542,-1.0704468498226405,0.0,1.0,0.0,0.0012842961522475948,0.26249941973801744,0.10577034558655554,Low,0
-0.0027294773547332,-0.6800755997632919,-1.0862580591428714,0.582210028906084,-0.4195225272980002,-1.000821005323265,0.2619888407363095,0.0,0.0,1.0,0.0045108294871879975,0.3077212641896241,0.12579500336816243,Low,0
-1.4050297696957144,-1.2884553373908814,-0.3775655467720379,0.4316537200220052,0.6966888063410486,0.8995749122914317,0.5225122609454388,0.0,1.0,0.0,0.0012710036366055106,0.1373992409343742,0.055722298555712986,Low,0
-0.2030580905462897,-0.7476733483885967,0.551757653412357,-0.9233530599347032,-0.4352438136872826,-0.7007584920157318,-1.016485648178598,0.0,1.0,0.0,0.001189257045893461,0.16581330028703078,0.0670388743423484,Low,0
1.149160048496788,0.8070748699930677,0.6854732217842124,-0.3612761734341427,0.0992799235483181,-1.10084184309248,-0.0546439808901264,0.0,1.0,0.0,0.0012842961522475948,0.10679139632770615,0.04348713622243102,Low,0
-1.5051940762914926,-1.4912485832667572,-0.9725998260267944,1.646141278353574,1.4827531258051674,0.7995540745222163,1.7853975203130728,0.0,1.0,0.0,0.10649083797740205,0.5110354311608801,0.26830867525079327,Medium,1
0.8987492820073282,0.1310973837401734,2.4672331703391857,-2.730028766543647,1.6871298488658384,-1.600946031938444,-2.733157169627817,0.0,1.0,0.0,0.9762386510451018,0.811400678911048,0.9103034621914803,Critical,1
0.1975991358368233,-0.2068913593862736,-0.2037353078886259,-0.4817212205414053,0.0678373507697534,-0.700758492015675,-0.7090762897988421,1.0,0.0,0.0,0.001189257045893461,0.4798494405292146,0.19265333043922192,Low,0
0.3979277490284083,-0.2068913593862736,-0.3307650978418885,-0.1906456900321865,0.7124100927303308,-1.10084184309248,-0.351755776136568,0.0,1.0,0.0,0.001189257045893461,0.07261139362223187,0.029758111676428826,Low,0
-0.1529759372484148,0.6042816241171917,1.0331336995510365,-0.7928709255685016,-0.3094735225730236,1.1996374255989646,-0.5821058582459783,0.0,0.0,1.0,0.0013978828550958537,0.3620360861105089,0.1456531641572611,Low,0
-1.304865463099936,-0.6800755997632919,-0.170306415795662,-0.0802377301838619,1.592802130530144,1.5997207766757695,-0.0985145560762604,0.0,1.0,0.0,0.045629662047664395,0.2583286778795842,0.13070926838043231,Low,0
0.4980920556241866,0.2662928809907446,0.5584434318309498,-0.8430563618631944,-0.3723586681301531,-0.6007376542465164,-0.8862140839466334,0.0,1.0,0.0,0.0012296655063114168,0.07927587781042884,0.032448150427958386,Low,0
0.347845595730505,-0.2068913593862736,0.6186154375982847,-0.7326484020148699,-1.6929467248298729,-1.000821005323265,-0.6822632091426258,1.0,0.0,0.0,0.001189257045893461,0.6345495856472293,0.25453338848642776,Medium,0
1.149160048496788,0.9422703672436388,-0.1769921942142548,-0.1304231664785548,-0.6710631095265183,-0.900800167554106,-0.176480412067434,0.0,1.0,0.0,0.0012842961522475948,0.09038598605179506,0.03692497211206658,Low,0
-0.8040439301210163,-1.220857588765615,-0.4176802172835945,0.3814682837273123,-1.661504152051308,-0.2006543031697112,0.4239906951972403,0.0,0.0,1.0,0.001189257045893461,0.4016143604345789,0.16135929840136765,Low,0
-0.8541260834188912,-1.085662091515044,-0.0165335121680283,-0.2709423881036956,0.8224590974553075,0.0994082101378215,-0.2957547701206644,0.0,1.0,0.0,0.001189257045893461,0.07896411126900639,0.03229919873513864,Low,0
-0.9042082367167944,-0.8828688456391679,-0.8188269223991608,0.6323954652007769,-1.6457828656620257,0.4994915612146266,0.5118895116079147,0.0,1.0,0.0,0.0016959057239025034,0.21607626806463653,0.08744805066019612,Low,0
0.3979277490284083,0.8070748699930677,-0.6449966835157487,0.5621358543882072,1.0425571069052608,0.3994707234454111,0.5315977664085152,0.0,1.0,0.0,0.0019410271658534658,0.08043306567392108,0.03333784256908052,Low,0
0.2977634424326301,-0.27448910801154,0.3846131929475378,-0.3010536498805111,-0.906882405365754,-1.000821005323265,-0.1221644618369809,0.0,0.0,1.0,0.001189257045893461,0.25714004376560196,0.10356957173377687,Low,0
0.1475169825389484,1.0774658644942483,-1.046143388631315,0.7428034250491015,1.4041466938587557,1.29965826336818,0.505701119600527,0.0,1.0,0.0,0.021798349561154486,0.24100006807742014,0.10947903696766076,Low,0
-1.104536849908351,-1.018064342889739,0.204097175645533,0.6323954652007769,1.3569828346909083,0.6995332367530007,1.2099460425177584,0.0,1.0,0.0,0.00211523751747632,0.24224192134933295,0.09816591105021898,Low,0
-0.6537974702273347,-0.2068913593862736,-1.4673474290026594,1.455436620433741,-0.8754398325871893,0.9995957500605904,1.1286691997200862,1.0,0.0,0.0,0.004669214488110828,0.6782444295528006,0.27409930051398673,Medium,0
0.347845595730505,0.2662928809907446,0.0837531641108631,0.7327663377901628,1.4984744121944498,-0.3006751409389267,1.2798709305502871,0.0,1.0,0.0,0.04675328949481343,0.23574229717527573,0.12234889256699835,Low,0
0.2977634424326301,1.483052356245962,-1.4874047642584378,1.4755107949516186,-0.8754398325871893,1.5997207766757129,1.1383360986997808,0.0,1.0,0.0,0.005356830599358091,0.469421491499241,0.19098269495931128,Low,0
-1.0544546966104762,-1.018064342889739,-1.5408909916071798,1.3048803115496623,1.011114534126696,0.5995123989838421,0.8774382216494405,0.0,0.0,1.0,0.004669214488110828,0.4658784398923405,0.1891529046498027,Low,0
-0.4033867037378747,-0.6800755997632919,0.4447851987148727,-0.973538496229396,0.1150012099376005,-0.2006543031697112,-1.1437319952986706,0.0,0.0,1.0,0.001189257045893461,0.32192689541248115,0.12948431239252856,Low,0
-0.8040439301210163,-0.7476733483885967,-0.230478421562997,-0.2107198645500639,1.3569828346909083,0.4994915612146266,-0.3249229872255515,0.0,1.0,0.0,0.0018972898650567922,0.10905177281835016,0.04475908304637414,Low,0
0.4980920556241866,1.483052356245962,2.4672331703391857,-2.730028766543647,0.5551972288375071,1.1996374255989646,-2.733157169627817,0.0,0.0,1.0,0.9789927165779763,0.8770388421437525,0.9382111668042867,Critical,1
-0.1529759372484148,0.1986951323654782,-0.9659140476082017,0.662506726977593,-1.661504152051308,0.5995123989838421,0.4524888316389079,0.0,1.0,0.0,0.0019716435868386995,0.2254142357958713,0.09134868047045175,Low,0
0.3979277490284083,1.1450636131195149,-0.6583682403529343,0.582210028906084,-1.5986190064941783,0.8995749122913749,0.5508330230938997,0.0,1.0,0.0,0.0019410271658534658,0.2320461831654902,0.09398308956570815,Low,0
1.950474501263043,2.023834345248285,1.5278813025269014,-1.1642431541492295,-0.5295715320229769,-0.9008001675540492,-0.9893670895729734,0.0,1.0,0.0,0.0012038489692639488,0.4789753192512632,0.19231243708206366,Low,0
0.8987492820073282,0.4014883782413541,-0.5981962345855993,0.6323954652007769,-0.1208180859016351,-1.2008626808616387,0.6624507241570982,1.0,0.0,0.0,0.001858512861917741,0.5559736007703958,0.22350454802530897,Low,0
-0.9042082367167944,-1.085662091515044,-0.7118544677016765,0.762877599566979,1.1211635388516727,0.199429047907037,0.7673084938236899,0.0,1.0,0.0,0.0018786295048487394,0.1276899867039084,0.05220317238447261,Low,0
0.097434829241045,0.1310973837401734,-0.7720264734690113,0.9636193447457506,-1.362799710654943,-0.000612627631337,1.0039652174692912,0.0,1.0,0.0,0.001858512861917741,0.1379393053265398,0.056290829847766566,Low,0
-1.354947616397811,-1.085662091515044,0.4581567555520582,-0.7125742274969932,-0.781112114251495,1.099616587829749,-0.7280849015540208,0.0,0.0,1.0,0.001189257045893461,0.3537007431358681,0.14219385148188332,Low,0
-1.0043725433125728,-1.1532598401403102,-1.126372729654428,1.6862896273893282,1.7028511352551208,0.2994498856762525,1.711255065753216,0.0,1.0,0.0,0.9877457547489225,0.43320156471996446,0.7659280787373393,Critical,1
1.2994065083904698,1.0098681158689435,0.525014539737986,-0.4014245224698969,0.8539016702338723,-1.10084184309248,-0.2041508018074757,0.0,1.0,0.0,0.0012842961522475948,0.16389097733474164,0.06632696862524522,Low,0
-1.354947616397811,-1.018064342889739,-0.9792856044453871,-0.0400893811481077,0.5709185152267895,1.1996374255989646,-0.5113630776392256,0.0,1.0,0.0,0.0016883741341866944,0.17274710124539858,0.07011186497867146,Low,0
0.6984206688157432,0.4690861268666205,0.725587892295769,-1.023723932524089,0.3036566466089891,-0.700758492015675,-1.0990829440479115,0.0,0.0,1.0,0.0013978828550958537,0.33148579025157965,0.13343304581368937,Low,0
0.5982563622199649,0.2662928809907446,-0.9391709339338306,0.993730606522566,-0.5295715320229769,-0.8007793297848904,0.9228657489648232,0.0,1.0,0.0,0.0019716435868386995,0.08773031175130187,0.03627511085262397,Low,0
0.1475169825389484,1.1450636131195149,-1.4138612016539172,1.1442869154066448,0.9796719613481312,1.3996791011373386,0.7687077799145305,0.0,0.0,1.0,0.005260370826930571,0.48848794235170484,0.1985513994368403,Low,0
1.0990778951988849,0.8746726186183724,0.4782140908078365,-0.7226113147559319,0.1936076418840124,-0.9008001675540492,-0.734145189905206,0.0,1.0,0.0,0.0012842961522475948,0.10671076830875281,0.04345488501484968,Low,0
-1.304865463099936,-1.220857588765615,-0.3976228820278162,0.6524696397186543,-1.2999145650978134,0.7995540745222163,0.8283153965589454,0.0,1.0,0.0,0.0013259787942259103,0.1946512202019412,0.07865607535731203,Low,0
0.2977634424326301,-0.27448910801154,-0.812141143980568,0.2409490621021723,-0.7968334006407773,-1.000821005323265,-0.0250421821796248,0.0,1.0,0.0,0.0015210988855598915,0.09160406322165995,0.03755428461999992,Low,0
-1.1546190032062544,-1.085662091515044,-1.6144345542117005,1.134249828147706,-0.4038012409087179,0.6995332367530007,0.6040551651829206,0.0,1.0,0.0,0.004298764052378189,0.25054499266836144,0.10279725549877149,Low,0
-0.9042082367167944,-0.6124778511379871,-1.206602070677541,1.2045094389602764,0.4451482241125304,0.8995749122914317,1.0055418778533396,0.0,1.0,0.0,0.004298764052378189,0.12874331732731148,0.05407658536235151,Low,0
-0.6037153169294313,-0.0716958621357025,-1.4071754232353244,0.7428034250491015,1.6085234169194265,1.099616587829749,0.2534748746624513,0.0,1.0,0.0,0.2928108578549427,0.26509380778591335,0.28172403782733096,Medium,0
0.8987492820073282,0.6042816241171917,-1.2333451843519123,0.4617649817988214,0.5394759424482247,-0.900800167554106,0.0035347872812447,0.0,0.0,1.0,0.005178305959281575,0.28629381789167446,0.11762451073223874,Low,0
0.347845595730505,1.1450636131195149,1.140106154248521,-0.9233530599347032,-1.0012101237014484,0.9995957500605904,-0.7493993791208691,0.0,0.0,1.0,0.0012842961522475948,0.43852371134972773,0.17618006223123966,Low,0
1.8002280413693894,1.3478568589953903,0.7657025628073256,-0.4315357842467123,-0.4195225272980002,-1.600946031938444,-0.1250714294200688,0.0,0.0,1.0,0.0063591750985975744,0.5171225847682032,0.2106645389664398,Low,0
-1.104536849908351,-1.829237326393204,-0.7920838087247897,1.0740273045940751,-1.3156358514870958,-0.5007168164773008,1.1423565826791038,0.0,1.0,0.0,0.0016959057239025034,0.3504925372232889,0.14121455832365704,Low,0
-0.1028937839505114,-0.6124778511379871,-1.7548359010021486,1.8067346744965915,-0.2780309497944588,-0.700758492015675,1.3350638981193677,0.0,0.0,1.0,0.00616038462623961,0.5651371864076221,0.22975110533879262,Low,0
-0.2531402438441931,0.4690861268666205,-0.7118544677016765,0.1305411022538477,-0.1050967995123527,1.1996374255989646,-0.1167249835120154,0.0,0.0,1.0,0.0017878339589177095,0.24892868711806265,0.10064417522257568,Low,0
-1.304865463099936,-0.815271097013863,-1.373746531142361,2.248366513889889,1.5141956985837322,1.3996791011373957,2.235336977410766,0.0,0.0,1.0,0.9151080376855786,0.7702309152288465,0.8571571887028857,Critical,1
-1.9058513026746344,-2.1672260695196512,-0.0299050690052139,0.2309119748432336,0.3350992193875538,0.5995123989838421,0.4487639714815942,0.0,0.0,1.0,0.001189257045893461,0.5208945968598098,0.20907139297146,Low,0
-0.9042082367167944,-0.5448801025127208,-1.3269460822122112,2.027550594193241,0.6180823743946366,0.9995957500605904,1.9896144565568885,0.0,0.0,1.0,0.009518258523354401,0.6152443615444737,0.25180869973180214,Medium,0
1.4997351215820265,0.8746726186183724,-0.4310517741207801,0.3011715856558039,1.6085234169194265,-1.7009668697076024,0.2997892734438608,0.0,1.0,0.0,0.036242409115512395,0.3388099375527714,0.15726942049041598,Low,0
1.7501458880714862,1.7534433507471423,0.7456452275515474,-1.0638722815598436,-1.40996356982279,-0.9008001675540492,-1.1549952629172138,0.0,0.0,1.0,0.0012038489692639488,0.5804739440388913,0.2329118869971149,Low,0
0.6483385155178683,0.6718793727424964,0.0770673856922704,-0.491758307800344,1.5141956985837322,-0.3006751409389267,-0.5785879347640709,0.0,1.0,0.0,0.016470723966576055,0.14631811797150032,0.06840968156854577,Low,0
0.8987492820073282,0.1986951323654782,-0.812141143980568,1.2546948752549694,-1.284193278708531,-1.5009251941692283,1.3772888340296523,0.0,0.0,1.0,0.012403375996197894,0.49738244389100755,0.20639500315412176,Low,0
-0.8541260834188912,-0.4096846052621496,-1.0194002749569435,1.234620700737092,-1.5042912881584842,1.099616587829749,1.1897549354745445,0.0,1.0,0.0,0.0045108294871879975,0.2733842181161923,0.11206018493878972,Low,0
1.8002280413693894,1.618247853496533,1.6749684277359425,-1.1341318923724135,0.2564927874411419,-1.2008626808616956,-0.8751478988760972,0.0,1.0,0.0,0.0012038489692639488,0.3980848167095253,0.1599562360653685,Low,0
0.2977634424326301,1.0774658644942483,2.4672331703391857,-1.8668392622749304,-1.4571274289906373,0.9995957500605904,-1.7704052273207425,0.0,1.0,0.0,0.0012842961522475948,0.5807819645025171,0.2330833634923554,Low,0
0.4480099023262832,0.1986951323654782,-0.5647673424926355,0.4517278945398827,0.4294269377232481,-0.6007376542464594,0.4287798011137866,0.0,1.0,0.0,0.001781498196735245,0.009844573733781515,0.005006728411553753,Low,0
-0.6537974702273347,-0.3420868566368448,-0.9124278202594596,0.6022842034239615,0.0835586371590358,0.7995540745222163,0.4068050970111173,0.0,0.0,1.0,0.001799156127238872,0.23028409857971416,0.09319313310822899,Low,0
-0.4534688570357496,-1.1532598401403102,-0.7118544677016765,0.3413199346915581,-1.441406142601355,-0.8007793297848904,0.1779528422665524,1.0,0.0,0.0,0.0015210988855598915,0.6466025088681717,0.25955366287860465,Medium,0
-0.7038796235252095,-0.0040981135103977,0.0703816072736776,-0.3110907371394498,-1.5042912881584842,1.3996791011373386,-0.3087129476520591,0.0,0.0,1.0,0.0012296655063114168,0.3490024927228732,0.14033879639293612,Low,0
-1.705522689483049,-1.6264440805173284,-0.2171068647258114,0.110466927735971,-0.4352438136872826,0.9995957500605904,0.1549138924046522,0.0,1.0,0.0,0.001189257045893461,0.23487005946917244,0.09466157801520506,Low,0
-1.5051940762914926,-1.558846331892062,-0.2171068647258114,0.712692163272286,1.4355892666373202,0.6995332367530007,1.0406028631436062,0.0,0.0,1.0,0.00211523751747632,0.49743517770930895,0.20024321359420938,Low,0
-0.8541260834188912,-0.4772823538874159,0.1840398403897547,-0.2809794753626336,-0.5452928184122593,0.9995957500605904,-0.2008398150009745,0.0,1.0,0.0,0.001189257045893461,0.04386074720791949,0.018257853110703874,Low,0
-1.705522689483049,-1.6940418291426331,0.1773540619711619,-0.491758307800344,-0.7496695414729302,0.8995749122913749,-0.5267059540014924,0.0,1.0,0.0,0.001189257045893461,0.27412648169049947,0.11036414690373587,Low,0
-0.9042082367167944,-0.6124778511379871,0.2575834029942752,-0.4817212205414053,1.4355892666373202,0.8995749122914317,-0.4697392435003584,0.0,1.0,0.0,0.0018972898650567922,0.11566867113380414,0.04740584237255573,Low,0
0.2977634424326301,0.6042816241171917,1.1467919326671137,-0.973538496229396,-0.2623096634051765,0.2994498856761957,-0.8302229320581299,0.0,0.0,1.0,0.0013978828550958537,0.34362874028940193,0.13829022582881828,Low,0
-0.4534688570357496,-0.815271097013863,0.2375260677384968,0.662506726977593,1.3255402619123435,-0.3006751409389267,1.2790530379760638,1.0,0.0,0.0,0.0018207042058351142,0.6858596504334608,0.27543628269688536,Medium,0
0.5982563622199649,0.4690861268666205,0.8392461254118462,-1.385059073845878,-0.6867843959158006,-0.5007168164773008,-1.6366255937342713,1.0,0.0,0.0,0.0013978828550958537,0.6775191825360702,0.2718464027274856,Medium,0
2.0506388078588493,2.023834345248285,-0.8188269223991608,0.5320245926113911,-1.2527507059299663,-1.10084184309248,0.3731433978116922,0.0,1.0,0.0,0.0018195178748398094,0.41615578242301987,0.16755402369411185,Low,0
-0.9542903900146694,-1.558846331892062,-0.7452833597946403,0.7428034250491015,0.5394759424482247,-0.4006959787081422,0.7158896570489229,0.0,0.0,1.0,0.0016959057239025034,0.35610130886782915,0.14345806698147315,Low,0
0.8987492820073282,0.1310973837401734,0.525014539737986,-0.5820920931307911,1.7185724216444032,-1.600946031938444,-0.489546039574961,0.0,0.0,1.0,0.04791489513967851,0.5086338367134073,0.23220247176917005,Low,0
0.4980920556241866,0.063499635114907,1.0063905858766653,-1.2646140267386152,1.6399659896979912,-0.9008001675540492,-1.3733036013434574,0.0,0.0,1.0,0.05333152626230191,0.5105253006497542,0.23620903601728285,Low,0
0.1975991358368233,1.1450636131195149,-0.1034486316097343,0.7428034250491015,0.9796719613481312,1.29965826336818,1.1642918702721707,0.0,1.0,0.0,0.001517713325791754,0.2591603122279244,0.10457475288664482,Low,0
0.9488314353052032,0.6042816241171917,1.795312439270612,-1.5858008190246498,-0.8439972598086245,-1.000821005323265,-1.6219823604174262,0.0,1.0,0.0,0.0013978828550958537,0.3461645499677359,0.13930454970015188,Low,0
0.1975991358368233,1.2126613617448194,-0.5915104561670066,0.5119504180935144,-1.6929467248298729,1.3996791011373957,0.4964973646086472,0.0,0.0,1.0,0.002248915450919861,0.4762470904555155,0.1918481854527581,Low,0
-0.8541260834188912,-0.815271097013863,-0.5112811151438933,0.903396821192119,0.916786815791002,0.4994915612146266,1.1086160504604758,0.0,1.0,0.0,0.0016959057239025034,0.1272639973423157,0.051923142371267786,Low,0
-1.2047011565041297,-1.9644328236437756,-0.230478421562997,-0.0802377301838619,-1.5042912881584842,-0.5007168164773008,-0.1332799175445186,0.0,1.0,0.0,0.001189257045893461,0.3017701654342661,0.12142162040124252,Low,0
-0.3032223971420965,0.2662928809907446,-0.143563302121291,0.060281491441278,1.0582783932945432,0.9995957500605904,0.1251150111461445,0.0,1.0,0.0,0.0012296655063114168,0.060998563787758434,0.025137224818890226,Low,0
0.8987492820073282,0.6718793727424964,-0.0098477337494356,0.1606523640306639,-1.5042912881584842,-0.8007793297848904,0.3558001335871654,0.0,1.0,0.0,0.0012842961522475948,0.12454321355943793,0.05058786311512373,Low,0
-0.0027294773547332,-0.4772823538874159,2.4672331703391857,-1.826690913239176,0.4294269377232481,-0.700758492015675,-1.7617335952084787,0.0,0.0,1.0,0.001189257045893461,0.6350958016101432,0.25475187487159334,Medium,0
-0.6037153169294313,-0.27448910801154,-0.0967628531911416,0.0201331424055238,0.6966888063410486,0.7995540745222163,0.0933650126623791,1.0,0.0,0.0,0.001189257045893461,0.48708805703944485,0.19554877704331403,Low,0
-1.304865463099936,-0.815271097013863,-1.186544735421763,0.9435451702278732,1.2626551163552142,1.3996791011373957,0.6742658229100567,0.0,1.0,0.0,0.0048505752196945084,0.2373176533450781,0.09783740646984795,Low,0
1.149160048496788,0.6718793727424964,0.1038104993666414,-0.4516099587645898,-0.5924566775801064,-1.3008835186308545,-0.503814816050596,0.0,0.0,1.0,0.0012842961522475948,0.30648640299399754,0.12336513888894758,Low,0
-1.354947616397811,-1.085662091515044,-0.6449966835157487,0.4818391563166981,-1.362799710654943,1.099616587829749,0.4185512168722748,0.0,0.0,1.0,0.0016256183398726926,0.36791593486200247,0.14814174494872462,Low,0
1.2493243550925663,0.2662928809907446,0.3378127440173884,-0.7326484020148699,1.1526061116302375,-2.1010502207844075,-0.8175997948583449,0.0,0.0,1.0,0.0046478549634723565,0.5311294788925299,0.2152405045350954,Low,0
0.4980920556241866,0.4690861268666205,-0.2237926431444042,-0.2408311263268794,0.1307224963268829,-0.3006751409389267,-0.3654431590955838,0.0,0.0,1.0,0.0013978828550958537,0.18685580872314436,0.07558105320231526,Low,0
-1.354947616397811,-0.8828688456391679,0.0035238230877499,-0.3311649116573265,0.1307224963268829,1.3996791011373386,-0.3752480158588829,0.0,1.0,0.0,0.001189257045893461,0.13108297397971388,0.05314674381942164,Low,0
1.2493243550925663,1.3478568589953903,-0.5580815640740427,0.5721729416471459,1.6085234169194265,-0.5007168164773008,0.6042719559857278,0.0,0.0,1.0,0.0639476587730104,0.4334084513337737,0.21173197579731573,Low,0
0.2977634424326301,0.4690861268666205,0.8258745685746606,-0.8029080128274403,1.1368848252409551,0.0994082101378215,-0.696463006726459,0.0,0.0,1.0,0.0015485462485157718,0.3186981253307881,0.12840837788142473,Low,0
0.2476812891347267,-0.2068913593862736,2.383660940106776,-1.5757637317657112,-1.2527507059299663,-0.8007793297848904,-1.3935341248962727,0.0,1.0,0.0,0.001189257045893461,0.41435154115166917,0.16645417068820376,Low,0
-0.6037153169294313,-1.085662091515044,1.3807941773178605,-1.2345027649617994,0.3508205057768362,-0.4006959787081422,-1.1707520126302933,0.0,1.0,0.0,0.001189257045893461,0.21748856924667526,0.08770898192620619,Low,0
-1.4050297696957144,-1.356053086016186,1.567995973038458,-0.8932417981578874,1.3098189755230611,0.7995540745222163,-0.5029772152215699,0.0,0.0,1.0,0.00163305470701063,0.5473316469649913,0.2199124916102029,Low,0
-1.0043725433125728,-1.6940418291426331,0.5851865455053209,-0.4817212205414053,-1.2055868467621191,-0.5007168164773008,-0.2997752540999855,0.0,1.0,0.0,0.001189257045893461,0.23463676191095678,0.0945682589919188,Low,0
-1.4050297696957144,-1.085662091515044,-1.0194002749569435,0.1907636258074793,-0.1679819450694822,1.1996374255989646,-0.2224597705172337,0.0,0.0,1.0,0.004047048379442012,0.35069959399367273,0.1427080666251343,Low,0
-1.2047011565041297,-1.085662091515044,-0.8856847065850885,0.1907636258074793,1.6871298488658384,0.7995540745221594,-0.1398821829027206,0.0,0.0,1.0,0.0699243144313818,0.43321657449790774,0.21524121845799218,Low,0
0.8987492820073282,0.4690861268666205,-1.4807189858398448,0.3312828474326194,-0.6238992503586712,-1.10084184309248,-0.3267657090494076,0.0,0.0,1.0,0.004846474586192857,0.38475623295355,0.15681037793313574,Low,0
1.7501458880714862,1.0774658644942483,0.2843265166686463,-0.6021662676486685,0.4137056513339657,-1.9010085452459768,-0.641871140928797,0.0,0.0,1.0,0.004853608356625806,0.5352051395601506,0.21699422083803574,Low,0
-0.3533045504399714,-0.6800755997632919,-0.1502490805398837,-0.5017953950592827,-0.5924566775801064,-0.3006751409389267,-0.7110471152789025,1.0,0.0,0.0,0.001189257045893461,0.5139548157979764,0.20629548054672667,Low,0
0.54817420892209,1.5506501048712666,0.4314136418776872,-0.812945100086379,0.4137056513339657,1.1996374255989646,-0.8982262652475987,0.0,1.0,0.0,0.0012038489692639488,0.2531430820895224,0.10197954221736734,Low,0
-0.3533045504399714,-0.6800755997632919,-0.7385975813760475,0.1606523640306639,0.7438526655088956,-0.3006751409389267,-0.0910254192520333,0.0,0.0,1.0,0.0015210988855598915,0.21659076088177906,0.08754896368404758,Low,0
0.9989135886031064,0.8070748699930677,-0.7385975813760475,0.582210028906084,1.3255402619123435,-0.8007793297848904,0.4966747389018522,0.0,1.0,0.0,0.0027099953126303593,0.12284763849631553,0.05076505258610443,Low,0
-1.2047011565041297,-0.3420868566368448,0.5785007670867282,-0.3813503479520194,-1.032652696480013,1.8997832899833025,-0.1439026668820426,0.0,1.0,0.0,0.001189257045893461,0.3101920036728071,0.12479035569665892,Low,0
1.950474501263043,2.023834345248285,-0.3708797683534451,0.1004298404770322,-1.5200125745477666,-0.9008001675540492,0.0472279881741746,0.0,0.0,1.0,0.0012038489692639488,0.5696632350507316,0.22858760340185102,Low,0
0.0473526759431701,-0.5448801025127208,-0.7319118029574547,0.250986149361111,-0.7339482550836478,-0.900800167554106,0.0390983330689267,0.0,1.0,0.0,0.0015210988855598915,0.08279560493803104,0.03403090130654835,Low,0
-0.3032223971420965,-0.4772823538874159,0.0235811583435282,-0.2508682135858182,-1.07981655564786,-0.1006334654004957,-0.2434687701346726,1.0,0.0,0.0,0.001189257045893461,0.5198684802532421,0.20866094632883292,Low,0
0.4480099023262832,0.4690861268666205,-0.6917971324458981,0.4115795455041285,0.5237546560589423,-0.2006543031697112,0.2892157947433392,0.0,1.0,0.0,0.0017878339589177095,0.01579838950111782,0.007392056175797754,Low,0
1.0990778951988849,0.4014883782413541,-0.4577948877951512,0.3613941092094356,-1.6929467248298729,-1.600946031938387,0.3692805798707758,0.0,1.0,0.0,0.004925351783687097,0.2832388669493544,0.11625075784995402,Low,0
-0.3533045504399714,0.4014883782413541,-0.5848246777484138,0.5721729416471459,-0.1679819450694822,1.29965826336818,0.5862586110979798,0.0,1.0,0.0,0.001858512861917741,0.05027485533850179,0.021225049852551362,Low,0
-0.4534688570357496,-0.7476733483885967,-0.8923704850036812,1.2446577879960308,0.0678373507697534,-0.200654303169768,1.3014416154295447,0.0,0.0,1.0,0.001799156127238872,0.32768634037828615,0.13215402982765778,Low,0
-0.2030580905462897,-0.5448801025127208,0.8058172333188823,-0.9233530599347032,-0.2465883770158941,-0.4006959787081422,-0.9011529410854876,0.0,0.0,1.0,0.001189257045893461,0.297679921064411,0.11978552265330047,Low,0
0.0473526759431701,-0.27448910801154,1.534567080945494,-1.4653557719173869,-0.8282759734193421,-0.5007168164773008,-1.5068664441271222,0.0,1.0,0.0,0.001189257045893461,0.2742407813591977,0.11040986677121517,Low,0
1.199242201794663,0.8070748699930677,-1.3403176390493967,1.866957198050223,1.467031839415885,-1.2008626808616387,1.768054256088545,0.0,0.0,1.0,0.1043684794278579,0.6606914367956239,0.3268976623749643,Medium,0
0.097434829241045,0.9422703672436388,0.2642691814128679,-0.4716841332824673,0.4765907968910952,1.1996374255989646,-0.4507996106369831,0.0,0.0,1.0,0.0012842961522475948,0.2880449102208612,0.11598854177969305,Low,0
-0.4534688570357496,0.1986951323654782,-0.4778522230509295,0.6725438142365319,-0.3723586681301531,1.1996374255989646,0.8020837094193474,0.0,1.0,0.0,0.0014531681623181345,0.06857274420063354,0.0283009985776443,Low,0
-0.3032223971420965,0.4690861268666205,-0.6984829108644909,0.5721729416471459,1.6556872760872736,1.29965826336818,0.5097018953250496,0.0,1.0,0.0,0.10484228445364797,0.18003233134170668,0.13491830320887144,Low,0
-0.0528116306526365,0.2662928809907446,1.9357137860610605,-1.3449107248101235,1.0582783932945432,0.4994915612146266,-1.141475400124002,0.0,0.0,1.0,0.0012296655063114168,0.5097938258189089,0.20465532963135039,Low,0
0.1975991358368233,1.3478568589953903,0.4380994202962799,-0.9635014089704578,1.3098189755230611,1.5997207766757695,-1.1309906085700834,0.0,0.0,1.0,0.0020781028003249045,0.5506768476311712,0.22151760073266344,Low,0
-1.6554405361851745,-1.2884553373908814,-0.5380242288182644,0.0903927532180935,1.372704121080191,1.3996791011373957,-0.0680653024093343,0.0,1.0,0.0,0.0024262162491381326,0.2878993523984307,0.11661547070885515,Low,0
0.2977634424326301,1.4154546076206955,-1.1798589570031703,0.6926179887544086,0.4765907968910952,1.4996999389065542,0.3455715493456536,1.0,0.0,0.0,0.004654220772226747,0.7124410588178028,0.2877689559904572,Medium,0
-0.0528116306526365,-0.27448910801154,-0.4577948877951512,1.1041385663708907,0.17788635549473,-0.3006751409388699,1.4353789150544207,1.0,0.0,0.0,0.0014349073709338485,0.5846057339434767,0.23470323799995102,Low,0
-1.0544546966104762,-0.6124778511379871,-1.2868314117006547,0.9636193447457506,-0.8125546870300597,1.1996374255990214,0.6276163837970382,0.0,0.0,1.0,0.004298764052378189,0.35962743115117973,0.14643023089189883,Low,0
-1.1546190032062544,-1.2884553373908814,1.3607368420620822,-0.933390147193642,1.089720966073108,0.399470723445468,-0.6663290851363424,0.0,1.0,0.0,0.001317464477868507,0.23333603944811032,0.09412489446596524,Low,0
-1.104536849908351,-0.0716958621357025,-1.1999162922589486,0.903396821192119,1.1526061116302375,2.0998249655216763,0.6112782405673406,0.0,1.0,0.0,0.005938912643170003,0.3133773373096035,0.12891428250974338,Low,0
-0.8541260834188912,-0.27448910801154,-0.7385975813760475,0.4115795455041285,1.4041466938587557,1.29965826336818,0.2587961034586135,0.0,1.0,0.0,0.0024262162491381326,0.13410791527434696,0.05509889585922167,Low,0
-1.8557691493767308,-1.829237326393204,-1.0862580591428714,0.953582257486812,-1.535733860937049,0.9995957500605904,0.7607653532298896,0.0,0.0,1.0,0.0045108294871879975,0.6277845449035698,0.25382031565374075,Medium,0
0.0473526759431701,-0.3420868566368448,-0.5380242288182644,0.0100960551465851,-0.1208180859016351,-0.6007376542465164,-0.1823731802528134,0.0,1.0,0.0,0.0015210988855598915,0.03591576089121559,0.015278963687822172,Low,0
-1.0043725433125728,-1.6940418291426331,-0.6917971324458981,0.5119504180935144,-0.199424517848047,-0.5007168164773008,0.429834192745619,0.0,0.0,1.0,0.0016959057239025034,0.3575276306604078,0.14402859569850462,Low,0
-0.0528116306526365,-0.5448801025127208,0.1974113972269402,-0.1103489919606781,1.1368848252409551,-0.700758492015675,0.0678231144408009,0.0,1.0,0.0,0.001317464477868507,0.08980324886496198,0.0367117782327059,Low,0
-0.8541260834188912,-0.6124778511379871,2.4672331703391857,-1.9772472221232544,0.50803336966966,0.7995540745222163,-2.1033170674124735,0.0,1.0,0.0,0.001189257045893461,0.5378458738082829,0.21585190375084923,Low,0
-0.0027294773547332,0.3338906296160494,-0.7920838087247897,1.2446577879960308,0.5394759424482247,0.4994915612146266,1.378895056795902,0.0,1.0,0.0,0.002007225870703384,0.17068242555789787,0.06947730574558118,Low,0
1.199242201794663,0.1986951323654782,-1.0194002749569435,1.4353624459158636,0.9010655294017196,-2.1010502207843507,1.4613346866268098,0.0,0.0,1.0,0.9473867304328846,0.5968918692683258,0.8071887859670611,Critical,1
-1.104536849908351,-1.4912485832667572,-0.899056263422274,0.250986149361111,-1.3313571378763782,-0.000612627631337,-0.0656017705592593,0.0,1.0,0.0,0.0016137238744471315,0.2415591765349859,0.09759190493866264,Low,0
0.7485028221136465,-0.1392936107609688,0.1238678346224197,-0.1504973409964323,-0.4195225272980002,-1.7009668697076024,-0.03539887007734,0.0,1.0,0.0,0.004948701063438323,0.17425162265458266,0.07266986969989607,Low,0
0.2476812891347267,0.3338906296160494,2.4672331703391857,-2.730028766543647,-1.4256848562120723,-0.000612627631337,-2.733157169627817,0.0,1.0,0.0,0.9797096473621945,0.6586321778674177,0.8512786595642838,Critical,1
1.149160048496788,1.3478568589953903,-0.8856847065850885,0.3312828474326194,0.9953932477374136,-0.3006751409389267,0.0529827985759487,0.0,1.0,0.0,0.0020191060611143563,0.21598872525756949,0.08760695373969642,Low,0
-0.1529759372484148,0.1310973837401734,-0.6048820130041921,0.2810974111379265,-1.2213081331514015,0.4994915612146266,0.1612402421956436,0.0,0.0,1.0,0.0015727648812867592,0.2812044748137804,0.11342544885428422,Low,0
-1.354947616397811,-1.220857588765615,-0.899056263422274,1.2747690497728468,1.6399659896979912,0.8995749122913749,1.3375471382242428,0.0,1.0,0.0,0.5418305565276016,0.3500237985564425,0.46510785333913796,Medium,1
0.2476812891347267,-0.27448910801154,-0.9391709339338306,0.8431742976384873,1.3569828346909083,-0.9008001675540492,0.7174071926685703,0.0,1.0,0.0,0.003936838315335883,0.1679276584340232,0.06953316636281082,Low,0
-1.354947616397811,-1.220857588765615,2.443832945874111,-1.5657266445067728,-0.9540462645336012,0.8995749122913749,-1.3532997227208488,0.0,1.0,0.0,0.001189257045893461,0.4865133715506566,0.19531890284779874,Low,0
1.399570814986248,0.4014883782413541,-0.404308660446409,0.110466927735971,1.5299169849730143,-2.201071058553566,0.0415125942820001,0.0,1.0,0.0,0.015658785207887275,0.3827191797455171,0.16248294302293922,Low,0
0.5982563622199649,0.4690861268666205,-0.0232192905866211,0.110466927735971,-0.8597185461979069,-0.5007168164773008,0.2723652368888268,0.0,0.0,1.0,0.0013978828550958537,0.21114394557113103,0.08529630794150993,Low,0
-0.5536331636315563,-0.1392936107609688,2.042686240758545,-1.7263200406497898,-1.40996356982279,0.8995749122914317,-1.7870389943724485,0.0,0.0,1.0,0.0013095503215329047,0.6621769240718429,0.2656564998216569,Medium,0
1.2994065083904698,0.3338906296160494,0.0770673856922704,-0.0099781193712922,1.199769970798085,-2.1010502207844075,0.1507751588965252,0.0,0.0,1.0,0.0046478549634723565,0.5004563275041047,0.20297124397972532,Low,0
0.097434829241045,1.2126613617448194,1.454337739922381,-1.1542060668902907,1.199769970798085,1.5997207766757695,-1.0029263688757857,0.0,0.0,1.0,0.001648546484504928,0.5783164210765791,0.2323156963213346,Low,0
-0.8541260834188912,-1.1532598401403102,-1.012714496538351,0.8030259486027331,1.1526061116302375,-0.000612627631337,0.6105884516493191,0.0,0.0,1.0,0.004995326991225892,0.3440998497807816,0.1406371361070482,Low,0
0.54817420892209,0.5366838754919253,-0.0633339610981777,0.1004298404770322,-0.1365393722909174,-0.3006751409389267,0.2330768309438302,0.0,1.0,0.0,0.0013978828550958537,0.0,0.0008387297130575122,Low,0
-1.705522689483049,-1.6264440805173284,0.9395328016907376,-1.124094805113475,0.0049522052126239,0.9995957500605904,-1.1697764540176627,0.0,1.0,0.0,0.001189257045893461,0.38147850634934477,0.153304956767274,Low,0
1.4997351215820265,0.6718793727424964,-1.1464300649102064,0.4216166327630672,0.1150012099376005,-2.001029383015192,0.0071019814001537,0.0,1.0,0.0,0.9234782599898375,0.3142149045843332,0.6797729178276357,High,1
-1.805686996078856,-1.6940418291426331,-0.8522558144921246,1.284806137031785,-0.2151458042373293,1.099616587829806,1.3877243549465696,1.0,0.0,0.0,0.001989898849833158,0.78678711829809,0.31590878662913596,Medium,0
-0.0027294773547332,0.3338906296160494,0.5049572044822077,-0.6523517039433615,0.4294269377232481,0.4994915612146266,-0.610436474521841,0.0,1.0,0.0,0.0012296655063114168,0.05629867667922252,0.02325726997547586,Low,0
-0.6037153169294313,0.4014883782413541,1.8220555529449831,-1.4653557719173869,1.592802130530144,1.7997624522141438,-1.3992396646610472,0.0,1.0,0.0,0.05168912612419294,0.5286254804867154,0.24246366786920195,Low,0
-0.8040439301210163,-1.4912485832667572,0.5785007670867282,-0.8430563618631944,1.0268358205159784,-0.6007376542464594,-0.8768723711711491,0.0,0.0,1.0,0.001189257045893461,0.43427526718384984,0.17442366110107602,Low,0
0.1475169825389484,0.8746726186183724,-0.1636206373770693,0.0703185787002168,-0.1522606586801998,0.9995957500605904,0.1279529998374314,0.0,0.0,1.0,0.0012842961522475948,0.2348662283889783,0.09471706904693988,Low,0
-0.8541260834188912,-0.4772823538874159,-1.0327718317941297,1.7063638019072056,1.4198679802480378,0.9995957500605904,1.8167336454460272,0.0,0.0,1.0,0.15068331591436235,0.5301786999501265,0.302481469528668,Medium,0
-0.5536331636315563,-0.5448801025127208,-1.012714496538351,1.0740273045940751,-0.0264903675659408,0.2994498856762525,0.9774871771446856,1.0,0.0,0.0,0.0045108294871879975,0.5600860162601216,0.22674090419636142,Low,0
1.199242201794663,0.063499635114907,-1.012714496538351,0.8933597339331802,-0.0107690811766584,-2.301091896322725,0.7328880268144408,0.0,0.0,1.0,0.9376579768056258,0.5295869458240806,0.7744295644130077,Critical,1
0.54817420892209,-0.27448910801154,-0.1970495294700331,-0.3913874352109582,0.759573951898178,-1.5009251941692283,-0.5724882299032861,0.0,1.0,0.0,0.004495625804359605,0.15972506175730602,0.06658740018553819,Low,0
0.8486671287094248,0.4690861268666205,0.0102096015063426,-0.020015206630231,-0.2465883770158941,-1.000821005323265,0.0963606673920691,0.0,1.0,0.0,0.0013978828550958537,0.027251041979562164,0.011739146504882378,Low,0
-0.2030580905462897,0.4014883782413541,0.6854732217842124,-0.5820920931307911,0.6809675199517662,0.9995957500605904,-0.4086633618732995,0.0,0.0,1.0,0.0012296655063114168,0.2838884116894841,0.11429316397958049,Low,0
0.1475169825389484,1.1450636131195149,2.4672331703391857,-1.7765054769444828,0.2093289282732948,1.3996791011373386,-1.541286911136369,0.0,1.0,0.0,0.0012842961522475948,0.5479211522432218,0.21993903858863728,Low,0
-1.1546190032062544,-0.6800755997632919,0.7055305570399908,-1.0337610197830278,-1.1898655603728368,1.29965826336818,-1.124013886370671,0.0,0.0,1.0,0.001189257045893461,0.4529592815367793,0.1818972668422478,Low,0
1.950474501263043,1.8210410993724089,1.7284546550846844,-1.5657266445067728,0.8696229566231547,-1.2008626808616387,-1.6105712808878785,0.0,1.0,0.0,0.0012038489692639488,0.5549724712045988,0.2227112978633979,Low,0
1.199242201794663,0.1310973837401734,-0.8723131497479029,1.3751399223622327,1.0582783932945432,-2.201071058553566,1.4962774223882738,0.0,1.0,0.0,0.014282551447358906,0.4389190455369549,0.18413714908319728,Low,0
-1.5051940762914926,-1.423650834641491,0.4314136418776872,-0.8330192746042561,0.9796719613481312,0.8995749122913749,-0.9296609316545555,0.0,1.0,0.0,0.001189257045893461,0.26817292435424195,0.10798272396923286,Low,0
0.1975991358368233,-0.2068913593862736,1.0331336995510365,-0.7727967510506248,0.9325081021802842,-0.700758492015675,-0.5488974489069689,0.0,0.0,1.0,0.001189257045893461,0.31540315223483617,0.12687481512147056,Low,0
0.9989135886031064,0.2662928809907446,0.2442118461570896,-0.3612761734341427,0.0992799235483181,-1.600946031938444,-0.2913795375549307,0.0,0.0,1.0,0.0046478549634723565,0.32979422636521094,0.1347064035241678,Low,0
1.149160048496788,1.1450636131195149,-0.1368775237026982,-0.1304231664785548,0.5237546560589423,-0.6007376542465164,-0.1535991282439368,0.0,1.0,0.0,0.0012842961522475948,0.09366659967417267,0.038237217561017625,Low,0
-0.0528116306526365,-0.27448910801154,-0.2772788704931464,0.1706894512896026,-0.8125546870300597,-0.3006751409388699,0.2065002493452216,0.0,0.0,1.0,0.001189257045893461,0.1994858100109871,0.08050787823193092,Low,0
-0.4534688570357496,-0.0716958621357025,0.3712416361103522,-0.3412019989162652,1.6871298488658384,0.7995540745221594,-0.1919711003407045,0.0,1.0,0.0,0.06180410526480965,0.17169784404826002,0.1057616007781898,Low,0
0.097434829241045,0.1310973837401734,-0.6784255756087126,0.3814682837273123,-0.8439972598086245,-0.000612627631337,0.2556624909453173,0.0,0.0,1.0,0.0015727648812867592,0.2215967380941805,0.08958235416644426,Low,0
-0.7539617768231129,-0.6800755997632919,1.4075372909922317,-1.2043915031849837,-1.362799710654943,0.4994915612146266,-1.108365532058994,0.0,0.0,1.0,0.001189257045893461,0.5113366025039381,0.20524819522911134,Low,0
0.9989135886031064,0.4014883782413541,-0.9257993770966452,2.057661855970056,-1.535733860937049,-1.4009043564000128,2.386696374279373,0.0,0.0,1.0,0.010957641344996636,0.7106554972188206,0.2908367836945262,Medium,0
1.7000637347735827,1.8886388479977136,0.611929659179692,-0.491758307800344,-0.0107690811766584,-0.6007376542464594,-0.3018840373636496,0.0,0.0,1.0,0.0012038489692639488,0.45476390745720247,0.18262787236443936,Low,0
0.6984206688157432,0.3338906296160494,0.2174687324827185,-0.0099781193712922,-0.3880799545194355,-0.9008001675540492,0.2333428923836382,0.0,0.0,1.0,0.0012296655063114168,0.2086539738825084,0.08419938885679022,Low,0
0.6984206688157432,0.2662928809907446,-0.6316251266785632,0.9736564320046892,0.0049522052126239,-1.000821005323265,1.1207563354176455,0.0,1.0,0.0,0.001858512861917741,0.10984988044507168,0.04505505989517932,Low,0
-0.9542903900146694,-1.4912485832667572,-0.7853980303061969,1.4152882713979869,0.0835586371590358,-0.3006751409389267,1.620764613836263,0.0,1.0,0.0,0.001993740377999824,0.29128247328589113,0.11770923354115635,Low,0
0.7485028221136465,0.5366838754919253,-0.3775655467720379,-0.1304231664785548,-0.781112114251495,-0.700758492015675,-0.2908868311849153,1.0,0.0,0.0,0.0013978828550958537,0.5194652623641215,0.20862483465870613,Low,0
-0.4033867037378747,0.3338906296160494,1.166849267922892,-1.0538351943009048,-0.199424517848047,1.29965826336818,-0.9556758279913472,0.0,1.0,0.0,0.0012296655063114168,0.18426559390198682,0.07444403686458159,Low,0
0.097434829241045,-0.1392936107609688,0.1773540619711619,-0.6222404421665461,-1.3942422834335078,-0.4006959787080853,-0.7261633467109628,0.0,1.0,0.0,0.0013095503215329047,0.10362571759966174,0.04223601723278444,Low,0
-1.9058513026746344,-1.829237326393204,-0.5313384503996716,0.2810974111379265,-1.5200125745477666,1.099616587829806,0.207633473996256,0.0,0.0,1.0,0.0015210988855598915,0.5807987192189596,0.2332321470189198,Low,0
0.7485028221136465,0.4014883782413541,0.7189021138771763,-0.812945100086379,0.4608695105018128,-0.9008001675540492,-0.7630571996976854,0.0,0.0,1.0,0.0012296655063114168,0.28023798587258736,0.1128329936528218,Low,0
0.8486671287094248,0.8746726186183724,0.3578700792731667,-0.1203860792196168,0.382263078555401,-0.4006959787080853,0.1442123100479254,0.0,1.0,0.0,0.0012842961522475948,0.059532715355241565,0.024583663833445183,Low,0
1.0990778951988849,0.4014883782413541,-1.1731731785845776,1.1543240026655837,0.2879353602197067,-1.600946031938387,0.9644008959570868,0.0,0.0,1.0,0.9367550480477694,0.4612149715961444,0.7465390174671194,High,1
-1.4551119229935894,-1.4912485832667572,-0.5848246777484138,0.391505370986251,0.4608695105018128,0.6995332367530007,0.3303075060025888,0.0,0.0,1.0,0.0015210988855598915,0.3571453086129767,0.14377078277652663,Low,0
0.1975991358368233,1.0098681158689435,1.4677092967595664,-1.2746511139975536,0.1307224963268829,1.099616587829806,-1.2042461916639124,0.0,0.0,1.0,0.0012842961522475948,0.46780750610033045,0.18789358013148075,Low,0
-0.9042082367167944,-1.220857588765615,-0.3508224330976668,1.0138047810404436,0.916786815791002,-0.000612627631337,1.3847089919620783,0.0,1.0,0.0,0.0014321410540321137,0.21723856043804438,0.08775470880763703,Low,0
1.199242201794663,0.6718793727424964,2.4672331703391857,-2.4690644978112455,1.4984744121944498,-1.4009043564000128,-2.5567843021194747,0.0,1.0,0.0,0.011236085071162544,0.7664122664237617,0.3133065576122022,Medium,0
0.347845595730505,0.5366838754919253,-0.2973362057489247,0.1205040149949097,-0.5767353911908241,0.0994082101378783,0.1209565693832188,0.0,0.0,1.0,0.0013978828550958537,0.1951275902793738,0.07888976582480703,Low,0
0.6984206688157432,0.3338906296160494,0.0369527151807137,-0.0099781193712922,1.467031839415885,-0.9008001675540492,0.1271843779002072,1.0,0.0,0.0,0.003069709492170468,0.5780323487778753,0.23305476520645244,Low,0
-1.304865463099936,-1.085662091515044,-1.2534025196076908,5.896788764643877e-05,-0.7339482550836478,0.9995957500605904,-0.6184183177160835,0.0,1.0,0.0,0.0038567019897974143,0.24070877298950094,0.09859753038967883,Low,0
-1.705522689483049,-1.6940418291426331,-0.6115677914227848,0.5520987671292685,1.4355892666373202,0.8995749122913749,0.5398850875521678,0.0,1.0,0.0,0.0027047586863853446,0.32602901319916355,0.1320344604914966,Low,0
1.0990778951988849,1.2126613617448194,0.5851865455053209,-0.4014245224698969,0.7910165246767428,-0.4006959787080853,-0.1722234290305044,0.0,1.0,0.0,0.001488168225392962,0.1362392625436529,0.05538860595269694,Low,0
-1.0544546966104762,-1.6940418291426331,0.4782140908078365,-0.1705715155143097,-1.362799710654943,-0.4006959787080853,0.1341019753352178,0.0,1.0,0.0,0.001189257045893461,0.26223989222745125,0.10560951111851659,Low,0
2.200885267752503,2.4294208370000367,0.2575834029942752,-0.160534428255371,-1.5200125745477666,-0.8007793297848336,0.0250167850138986,0.0,1.0,0.0,0.0008468609340760052,0.4807340867593334,0.19280175126417898,Low,0
-0.1529759372484148,-0.5448801025127208,1.073248370062593,-1.2345027649617994,1.4984744121944498,-0.5007168164773008,-1.2963133039649144,1.0,0.0,0.0,0.014721180430727225,0.7219057680120085,0.29759501546323974,Medium,0
-0.3533045504399714,-0.6124778511379871,0.0035238230877499,-0.2107198645500639,0.3036566466089891,-0.2006543031697112,-0.1942079872605729,0.0,1.0,0.0,0.001189257045893461,0.010044446499754292,0.004731332827437794,Low,0
-0.2531402438441931,-0.4772823538874159,-0.0499624042609922,0.1506152767717252,1.1526061116302375,-0.2006543031697112,0.3161963955653603,0.0,1.0,0.0,0.001317464477868507,0.058572616240200236,0.0242195251828012,Low,0
-0.1028937839505114,-0.27448910801154,-1.2333451843519123,1.3249544860675395,-0.199424517848047,-0.2006543031697112,1.144209158630359,0.0,0.0,1.0,0.004669214488110828,0.34930422931336874,0.142523220418214,Low,0
-1.8557691493767308,-1.9644328236437756,-0.7452833597946403,0.8632484721563648,0.5394759424482247,0.7995540745222163,0.8836857384212317,0.0,1.0,0.0,0.0016959057239025034,0.3639444541958506,0.14659532511268172,Low,0
-0.3032223971420965,-0.5448801025127208,0.1439251698781981,-0.2609053008447569,-1.1112591284264248,-0.2006543031697112,-0.1922470159079143,0.0,1.0,0.0,0.001189257045893461,0.0643778065782457,0.026464676858834354,Low,0
-0.503551010333653,0.1986951323654782,0.6988447786213979,-0.5519808313539757,0.9482293885695664,1.29965826336818,-0.353588643833024,0.0,0.0,1.0,0.0012296655063114168,0.29781252015373116,0.11986280736527932,Low,0
1.149160048496788,0.6718793727424964,0.3177554087616101,-0.6523517039433615,0.7910165246767428,-1.3008835186308545,-0.702868189536654,0.0,0.0,1.0,0.0012842961522475948,0.34579193267481373,0.13908735076127404,Low,0
-0.0027294773547332,-0.0716958621357025,-0.1569348589584765,0.1405781895127864,-0.5295715320229769,-0.1006334654005525,0.2359148196351163,0.0,1.0,0.0,0.0013095503215329047,0.017677590471416756,0.007856766381486446,Low,0
-0.4033867037378747,-1.018064342889739,-0.1034486316097343,-0.020015206630231,0.5237546560589423,-0.700758492015675,0.0296876414016399,0.0,1.0,0.0,0.001189257045893461,0.08526886740082538,0.03482110118786624,Low,0
0.2476812891347267,1.2802591103700858,-0.6583682403529343,0.3112086729147427,-1.441406142601355,1.3996791011373386,0.1698330412887064,0.0,1.0,0.0,0.0019032571854601765,0.2581688614591367,0.10440949889493079,Low,0
2.150803114454628,2.294225339749427,-0.3240793194232957,0.3814682837273123,-1.0483739828692953,-0.900800167554106,0.4844162044158792,0.0,0.0,1.0,0.0012759874977108705,0.5737334799225955,0.2302589844676647,Low,0
-1.2047011565041297,-1.1532598401403102,-0.4243659957021873,-0.3311649116573265,-0.6238992503586712,0.6995332367530007,-0.6067017602371273,0.0,0.0,1.0,0.001189257045893461,0.33786348679823075,0.13585894894682837,Low,0
0.1975991358368233,0.9422703672436388,-1.4807189858398448,1.555807493023127,-0.5767353911908241,0.9995957500605904,1.2469187285236851,0.0,1.0,0.0,0.005713213236999922,0.3379046580346893,0.13858979115607567,Low,0
0.5982563622199649,-0.0716958621357025,2.4672331703391857,-2.037469745676886,0.9639506749588488,-1.3008835186308545,-2.0605895710047744,0.0,1.0,0.0,0.0013095503215329047,0.5510147002536699,0.22119161029438775,Low,0
1.900392347965168,1.8886388479977136,-0.5848246777484138,0.0703185787002168,0.5866398016160719,-1.000821005323265,-0.1247166808336579,0.0,1.0,0.0,0.001539756158815032,0.30377627510788435,0.12243436373844277,Low,0
1.8002280413693894,1.5506501048712666,2.4672331703391857,-2.2382114908556576,1.7500149944229677,-1.3008835186308545,-2.130672125075707,0.0,1.0,0.0,0.06426402763256686,0.7997460329354095,0.3584568297537039,Medium,0
0.0473526759431701,0.9422703672436388,-0.083391296353956,0.6926179887544086,-0.325194808962306,1.299658263368123,1.1035116124671205,1.0,0.0,0.0,0.001517713325791754,0.6256123010533553,0.25115554841681714,Medium,0
1.950474501263043,2.023834345248285,0.5985581023425064,-0.3412019989162652,-0.4352438136872826,-0.9008001675540492,-0.0693463389713733,0.0,0.0,1.0,0.0012038489692639488,0.5064270550120419,0.20329313138637514,Low,0
-0.503551010333653,-0.9504665942644344,-0.6784255756087126,-0.2307940390679407,0.2879353602197067,-0.4006959787080853,-0.6033119404114233,0.0,1.0,0.0,0.0015210988855598915,0.10456852476256469,0.04274006923636181,Low,0
1.2994065083904698,1.2126613617448194,0.6453585512726558,-0.8229821873453174,-1.3313571378763782,-0.8007793297848904,-0.8136679980256258,0.0,1.0,0.0,0.001488168225392962,0.22796646883379673,0.09207948846875448,Low,0
-0.0027294773547332,-0.3420868566368448,-0.7051686892830836,0.0803556659591548,1.1054422524623904,-0.5007168164773008,-0.1828658866228287,0.0,0.0,1.0,0.0016850200569548618,0.22005219411448115,0.08903188967996539,Low,0
-1.304865463099936,-0.6124778511379871,-0.3508224330976668,0.9836935192636274,0.6652462335624838,1.699741614444985,1.3410157910691478,0.0,1.0,0.0,0.0013691133611736564,0.2783541083821992,0.11216311136958389,Low,0
-0.0027294773547332,0.2662928809907446,-0.170306415795662,0.4918762435756369,0.3979843649446833,0.3994707234454111,0.746821762958465,0.0,1.0,0.0,0.0013929270811739174,0.06054325503212024,0.025053058261552446,Low,0
0.3979277490284083,0.2662928809907446,-1.6211203326302932,2.4089599100329067,-1.6457828656620257,-0.4006959787081422,2.2108987414580223,0.0,0.0,1.0,0.01882662374692205,0.8036443959477022,0.3327537326272341,Medium,0
0.2977634424326301,0.1310973837401734,-0.3508224330976668,0.0100960551465851,-1.614340292883461,-0.4006959787081422,-0.0717310378022454,0.0,0.0,1.0,0.0012296655063114168,0.2650766656355491,0.1067684655580065,Low,0
0.54817420892209,0.1310973837401734,-0.230478421562997,0.3413199346915581,-0.8439972598086245,-0.900800167554106,0.485874615271124,0.0,1.0,0.0,0.0013033490265304283,0.05780500074587192,0.023904009714267028,Low,0
-0.0027294773547332,0.063499635114907,1.2270212736902268,-1.1341318923724135,-0.8282759734193421,0.0994082101378783,-1.0646329146564637,1.0,0.0,0.0,0.0012296655063114168,0.6315604156591799,0.2533619655674588,Medium,0
-1.0544546966104762,-1.558846331892062,0.5851865455053209,-0.4114616097288356,-0.2465883770158941,-0.2006543031697112,-0.1881674071641897,1.0,0.0,0.0,0.001189257045893461,0.5965720829262463,0.23934238739803462,Low,0
-0.7539617768231129,-0.2068913593862736,-0.0499624042609922,0.4617649817988214,-0.3880799545194355,1.1996374255989646,0.7814393125157195,0.0,0.0,1.0,0.0012710036366055106,0.2626346804818124,0.10581647437468826,Low,0
-1.6554405361851745,-1.423650834641491,2.29674582066507,-1.8768763495338687,0.3508205057768362,1.1996374255989646,-1.97866235579868,0.0,0.0,1.0,0.001189257045893461,0.7762240349797407,0.31120316821943234,Medium,0
1.900392347965168,1.7534433507471423,0.3110696303430173,0.1305411022538477,0.4137056513339657,-1.2008626808616387,0.5059474727855346,0.0,1.0,0.0,0.0012759874977108705,0.2856721027141214,0.11503443358427509,Low,0
0.097434829241045,-0.1392936107609688,-0.2906504273303319,-0.0802377301838619,0.2250502146625771,-0.4006959787080853,-0.1680452790127768,0.0,0.0,1.0,0.0013095503215329047,0.17346729541080294,0.07017264835724092,Low,0
-0.5536331636315563,0.2662928809907446,1.394165734155046,-1.3750219865869395,-1.2213081331514015,1.4996999389065542,-1.4052014117382274,0.0,1.0,0.0,0.0012296655063114168,0.3889269687725698,0.1563085868128148,Low,0
-1.9058513026746344,-1.9644328236437756,-0.578138899329821,0.6725438142365319,1.3569828346909083,0.8995749122914317,0.7330555469802464,0.0,1.0,0.0,0.0027047586863853446,0.395735684005776,0.1599171288141416,Low,0
-1.354947616397811,-0.8828688456391679,-0.257221535237368,0.3613941092094356,1.2783764027444966,1.3996791011373386,0.4981725662666985,0.0,1.0,0.0,0.00163305470701063,0.17666052952571054,0.0716440446344906,Low,0
-0.7038796235252095,-0.4096846052621496,1.628167978805793,-1.2545769394796764,0.7281313791196132,0.7995540745221594,-1.104719504920883,0.0,0.0,1.0,0.001189257045893461,0.4606158955989146,0.18495991246710192,Low,0
1.2994065083904698,1.4154546076206955,-0.2104210863072187,-0.5017953950592827,1.6871298488658384,-0.5007168164773008,-0.742087616589847,0.0,1.0,0.0,0.054244146433986486,0.3142964299436158,0.1582650598378382,Low,0
-2.206344222461969,-2.5728125612714035,0.5450718749937643,-0.883204710898949,0.3665417921661186,0.5995123989837853,-0.9559813059407564,0.0,1.0,0.0,0.001189257045893461,0.5770740495778357,0.23154317405867036,Low,0
-0.2030580905462897,0.6718793727424964,0.1572967267153836,-0.3713132606930814,-0.7182269686943654,1.3996791011373386,-0.353322582393216,0.0,1.0,0.0,0.0012842961522475948,0.12589888208725758,0.051130130526251594,Low,0
-0.0027294773547332,-0.4772823538874159,-1.1130011728172426,0.1205040149949097,-0.0579329403445056,-0.700758492015675,-0.3743512902654552,0.0,1.0,0.0,0.004047048379442012,0.12647156548662725,0.05301685522231611,Low,0
-0.5536331636315563,0.063499635114907,-0.9124278202594596,0.2710603238789885,1.1211635388516727,1.1996374255990214,-0.0465044716574776,0.0,1.0,0.0,0.0018483104836004276,0.12254144432917463,0.05012556402183011,Low,0
0.097434829241045,1.0098681158689435,-0.2037353078886259,0.0803556659591548,-1.4256848562120723,1.29965826336818,0.118670411826348,0.0,1.0,0.0,0.0012842961522475948,0.18552078584131182,0.07497889202787329,Low,0
1.199242201794663,1.2802591103700858,-1.453975872165474,1.5758816675410043,-0.0893755131230703,-0.5007168164773008,1.2946718299055386,0.0,0.0,1.0,0.006615484576397612,0.5653832740450471,0.2301226003638574,Low,0
-1.254783309802033,-1.018064342889739,-0.5647673424926355,0.1907636258074793,-1.1898655603728368,0.9995957500605904,0.0583040273721117,0.0,1.0,0.0,0.0015210988855598915,0.13543985626896035,0.05508860183892008,Low,0
1.8503101946672644,1.7534433507471423,-0.899056263422274,0.4115795455041285,0.4451482241125304,-1.1008418430924232,0.1545000190538389,0.0,1.0,0.0,0.0016335153951317423,0.28790720144705334,0.11614298981590039,Low,0
-0.9542903900146694,-0.9504665942644344,-1.1798589570031703,1.3952140968801094,1.5613595577515793,0.4994915612146266,1.2795457443460774,0.0,1.0,0.0,0.7120179502677171,0.29092725421411586,0.5435816718462766,High,1
0.2476812891347267,-0.27448910801154,1.534567080945494,-0.9434272344525804,1.6556872760872736,-0.9008001675540492,-0.6050167044516759,0.0,1.0,0.0,0.04726005671679983,0.2739900561303049,0.13795205648220185,Low,0
0.6984206688157432,0.4014883782413541,0.1305536130410125,-0.3211278243983885,0.8067378110660252,-0.8007793297848336,-0.2912612880261281,0.0,1.0,0.0,0.0012296655063114168,0.04211447417929476,0.017583588975504754,Low,0
1.199242201794663,0.6718793727424964,-0.3708797683534451,0.7929888613437944,-0.450965100076565,-1.4009043564000128,1.0501318043396963,0.0,1.0,0.0,0.0034665607568600053,0.20389603295936615,0.08363834963786246,Low,0
-0.2531402438441931,-0.0040981135103977,0.4247278634590944,-0.491758307800344,-0.8439972598086245,0.4994915612146266,-0.3987304014537977,0.0,1.0,0.0,0.0012296655063114168,0.06789195513918726,0.027894581359461757,Low,0
0.3979277490284083,1.3478568589953903,-0.3575082115162596,-0.2709423881036956,0.8853442430124371,1.1996374255989646,-0.4832098356565686,0.0,1.0,0.0,0.001488168225392962,0.19817887165897244,0.08016444959882477,Low,0
1.8503101946672644,1.618247853496533,-0.3775655467720379,-0.1203860792196168,0.4923120832803776,-1.3008835186308545,-0.2763618473968743,0.0,0.0,1.0,0.0012038489692639488,0.4690468284543979,0.18834104076331754,Low,0
0.8486671287094248,0.8070748699930677,-0.0633339610981777,-0.3311649116573265,0.3508205057768362,-0.5007168164773008,-0.4114126634179835,0.0,1.0,0.0,0.0012842961522475948,0.04595248788129594,0.019151572843866933,Low,0
0.2977634424326301,0.4690861268666205,-0.6048820130041921,1.2546948752549694,1.4513105530266026,0.0994082101378215,1.5376647574695337,0.0,1.0,0.0,0.015180501232445144,0.22998128770553103,0.1011008158216795,Low,0
1.7000637347735827,1.0774658644942483,0.2241545109013113,0.1907636258074793,0.4608695105018128,-1.800987707476761,0.5455117942977384,0.0,1.0,0.0,0.005143326056929344,0.3063498197177797,0.12562592352126947,Low,0
-1.4050297696957144,-0.9504665942644344,-1.0996296159800572,1.043916042817259,-0.5295715320229769,1.3996791011373957,0.872156409362879,0.0,1.0,0.0,0.0045108294871879975,0.2153768782161964,0.08885724897879135,Low,0
-0.0027294773547332,1.0098681158689435,0.4715283123892438,-0.3110907371394498,-1.1427017012049896,1.4996999389065542,-0.090542567009419,0.0,1.0,0.0,0.0012842961522475948,0.20199758359810902,0.08156961113059216,Low,0
1.149160048496788,1.0098681158689435,-1.4339185369096956,0.7227292505312247,-1.6300615792727433,-0.8007793297848904,0.2088553857938933,0.0,0.0,1.0,0.004964093025467525,0.4917455425015785,0.19967667281591192,Low,0
-1.0043725433125728,-1.423650834641491,-0.7586549166318258,1.1041385663708907,0.4608695105018128,-0.1006334654005525,1.2092266912175382,0.0,0.0,1.0,0.0016959057239025034,0.40606250694106866,0.16344254621076895,Low,0
0.9989135886031064,0.3338906296160494,1.9557711213168387,-1.4954670336942024,-0.325194808962306,-1.5009251941692283,-1.4030729202197632,0.0,0.0,1.0,0.0046478549634723565,0.5987818923700996,0.24230146992612328,Low,0
-0.503551010333653,0.063499635114907,-0.6583682403529343,1.0037676937815048,-0.985488837312166,1.099616587829806,1.1434996614575377,1.0,0.0,0.0,0.001858512861917741,0.6060383559607624,0.2435304501014556,Low,0
-0.8541260834188912,-1.558846331892062,0.4782140908078365,-0.6623887912023002,-0.0264903675659408,-0.6007376542465164,-0.6394273173335232,0.0,0.0,1.0,0.001189257045893461,0.3694880571735414,0.14850877709695265,Low,0
-1.4551119229935894,-1.423650834641491,0.525014539737986,-0.1103489919606781,0.916786815791002,0.7995540745221594,0.2556526368179172,0.0,0.0,1.0,0.001189257045893461,0.40610951786016714,0.16315736137160294,Low,0
0.4980920556241866,1.0774658644942483,-0.6048820130041921,0.3312828474326194,0.3665417921661186,0.5995123989838421,0.2321899594778027,0.0,1.0,0.0,0.0016426134167653636,0.10011017210142327,0.04102963689062853,Low,0
1.900392347965168,2.023834345248285,1.7284546550846844,-1.65606042983722,1.6871298488658384,-0.8007793297848904,-1.7692325861601068,0.0,0.0,1.0,0.05734278505214499,0.8437808188000041,0.37191799855128865,Medium,0
0.6483385155178683,0.4014883782413541,-0.6316251266785632,0.4216166327630672,-0.4981289592444121,-0.700758492015675,0.3424773533419606,0.0,1.0,0.0,0.0015727648812867592,0.022105228901687583,0.00978575048944709,Low,0
1.199242201794663,0.4014883782413541,-0.5714531209112282,0.0301702296644619,0.8539016702338723,-1.800987707476761,-0.1736522775035489,0.0,1.0,0.0,0.007754722432863598,0.2362831258206733,0.09916608378798748,Low,0
-0.9042082367167944,-0.8828688456391679,-0.8188269223991608,5.896788764643877e-05,-1.5514551473263314,0.4994915612146266,-0.3622110053082863,0.0,1.0,0.0,0.0015210988855598915,0.20541299697076443,0.08307785811964172,Low,0
0.347845595730505,0.1986951323654782,-1.079572280724279,1.0740273045940751,-1.5042912881584842,-0.4006959787080853,0.9275267512251651,1.0,0.0,0.0,0.005285774501785646,0.6342764226559051,0.25688203376343344,Medium,0
0.3979277490284083,0.5366838754919253,-0.7720264734690113,0.4517278945398827,-0.325194808962306,-0.000612627631337,0.2928421136266489,0.0,0.0,1.0,0.0019106465409862072,0.20461627004730246,0.08299289594351271,Low,0
-0.4534688570357496,0.063499635114907,-0.7653406950504186,0.1205040149949097,1.215491257187367,0.9995957500605904,-0.1632364648414302,0.0,1.0,0.0,0.0017422441217953449,0.11087112761916286,0.04539379752074235,Low,0
1.149160048496788,0.6718793727424964,-0.0299050690052139,-0.2307940390679407,0.9953932477374136,-1.3008835186308545,-0.2429563555098562,0.0,0.0,1.0,0.0012842961522475948,0.29820670565618573,0.12005325995382285,Low,0
0.0473526759431701,0.063499635114907,0.2575834029942752,0.3513570219504969,-1.4256848562120723,-0.000612627631337,0.8135342054584956,0.0,1.0,0.0,0.0013033490265304283,0.16531462652449683,0.066907860025717,Low,0
-0.3533045504399714,-0.6124778511379871,-1.0327718317941297,0.6725438142365319,-0.9226036917550364,-0.2006543031697112,0.420127877256323,0.0,0.0,1.0,0.0045108294871879975,0.25515115939428207,0.10476696145002562,Low,0
-0.1028937839505114,0.2662928809907446,1.1200488189927424,-1.1742802414081677,-0.0736542267337879,0.5995123989837853,-1.1768123009814777,0.0,1.0,0.0,0.0012296655063114168,0.17736241727049085,0.07168276621198319,Low,0
-0.8040439301210163,-1.2884553373908814,0.4514709771334655,-0.7326484020148699,-0.2151458042373293,-0.3006751409388699,-0.7628207006400778,0.0,1.0,0.0,0.001189257045893461,0.11417931786593373,0.04638528137390957,Low,0
0.1975991358368233,-0.2068913593862736,0.9930190290394798,-0.9936126707472732,0.4451482241125304,-0.700758492015675,-0.931986505721026,0.0,1.0,0.0,0.001189257045893461,0.1446799752420253,0.058585544324346206,Low,0
-0.6037153169294313,-0.1392936107609688,-0.4644806662137439,-0.0601635556659852,0.5237546560589423,0.9995957500605904,-0.2396847852129573,0.0,1.0,0.0,0.0013095503215329047,0.030505836482067478,0.012988064785746734,Low,0
0.6984206688157432,0.4690861268666205,-1.0862580591428714,2.378848648256091,-0.2465883770158941,-0.700758492015675,2.674988725502546,0.0,0.0,1.0,0.9880540298902829,0.6575588071190678,0.8558559407817969,Critical,1
-1.0043725433125728,-1.220857588765615,-1.219973627514727,1.8870313725681,1.4827531258051674,0.199429047907037,1.8985623193781165,0.0,1.0,0.0,0.9315608683778491,0.4242878981438344,0.7286516802842432,High,1
0.097434829241045,-0.2068913593862736,1.6081106435500148,-1.2947252885154308,-0.0579329403445056,-0.5007168164773008,-1.1826557985298545,0.0,1.0,0.0,0.001189257045893461,0.20957359381378246,0.08454299175304907,Low,0
-1.5051940762914926,-1.4912485832667572,1.019762142713851,-0.7727967510506248,1.4041466938587557,0.7995540745222163,-0.5552632152075617,0.0,1.0,0.0,0.0018972898650567922,0.3389044361378985,0.13670014837419348,Low,0
-0.2531402438441931,-0.4772823538874159,-0.9926571612825728,2.107847292264749,0.50803336966966,-0.2006543031697112,2.39517092384363,0.0,1.0,0.0,0.005726354582707244,0.38662202257955336,0.1580846217814457,Low,0
1.3494886616883446,1.483052356245962,-0.5580815640740427,0.7528405123080402,0.916786815791002,-0.5007168164773008,0.8609325582539381,0.0,1.0,0.0,0.0018195178748398094,0.2209910689392467,0.08948813830060257,Low,0
-0.7038796235252095,0.063499635114907,-0.578138899329821,0.8130630358616718,-1.07981655564786,1.4996999389065542,0.93226658650471,0.0,0.0,1.0,0.001858512861917741,0.36493672676350175,0.14708979842255135,Low,0
0.2977634424326301,-0.0040981135103977,-0.3508224330976668,-0.3713132606930814,-0.199424517848047,-0.6007376542465164,-0.6251782491126903,0.0,0.0,1.0,0.0012296655063114168,0.2198589649009903,0.08868138526418298,Low,0
-0.3032223971420965,-0.6124778511379871,-0.4644806662137439,0.8632484721563648,-0.5924566775801064,-0.3006751409388699,1.084828186916153,0.0,0.0,1.0,0.0013259787942259103,0.2917373616550936,0.11749053193857299,Low,0
-0.3533045504399714,-0.4772823538874159,-1.373746531142361,2.208218164854135,-0.9540462645336012,-0.000612627631337,2.1831101021891763,0.0,1.0,0.0,0.012500995235768081,0.4387401515686224,0.1829966577689098,Low,0
0.097434829241045,0.1310973837401734,0.6520443296912486,-0.973538496229396,-1.268471992319249,-0.000612627631337,-1.0511721766276534,0.0,0.0,1.0,0.0012296655063114168,0.36968651158575305,0.14861240393808806,Low,0
0.9488314353052032,0.7394771213678013,-0.55139578565545,0.6323954652007769,-1.4728487153799197,-0.8007793297848336,0.6943879510614687,0.0,1.0,0.0,0.0019410271658534658,0.13653966684998475,0.05578048303950599,Low,0
1.7000637347735827,1.1450636131195149,-1.5743198837001438,1.134249828147706,-0.8911611189764717,-1.7009668697076024,0.6343861693210434,0.0,1.0,0.0,0.9392850963821916,0.46749899438012443,0.7505706555813647,Critical,1
0.2977634424326301,0.5366838754919253,0.0168953799249354,-0.1504973409964323,0.1464437827161653,0.199429047907037,-0.0961002948631878,0.0,1.0,0.0,0.0013978828550958537,0.019871864860385686,0.008787475657211786,Low,0
0.4480099023262832,0.2662928809907446,0.0904389425294559,-0.4014245224698969,0.633803660783919,-0.5007168164773008,-0.4347373829744935,0.0,1.0,0.0,0.0012296655063114168,0.010196948724111012,0.004816578793431255,Low,0
0.097434829241045,-0.3420868566368448,-0.7586549166318258,0.110466927735971,0.3350992193875538,-0.700758492015675,-0.1731398628787316,0.0,1.0,0.0,0.0015210988855598915,0.05999683308688708,0.02491139256609077,Low,0
-0.9042082367167944,-0.815271097013863,-1.1798589570031703,2.0978102050058105,-1.1898655603728368,0.5995123989838421,2.2135199393465013,0.0,1.0,0.0,0.012500995235768081,0.43702234521905803,0.18230953522908405,Low,0
0.0473526759431701,-0.27448910801154,0.611929659179692,-0.3913874352109582,-1.0169314100907303,-0.5007168164773008,-0.1420500909307855,0.0,0.0,1.0,0.001189257045893461,0.2595315089974526,0.10452615782651711,Low,0
-0.9042082367167944,-0.2068913593862736,0.3645558576917595,-0.2609053008447569,0.1621650691054477,1.4996999389065542,-0.0706273755334123,0.0,1.0,0.0,0.001189257045893461,0.1128027138391698,0.045834639763204,Low,0
-0.3533045504399714,-0.9504665942644344,-0.6249393482599704,0.8130630358616718,-0.6396205367479536,-0.700758492015675,0.8990877395478993,0.0,1.0,0.0,0.0016959057239025034,0.1261249203124821,0.05146751155933434,Low,0
-1.0043725433125728,-1.558846331892062,-0.2906504273303319,0.1305411022538477,0.8224590974553075,-0.3006751409389267,0.1396695573163876,0.0,0.0,1.0,0.001189257045893461,0.3233343872812345,0.13004730914002988,Low,0
1.8002280413693894,1.5506501048712666,0.5718149886681354,-1.073909368818782,1.8600639991479444,-1.3008835186308545,-1.24624448264399,0.0,1.0,0.0,0.23323857283415844,0.534140183653138,0.35359921716175025,Medium,0
-1.2047011565041297,-1.085662091515044,-1.186544735421763,1.7565492382018986,-0.3094735225730236,0.7995540745221594,1.7542092070911235,0.0,1.0,0.0,0.00696814054343553,0.35757147142488005,0.14720947289601333,Low,0
-0.3533045504399714,-0.6124778511379871,0.464842533970651,-0.4716841332824673,-0.8754398325871893,-0.2006543031697112,-0.3464444014678068,0.0,0.0,1.0,0.001189257045893461,0.23234280186457176,0.0936506749733648,Low,0
1.7000637347735827,1.8886388479977136,-0.0299050690052139,-0.9233530599347032,-1.1112591284264248,-0.6007376542464594,-1.280536845997034,0.0,0.0,1.0,0.0012038489692639488,0.5702804747171895,0.22883449926843416,Low,0
0.8486671287094248,-0.0716958621357025,-0.491223779888115,-0.0802377301838619,1.3255402619123435,-1.800987707476818,-0.2839298172403041,0.0,0.0,1.0,0.005317252174628993,0.4492190321198168,0.18287796415270413,Low,0
1.399570814986248,1.5506501048712666,-0.1769921942142548,0.0301702296644619,1.5141956985837322,-0.5007168164773008,0.0606493096933824,0.0,1.0,0.0,0.015163504482880157,0.2622296586883579,0.11398996616507126,Low,0
0.1975991358368233,-0.1392936107609688,0.1238678346224197,-0.1103489919606781,0.6652462335624838,-0.6007376542464594,0.0256573032949177,0.0,1.0,0.0,0.0013095503215329047,0.016118557878692916,0.007233153344396909,Low,0
0.347845595730505,1.618247853496533,-0.404308660446409,-0.1404602537374936,-0.8125546870300597,1.6997416144449282,-0.3206265876790206,0.0,1.0,0.0,0.0012038489692639488,0.31348865695096767,0.12611777216194545,Low,0
0.9989135886031064,0.2662928809907446,0.5183287613193932,-0.6925000529791157,-0.1679819450694822,-1.600946031938444,-0.6672159566023682,0.0,0.0,1.0,0.0046478549634723565,0.36999898994699293,0.15078830895688058,Low,0
-0.7539617768231129,0.063499635114907,1.86217022345654,-1.1140577178545366,-1.3785209970442254,1.5997207766757695,-0.7603078981530021,0.0,1.0,0.0,0.0012296655063114168,0.41522786761644415,0.16682894635036452,Low,0
-0.3032223971420965,0.5366838754919253,0.3645558576917595,-0.8631305363810718,0.6495249471732014,1.3996791011373957,-1.0077548913019323,1.0,0.0,0.0,0.0013978828550958537,0.6414114264974624,0.2574033003120425,Medium,0
-0.7539617768231129,0.1310973837401734,0.9729616937837016,-0.7326484020148699,-1.40996356982279,1.6997416144449282,-0.511481327168029,0.0,1.0,0.0,0.0012296655063114168,0.30062885905016073,0.12098934292385115,Low,0
-0.8040439301210163,-0.5448801025127208,1.079934148481186,-1.023723932524089,0.4608695105018128,0.7995540745222163,-0.9434468558875752,0.0,1.0,0.0,0.001189257045893461,0.1624753060355994,0.06570367664177584,Low,0
0.7485028221136465,0.3338906296160494,2.4672331703391857,-1.7664683896855444,0.6495249471732014,-1.000821005323265,-1.658541173072538,0.0,1.0,0.0,0.0012296655063114168,0.40688016400149357,0.16348986490438427,Low,0
1.4496529682841228,1.5506501048712666,-0.7586549166318258,0.8732855594153035,-1.284193278708531,-0.6007376542464594,0.8880708251143647,1.0,0.0,0.0,0.0018195178748398094,0.7516757222702019,0.30176199963298467,Medium,0
-0.4033867037378747,0.2662928809907446,-0.3909371036092235,0.3312828474326194,-1.1898655603728368,1.1996374255989646,0.3687287487363588,0.0,1.0,0.0,0.0013033490265304283,0.09601805937744887,0.039189233166897805,Low,0
0.8987492820073282,0.8070748699930677,1.949085342898246,-1.385059073845878,1.5141956985837322,-0.6007376542465164,-1.2080498848404282,0.0,1.0,0.0,0.016470723966576055,0.380617227844272,0.16212932551765444,Low,0
-0.9542903900146694,-1.220857588765615,0.8258745685746606,-0.7928709255685016,-1.2999145650978134,0.0994082101378215,-0.6801642800063628,0.0,1.0,0.0,0.001189257045893461,0.21656696273075224,0.08734033931983698,Low,0
0.4480099023262832,0.8070748699930677,-1.186544735421763,2.0476247687111173,0.4923120832803776,0.2994498856762525,2.1408556038966906,0.0,1.0,0.0,0.014766245211206074,0.4106402406414583,0.17311584338330696,Low,0
0.2977634424326301,-0.4096846052621496,-0.6583682403529343,0.4216166327630672,-0.3723586681301531,-1.2008626808616956,0.3250552560982301,0.0,0.0,1.0,0.0015210988855598915,0.2583992412476264,0.10427235583038652,Low,0
-0.9042082367167944,-0.6800755997632919,0.4715283123892438,-0.4214986969877743,-1.0169314100907303,0.7995540745222163,-0.2640836046561001,0.0,1.0,0.0,0.001189257045893461,0.08583577868632265,0.03504786570206514,Low,0
0.7985849754115499,0.4014883782413541,-0.665054018771527,-0.2508682135858182,0.4608695105018128,-1.000821005323265,-0.6240844409712564,0.0,1.0,0.0,0.0015727648812867592,0.1147770478526614,0.04685447806983662,Low,0
0.1475169825389484,0.1310973837401734,-0.257221535237368,1.234620700737092,-1.661504152051308,-0.1006334654005525,1.7772777193352252,0.0,1.0,0.0,0.0015725288373987616,0.3646951484596154,0.14682157668628543,Low,0
1.3494886616883446,0.5366838754919253,-1.7080354520719991,1.505622056728434,-1.2999145650978134,-1.9010085452459768,0.998151282303114,1.0,0.0,0.0,0.958332047499666,0.8833070178453997,0.9283220356379595,Critical,1
1.4496529682841228,0.7394771213678013,2.4672331703391857,-1.826690913239176,-0.781112114251495,-1.800987707476761,-1.7746227938480708,0.0,0.0,1.0,0.004853608356625806,0.7713273522920456,0.3114431059307938,Medium,0
-1.304865463099936,-0.815271097013863,-0.3842513251906307,0.6223583779418389,0.9325081021802842,1.3996791011373957,0.7939343460593001,0.0,1.0,0.0,0.0013259787942259103,0.14852744408840815,0.06020656491189881,Low,0
-1.304865463099936,-1.1532598401403102,-0.1903637510514404,0.3613941092094356,0.9639506749588488,0.8995749122914317,0.5411365617320063,1.0,0.0,0.0,0.001189257045893461,0.5754261232798927,0.23088400353949318,Low,0
0.4980920556241866,0.3338906296160494,-1.4272327584911029,1.094101479111952,-0.5138502456336945,-0.5007168164773008,0.6936883080160489,0.0,1.0,0.0,0.005037461310525153,0.14929286396058725,0.06273962237054999,Low,0
1.5498172748799297,0.8070748699930677,-0.5246526719810789,1.2948432242907235,-1.5200125745477666,-1.9010085452460337,1.6569785320323651,0.0,1.0,0.0,0.012972709550256483,0.5237176266721388,0.21727067639900943,Low,0
-0.8541260834188912,-0.4772823538874159,-1.2935171901192477,1.6160300165767585,1.545638271362297,0.9995957500605904,1.479101678329551,0.0,1.0,0.0,0.7975541208479271,0.3611042450362901,0.6229741705232723,High,1
-0.6037153169294313,-0.27448910801154,2.4672331703391857,-1.7765054769444828,0.5866398016160719,0.7995540745222163,-1.7302693664193207,0.0,1.0,0.0,0.001189257045893461,0.4429014286988854,0.17787412570709024,Low,0
1.0990778951988849,0.7394771213678013,1.3206221715505255,-0.6021662676486685,1.1211635388516727,-1.1008418430924232,-0.1225586269329932,0.0,0.0,1.0,0.0014227346470032664,0.427635954006729,0.17190802239089356,Low,0
1.8503101946672644,1.8210410993724089,0.2776407382500535,-0.2809794753626336,1.3255402619123435,-1.000821005323265,-0.1495195195002131,0.0,1.0,0.0,0.0016812644497249992,0.32271942387349806,0.13009652821923423,Low,0
-1.354947616397811,-0.9504665942644344,-1.5609483268629585,0.5922471161650227,1.199769970798085,1.29965826336818,-0.0456668708284532,0.0,1.0,0.0,0.004760593036176329,0.2863784605455236,0.11740774003991525,Low,0
1.04899574190101,1.0098681158689435,-0.578138899329821,0.4918762435756369,-0.1679819450694822,-0.6007376542465164,0.4769270675916512,0.0,1.0,0.0,0.0018605995752910796,0.06622603171727241,0.027606772432083614,Low,0
-1.254783309802033,-0.3420868566368448,0.9194754664349594,-1.2144285904439225,2.0801620085978976,1.9998041277525176,-1.3262205806248246,1.0,0.0,0.0,0.029847121606766912,0.9010352492266089,0.37832237265470375,Medium,0
-1.2047011565041297,-0.6800755997632919,-1.1798589570031703,1.5658445802820655,-0.9697675509228836,1.3996791011373386,1.506368048846182,1.0,0.0,0.0,0.005051399226254482,0.7612512028338578,0.30753132066929584,Medium,0
-0.7539617768231129,-0.4096846052621496,-0.7586549166318258,0.1205040149949097,0.7438526655088956,0.8995749122913749,-0.1591765643525068,1.0,0.0,0.0,0.0015210988855598915,0.5094173650840496,0.20467960536495577,Low,0
1.399570814986248,0.7394771213678013,0.1305536130410125,-0.7727967510506248,-0.4981289592444121,-1.7009668697076024,-0.9785866741970456,0.0,1.0,0.0,0.004853608356625806,0.2900117672080837,0.11891687189720897,Low,0
0.54817420892209,0.063499635114907,0.2241545109013113,-0.3211278243983885,-1.5828977201048962,-1.000821005323265,-0.240492823659782,0.0,1.0,0.0,0.0012296655063114168,0.14273835078046865,0.05783313961597431,Low,0
0.2977634424326301,1.5506501048712666,0.0102096015063426,-0.2809794753626336,-0.8439972598086245,1.6997416144449282,-0.2961489352166758,0.0,1.0,0.0,0.0012038489692639488,0.298076818127346,0.11995303663249678,Low,0
-1.8557691493767308,-1.761639577767938,-0.3909371036092235,-0.0099781193712922,-0.8911611189764717,1.099616587829749,-0.1244506193938509,0.0,1.0,0.0,0.001189257045893461,0.31361783511197455,0.1261606882723259,Low,0
-0.5536331636315563,-0.2068913593862736,-0.8255127008177535,0.1907636258074793,1.5613595577515793,0.7995540745222163,-0.1027222684761893,0.0,1.0,0.0,0.06139035048020642,0.17345504555325716,0.10621622850942672,Low,0
0.8486671287094248,0.063499635114907,-0.4577948877951512,-0.1705715155143097,-0.9226036917550364,-1.600946031938387,-0.394276335868862,1.0,0.0,0.0,0.0046478549634723565,0.5946398386243453,0.24064464842782157,Low,0
-1.1546190032062544,-0.5448801025127208,-0.9324851555152378,0.4517278945398827,0.8067378110660252,1.4996999389065542,0.1876000329914459,0.0,1.0,0.0,0.0017245968879750018,0.14582088405272162,0.059363111753873654,Low,0
0.3979277490284083,0.4014883782413541,-0.8589415929107174,1.3751399223622327,-0.2308670906266117,-0.2006543031697112,1.5068607552161972,0.0,1.0,0.0,0.0021848420533480367,0.1448778227254604,0.059262034322192986,Low,0
-0.8040439301210163,-1.220857588765615,0.4915856476450221,-0.5118324823182214,-1.5200125745477666,-0.2006543031697112,-0.3957544549789071,0.0,1.0,0.0,0.001189257045893461,0.1702593157964922,0.06881728054613297,Low,0
1.649981581475708,0.8746726186183724,-0.812141143980568,1.184435264442399,-1.441406142601355,-2.001029383015192,1.2800975754804944,0.0,1.0,0.0,0.009860496785992146,0.47380777842684646,0.1954394094423339,Low,0
-2.0060156092704124,-2.3024215667702226,-0.9257993770966452,1.134249828147706,0.2564927874411419,0.5995123989838421,1.1247374028873651,0.0,0.0,1.0,0.001799156127238872,0.6358771437825749,0.25543035118937324,Medium,0
-0.1529759372484148,-0.6124778511379871,-0.3708797683534451,5.896788764643877e-05,0.2407715010518595,-0.6007376542464594,-0.098120390980249,0.0,1.0,0.0,0.001189257045893461,0.03550274975046548,0.01491465412772227,Low,0
1.199242201794663,0.1310973837401734,-0.3040219841675174,0.5922471161650227,-0.906882405365754,-2.201071058553566,0.8046654907982257,0.0,0.0,1.0,0.005664505438562805,0.509379516409377,0.20715050982688848,Low,0
-1.304865463099936,-0.4096846052621496,-1.567634105281551,1.234620700737092,-0.1837032314587646,1.9998041277525176,0.7671508277852843,0.0,1.0,0.0,0.004298764052378189,0.3956428521341007,0.1608363992850672,Low,0
-0.1028937839505114,0.5366838754919253,-0.4511091093765584,0.3513570219504969,0.759573951898178,0.9995957500605904,0.3591603910306672,0.0,0.0,1.0,0.0013978828550958537,0.23265354523466425,0.09390014780692321,Low,0
0.3979277490284083,0.3338906296160494,-0.6449966835157487,0.4517278945398827,-0.2937522361837412,-0.3006751409389267,0.3761587607961851,0.0,1.0,0.0,0.001781498196735245,0.0007837500963761287,0.0013823989565915984,Low,0
1.149160048496788,0.1310973837401734,-0.5848246777484138,1.4654737076926798,0.1936076418840124,-2.1010502207844075,1.8517946307362931,1.0,0.0,0.0,0.012427070566738524,0.8372760332012515,0.34236665562054375,Medium,0
0.1475169825389484,1.0098681158689435,0.8860465743419955,-0.6423146166844228,-1.0955378420371424,1.1996374255989646,-0.405884497946415,0.0,1.0,0.0,0.0012842961522475948,0.2128952937430045,0.08592869518855037,Low,0
0.097434829241045,-0.6124778511379871,-0.3441366546790741,0.7026550760133473,-1.3470784242656606,-1.1008418430924232,0.9378440226132791,0.0,1.0,0.0,0.0013259787942259103,0.19291000303751032,0.07795958849153968,Low,0
0.1475169825389484,1.0774658644942483,0.1974113972269402,-0.2307940390679407,-0.0107690811766584,1.29965826336818,-0.1166461504928118,0.0,1.0,0.0,0.0012842961522475948,0.11366059666853064,0.04623481635876081,Low,0
-0.3032223971420965,0.5366838754919253,0.611929659179692,-0.6423146166844228,1.7185724216444032,1.3996791011373957,-0.5416349570129467,0.0,1.0,0.0,0.09433694629382691,0.2426246770354147,0.15365203859046203,Low,0
0.8987492820073282,0.8070748699930677,-0.7586549166318258,1.595955842058881,0.759573951898178,-0.6007376542465164,1.8934283190025611,0.0,1.0,0.0,0.002646187063140098,0.34126779667690815,0.13809483090864733,Low,0
1.7501458880714862,1.2802591103700858,0.2308402893199041,-0.1103489919606781,-1.5042912881584842,-1.600946031938444,0.0869893922343845,0.0,1.0,0.0,0.0063591750985975744,0.3610522285268651,0.14823639646990458,Low,0
-0.6037153169294313,0.063499635114907,0.2442118461570896,-0.3211278243983885,1.4041466938587557,1.29965826336818,-0.2296138670098511,1.0,0.0,0.0,0.0019617085459104648,0.5760165808213088,0.23158365745606982,Low,0
0.1475169825389484,-0.27448910801154,0.4180420850405016,-0.1906456900321865,0.50803336966966,-0.700758492015675,0.0687395482890289,0.0,1.0,0.0,0.001189257045893461,0.05039852832872238,0.020872965559025028,Low,0
0.4480099023262832,0.2662928809907446,-0.5714531209112282,0.1706894512896026,1.1368848252409551,-0.5007168164773008,0.02569671980452,0.0,1.0,0.0,0.0017422441217953449,0.03773090241270683,0.01613770743815994,Low,0
1.4496529682841228,1.618247853496533,2.4672331703391857,-2.0976922692305173,1.3255402619123435,-0.5007168164773008,-2.091314740238909,0.0,1.0,0.0,0.0016812644497249992,0.6745028475800289,0.2708098977018466,Medium,0
-0.7038796235252095,-0.4096846052621496,-1.0394576102127222,1.545770405764188,0.5866398016160719,0.7995540745221594,1.594325990021258,0.0,1.0,0.0,0.005300395803598249,0.23611577594062308,0.09762654785840819,Low,0
-0.9042082367167944,-1.4912485832667572,0.2976980735058318,-0.5017953950592827,0.4608695105018128,-0.4006959787080853,-0.4799678277418702,0.0,1.0,0.0,0.001189257045893461,0.1115767407980509,0.04534425054675644,Low,0
-0.4534688570357496,-1.018064342889739,0.7790741196445112,-0.5017953950592827,-0.5295715320229769,-0.6007376542465164,-0.2316438172543123,0.0,1.0,0.0,0.001189257045893461,0.12102572097383099,0.04912384261706848,Low,0
1.3494886616883446,0.3338906296160494,-0.8856847065850885,0.7327663377901628,-0.5924566775801064,-2.201071058553566,0.6040256028007194,0.0,0.0,1.0,0.01213126425074603,0.5139223686759847,0.21284770602084152,Low,0
1.399570814986248,0.4014883782413541,0.932847023272145,-1.0939835433366591,-1.661504152051308,-2.201071058553566,-1.1232452644334476,0.0,1.0,0.0,0.005195961746543229,0.5156982534542098,0.20939687842960986,Low,0
0.2977634424326301,0.3338906296160494,-0.404308660446409,-0.2307940390679407,-0.1522606586801998,-0.1006334654005525,-0.4509966931849875,0.0,1.0,0.0,0.0012296655063114168,0.02794777304667651,0.011916908522457454,Low,0
1.7000637347735827,1.0774658644942483,-0.5447100072368571,0.1706894512896026,0.382263078555401,-1.800987707476761,0.0421334043082198,0.0,1.0,0.0,0.008096893255677128,0.3178062968301797,0.13198065468547818,Low,0
-2.306508529057776,-2.7756058071472793,-0.083391296353956,0.060281491441278,1.1054422524623904,0.4994915612146266,0.1611219926668411,0.0,0.0,1.0,0.001317464477868507,0.6413756918480032,0.25734075542592244,Medium,0
0.2977634424326301,0.2662928809907446,-0.8255127008177535,1.1141756536298293,0.7752952382874604,-0.200654303169768,1.1728353987282305,0.0,0.0,1.0,0.001858512861917741,0.3109608606837945,0.12549945199066845,Low,0
0.4480099023262832,-0.0716958621357025,-0.4377375525393728,0.2911344983968652,1.592802130530144,-1.000821005323265,0.2811157020202926,0.0,0.0,1.0,0.03878035301475678,0.3036239343076841,0.1447177855319277,Low,0
1.199242201794663,0.8746726186183724,-1.4606616505840666,2.158032728559442,-0.3566373817408708,-1.1008418430924232,2.039042759596793,0.0,0.0,1.0,0.011994384055173658,0.6894937109290923,0.2829941148047411,Medium,0
-1.2047011565041297,-0.8828688456391679,-0.3641939899348524,-0.1003119047017394,-1.0012101237014484,1.099616587829749,-0.2396256604485556,0.0,1.0,0.0,0.001189257045893461,0.11766281762955988,0.04777868127936003,Low,0
0.2476812891347267,1.3478568589953903,-0.4644806662137439,-0.1906456900321865,-1.07981655564786,1.4996999389065542,-0.4268442269268532,0.0,1.0,0.0,0.001488168225392962,0.27220963378203195,0.10977675444804856,Low,0
0.7485028221136465,0.4014883782413541,-0.056648182679585,0.1004298404770322,0.0992799235483181,-0.9008001675540492,0.2371170231779534,0.0,1.0,0.0,0.0012296655063114168,0.018105498075427256,0.007979998533957753,Low,0
-1.555276229589396,-1.6264440805173284,1.0331336995510365,-0.8029080128274403,-1.535733860937049,0.6995332367530576,-0.5987100629154839,0.0,0.0,1.0,0.001189257045893461,0.5760823891676864,0.23114650989461064,Low,0
0.0473526759431701,-0.4772823538874159,1.0331336995510365,-1.2947252885154308,1.4984744121944498,-0.8007793297848904,-1.4123160917212445,0.0,1.0,0.0,0.014721180430727225,0.3232702341665432,0.13814080192505362,Low,0
2.150803114454628,2.361823088374732,-0.5246526719810789,0.1506152767717252,-1.4571274289906373,-0.8007793297848904,0.0258445317155237,0.0,1.0,0.0,0.001539756158815032,0.4652698436696393,0.18703179116314475,Low,0
-0.6037153169294313,-1.018064342889739,-0.1368775237026982,-0.1304231664785548,-0.655341823137236,-0.3006751409389267,-0.1535991282439368,0.0,0.0,1.0,0.001189257045893461,0.2410024132897729,0.09711451954344524,Low,0
0.54817420892209,-0.0040981135103977,-0.1168201884469199,-0.2006827772911252,-1.4256848562120723,-1.10084184309248,-0.2465235496287651,0.0,1.0,0.0,0.0012296655063114168,0.12151582679079069,0.04934413002010313,Low,0
0.2476812891347267,1.0774658644942483,-0.0165335121680283,0.2409490621021723,0.8696229566231547,1.099616587829806,0.4721576699299061,0.0,1.0,0.0,0.0013612487663756685,0.13519379239901966,0.05489426621943327,Low,0
1.199242201794663,0.6042816241171917,-0.6383109050971559,0.2309119748432336,-0.3880799545194355,-1.5009251941692283,0.0694490454618498,0.0,0.0,1.0,0.00880769120570734,0.32521478362898887,0.13537052817501996,Low,0
0.4980920556241866,0.6718793727424964,0.3378127440173884,-0.3010536498805111,0.3036566466089891,-0.000612627631337,-0.1476866518037571,0.0,1.0,0.0,0.0012842961522475948,0.03117550332936057,0.013240779023092786,Low,0
-2.356590682355651,-2.8432035557725457,0.3912989713661305,-0.3813503479520194,1.199769970798085,0.4994915612146266,-0.2437841022114821,0.0,0.0,1.0,0.001317464477868507,0.6776835273061326,0.2718638896091741,Medium,0
0.4980920556241866,1.5506501048712666,-0.2839646489117391,0.2610232366200498,-0.0107690811766584,1.29965826336818,0.3343575523641129,0.0,1.0,0.0,0.0012038489692639488,0.19517805616458145,0.07879353184739096,Low,0
1.149160048496788,0.9422703672436388,2.1028582465258796,-1.8166538259802376,-1.268471992319249,-0.900800167554106,-1.930446110429013,0.0,1.0,0.0,0.0012842961522475948,0.4957815886258861,0.19908321314170302,Low,0
-0.5536331636315563,-1.018064342889739,0.1907256188083474,-0.5720550058718531,0.2879353602197067,-0.4006959787080853,-0.6426890335030228,0.0,1.0,0.0,0.001189257045893461,0.056429276759720405,0.02328526493142424,Low,0
0.4980920556241866,-0.2068913593862736,-0.2639073136559609,0.2911344983968652,0.9010655294017196,-1.3008835186308545,0.3910286390432377,0.0,1.0,0.0,0.001189257045893461,0.10783008131395455,0.0438455867531179,Low,0
0.5982563622199649,0.2662928809907446,-0.404308660446409,0.4015424582451898,0.0835586371590358,-0.8007793297848904,0.4615940453567846,0.0,1.0,0.0,0.0013033490265304283,0.028692104399661307,0.01225885117578278,Low,0
-0.8541260834188912,-0.0040981135103977,-0.7452833597946403,0.712692163272286,-0.0422116539552232,1.6997416144449282,0.6739406367058478,1.0,0.0,0.0,0.001858512861917741,0.6230150932495339,0.2503211450169642,Medium,0
0.2977634424326301,-0.27448910801154,-0.6984829108644909,1.365102835103294,-0.655341823137236,-1.000821005323265,1.6198087634784335,0.0,1.0,0.0,0.001993740377999824,0.22920404085854928,0.09287786057021961,Low,0
-0.9542903900146694,-1.2884553373908814,-0.3107077625861102,0.0402073169234006,-0.7653908278622126,-0.000612627631337,-0.0041514320909892,0.0,1.0,0.0,0.001189257045893461,0.11350168469910193,0.04611422810717686,Low,0
-1.0544546966104762,-0.9504665942644344,1.514509745689716,-1.2545769394796764,0.1621650691054477,0.6995332367530576,-1.1507875505172858,0.0,1.0,0.0,0.001189257045893461,0.24639705197756737,0.09927237501856304,Low,0
-0.1529759372484148,-0.6800755997632919,-0.4377375525393728,0.903396821192119,0.7910165246767428,-0.700758492015675,1.1617297971480929,0.0,0.0,1.0,0.0013259787942259103,0.33004402559673535,0.13281319751522971,Low,0
-0.6537974702273347,0.063499635114907,0.1840398403897547,-0.2408311263268794,-1.0012101237014484,1.3996791011373957,-0.1394288930423058,0.0,1.0,0.0,0.0012296655063114168,0.11837561874364935,0.04808804680124659,Low,0
1.4997351215820265,1.8210410993724089,0.1506109482967908,-0.4214986969877743,0.2250502146625771,-0.3006751409389267,-0.4334169299028539,0.0,0.0,1.0,0.0012038489692639488,0.42923092011038155,0.172414677425711,Low,0
0.1475169825389484,-0.27448910801154,-0.0432766258423994,-0.160534428255371,-0.8439972598086245,-0.700758492015675,-0.1452625364632836,0.0,0.0,1.0,0.001189257045893461,0.20167892313312133,0.08138512348078461,Low,0
-1.0544546966104762,-0.6124778511379871,0.4314136418776872,-0.8029080128274403,-1.1898655603728368,1.1996374255990214,-0.8825089320441207,0.0,1.0,0.0,0.001189257045893461,0.19741829692800753,0.07968087299873909,Low,0
-1.1546190032062544,-0.6800755997632919,0.8392461254118462,-0.682462965720177,-1.3785209970442254,1.29965826336818,-0.4943351454915065,0.0,0.0,1.0,0.001189257045893461,0.39736766148048674,0.1596606188197308,Low,0
0.7485028221136465,0.3338906296160494,2.4672331703391857,-2.3686936252218596,0.0678373507697534,-1.000821005323265,-2.212855547594208,0.0,1.0,0.0,0.0012296655063114168,0.5660238359747715,0.22714733369369544,Low,0
-0.3533045504399714,-0.6124778511379871,-0.5447100072368571,0.7929888613437944,0.3665417921661186,-0.2006543031697112,0.9274085016963602,0.0,0.0,1.0,0.0016959057239025034,0.22851113854925428,0.09242199885404322,Low,0
1.399570814986248,1.618247853496533,-0.7987695871433824,1.3851770096211706,2.174489726933592,-0.4006959787081422,1.5683899267036694,1.0,0.0,0.0,0.5959755508421501,0.9159908304808578,0.7239816626976332,High,1
0.9989135886031064,0.7394771213678013,0.6988447786213979,-0.4014245224698969,-1.3313571378763782,-0.9008001675540492,-0.1119161693406688,0.0,1.0,0.0,0.0012842961522475948,0.12957754372457125,0.05260159518117706,Low,0
-0.5536331636315563,-1.018064342889739,-0.1836779726328476,0.060281491441278,0.5866398016160719,-0.4006959787080853,0.1011103567990148,0.0,1.0,0.0,0.001189257045893461,0.03837500175412708,0.01606355492918691,Low,0
0.347845595730505,0.6718793727424964,0.1907256188083474,0.2810974111379265,0.2093289282732948,0.2994498856762525,0.6631306589477178,0.0,0.0,1.0,0.0013612487663756685,0.2440322432208518,0.09842964654816612,Low,0
-0.7539617768231129,-0.2068913593862736,0.204097175645533,-0.4716841332824673,1.5770808441408617,1.1996374255989646,-0.4821061733877355,1.0,0.0,0.0,0.04843632937308258,0.6017204189417319,0.2697499652005423,Medium,0
1.8503101946672644,1.6858456021218378,-0.6516824619343415,1.365102835103294,1.215491257187367,-1.2008626808616387,1.6567814494843591,0.0,1.0,0.0,0.002991699782787207,0.515543144543965,0.20801227768725833,Low,0
0.8486671287094248,0.4014883782413541,1.073248370062593,-1.2345027649617994,-0.0422116539552232,-1.1008418430924232,-1.2963133039649144,0.0,0.0,1.0,0.0012296655063114168,0.417919142670525,0.16790545637199686,Low,0
-0.5536331636315563,-0.0040981135103977,-1.219973627514727,1.826808849014469,0.8696229566231547,1.099616587829806,1.8188621369644928,0.0,0.0,1.0,0.00816178198743248,0.540295390688756,0.2210152254679619,Low,0
-0.4534688570357496,-0.4096846052621496,1.8755417802937255,-1.5456524699888954,-0.4824076728551298,0.2994498856761957,-1.5219826755591817,1.0,0.0,0.0,0.001189257045893461,0.7317163883731251,0.29340010957678614,Medium,0
-1.705522689483049,-1.761639577767938,-0.9458567123524234,0.2710603238789885,-0.9383249781443188,0.7995540745221594,-0.0675430336571185,0.0,1.0,0.0,0.0016137238744471315,0.3301783573240729,0.13303957725429744,Low,0
-0.4534688570357496,-0.7476733483885967,-0.5714531209112282,0.3413199346915581,1.4041466938587557,-0.200654303169768,0.2677633593928857,0.0,1.0,0.0,0.0024262162491381326,0.09314388115163723,0.03871328221013778,Low,0
0.0473526759431701,1.0098681158689435,0.8593034606676244,-0.8932417981578874,1.4984744121944498,1.3996791011373386,-0.8278283790998567,0.0,1.0,0.0,0.01685110831503432,0.3149014802288377,0.13607125708055567,Low,0
0.2476812891347267,1.2802591103700858,-1.3871180879795462,1.7966975872376527,0.7438526655088956,1.3996791011373386,1.636373551638337,0.0,0.0,1.0,0.010576132925242333,0.6584127127139473,0.2697107648407243,Medium,0
-0.5536331636315563,-1.085662091515044,-1.534205213188587,1.1141756536298293,0.4765907968910952,-0.5007168164773008,0.6390767339635866,0.0,1.0,0.0,0.004298764052378189,0.2316015786147835,0.09521988987734031,Low,0
-0.4033867037378747,0.2662928809907446,-0.1903637510514404,-0.020015206630231,-1.158422987594272,1.1996374255989646,-0.0212976137675108,0.0,0.0,1.0,0.0012296655063114168,0.2787173126962583,0.11222472438229018,Low,0
0.347845595730505,-0.4772823538874159,0.3311269655987956,-0.1705715155143097,-0.0893755131230703,-1.4009043564000128,0.0510710978602907,0.0,1.0,0.0,0.002633163607653469,0.13715761204319035,0.05644294298186822,Low,0
2.000556654560946,2.159029842498856,-0.6249393482599704,1.3952140968801094,-1.5828977201048962,-0.8007793297848904,1.7203898418532948,0.0,0.0,1.0,0.0021390147581461165,0.7513566951070395,0.30182608689770346,Medium,0
1.199242201794663,0.7394771213678013,1.273821722620376,-0.9936126707472732,1.6085234169194265,-1.3008835186307974,-0.8074106271264345,0.0,0.0,1.0,0.058334446698556384,0.5238578552704268,0.24454381012730458,Low,0
0.347845595730505,0.5366838754919253,1.4944524104339376,-1.2345027649617994,-0.3723586681301531,0.0994082101378783,-1.1243489267022817,0.0,1.0,0.0,0.0013978828550958537,0.19927440728208468,0.0805484926258914,Low,0
0.8987492820073282,-0.27448910801154,-0.5848246777484138,0.2710603238789885,1.9386704310943563,-2.201071058553566,0.1596734359389973,0.0,1.0,0.0,0.30171139200127933,0.4613671742187483,0.3655737048882669,Medium,0
-2.206344222461969,-2.5728125612714035,0.7991314549002895,-1.1843173286671065,-1.1427017012049896,0.5995123989837853,-1.3269300777976465,0.0,1.0,0.0,0.001189257045893461,0.6506836206751899,0.26098700249761203,Medium,0
-0.7539617768231129,-0.27448910801154,0.3444985224359811,0.0301702296644619,-0.0736542267337879,1.099616587829806,0.3704039503944092,0.0,1.0,0.0,0.001189257045893461,0.07374670748804732,0.030212237222755005,Low,0
0.347845595730505,0.063499635114907,-1.1999162922589486,0.6926179887544086,0.9010655294017196,-0.6007376542464594,0.3317067920934319,0.0,1.0,0.0,0.004753678356961748,0.08511496258101095,0.03689819204658143,Low,0
0.3979277490284083,0.4690861268666205,0.2776407382500535,-0.3813503479520194,0.9325081021802842,-0.1006334654005525,-0.3044264022329274,0.0,0.0,1.0,0.0013978828550958537,0.20057916831620382,0.08107039703953904,Low,0
-1.0544546966104762,-1.6940418291426331,2.336860491176626,-1.6761346043550969,0.6023610880053543,-0.4006959787080853,-1.5955535907298213,1.0,0.0,0.0,0.001189257045893461,0.8588673880458737,0.34426050944588554,Medium,0
2.0506388078588493,2.159029842498856,-0.7920838087247897,0.7528405123080402,0.6652462335624838,-0.900800167554106,0.6971076902239524,0.0,1.0,0.0,0.0018195178748398094,0.41396113000121293,0.16667616272538907,Low,0
-1.0544546966104762,-0.8828688456391679,0.0971247209480487,-0.4114616097288356,0.1936076418840124,0.7995540745222163,-0.4464145239438492,1.0,0.0,0.0,0.001189257045893461,0.5201451076232986,0.20877159727685551,Low,0
-1.104536849908351,-1.4912485832667572,-1.474033207421252,1.7966975872376527,-0.5924566775801064,-0.000612627631337,1.5622015346962808,0.0,0.0,1.0,0.00696814054343553,0.602829307201762,0.24531260720676612,Low,0
0.4980920556241866,0.4014883782413541,-0.4711664446323367,1.365102835103294,-0.5295715320229769,-0.4006959787080853,1.799390381221498,0.0,0.0,1.0,0.001708446244074083,0.4160744416087702,0.16745484438995256,Low,0
-1.0043725433125728,-1.6264440805173284,0.4180420850405016,-0.7828338383095628,0.1621650691054477,-0.4006959787080853,-0.8574203236829565,1.0,0.0,0.0,0.001189257045893461,0.6468319141052636,0.2594463198696415,Medium,0
0.1975991358368233,1.0774658644942483,-1.3269460822122112,1.4654737076926798,0.052116064380471,1.1996374255990214,1.2545753855137185,0.0,1.0,0.0,0.005713213236999922,0.3236425219798004,0.13288493673412013,Low,0
0.5982563622199649,0.6042816241171917,1.7886266608520194,-1.7765054769444828,-0.7653908278622126,-0.3006751409389267,-1.961003759497343,1.0,0.0,0.0,0.0013978828550958537,0.8003668438053095,0.3209854672351814,Medium,0
-0.503551010333653,-0.7476733483885967,-0.5447100072368571,-0.0400893811481077,-0.0422116539552232,-0.1006334654005525,-0.2577178383555064,0.0,0.0,1.0,0.0015210988855598915,0.21352231671379868,0.08632158601685541,Low,0
-1.0043725433125728,-1.018064342889739,-0.4644806662137439,0.8030259486027331,-0.6238992503586712,0.4994915612146266,0.998446906125123,0.0,1.0,0.0,0.0013259787942259103,0.11424310791733963,0.0464928304434714,Low,0
-0.9542903900146694,-0.9504665942644344,-0.7051686892830836,0.1907636258074793,-1.5200125745477666,0.4994915612146266,-0.0284024396231274,0.0,0.0,1.0,0.0015210988855598915,0.3405049680167289,0.13711464653802752,Low,0
-0.5536331636315563,0.063499635114907,-0.5915104561670066,0.2911344983968652,0.7124100927303308,1.1996374255990214,0.1838850269615332,0.0,0.0,1.0,0.0015727648812867592,0.21707753938206972,0.08777467468159995,Low,0
0.3979277490284083,0.8070748699930677,0.4113563066219088,-0.7125742274969932,-0.4038012409087179,0.3994707234454111,-0.750778956956912,0.0,0.0,1.0,0.0012842961522475948,0.27000952254448085,0.1087743867091409,Low,0
-1.254783309802033,-1.085662091515044,1.7551977687590556,-1.6159120808014658,-1.2527507059299663,0.8995749122913749,-1.6892959046888745,1.0,0.0,0.0,0.001189257045893461,0.845515997478424,0.33891995321890567,Medium,0
0.9488314353052032,0.6718793727424964,-0.4243659957021873,0.8130630358616718,-1.0169314100907303,-0.9008001675540492,1.0412827979342263,0.0,0.0,1.0,0.001517713325791754,0.34702550452661163,0.13972082980611972,Low,0
-0.6037153169294313,0.1310973837401734,-0.5045953367253005,0.4918762435756369,-0.0107690811766584,1.3996791011373386,0.5255966028217326,1.0,0.0,0.0,0.001781498196735245,0.5310965037519713,0.21350750041882968,Low,0
-2.206344222461969,-2.5728125612714035,-1.3470034174679897,1.5357333185052495,0.4294269377232481,0.5995123989837853,1.3301072720370164,1.0,0.0,0.0,0.004669214488110828,0.924327750709057,0.3725326289764893,Medium,0
0.4980920556241866,1.0098681158689435,-0.578138899329821,-0.020015206630231,1.4041466938587557,0.4994915612146266,-0.2487702906760345,0.0,1.0,0.0,0.002664466093172103,0.17004547572745451,0.06961686994688508,Low,0
-0.6537974702273347,-0.1392936107609688,-0.1970495294700331,0.4718020690577602,-0.9383249781443188,1.099616587829806,0.699541659691826,0.0,0.0,1.0,0.0014834023782310103,0.2648789966082127,0.10684164007022368,Low,0
1.2493243550925663,0.2662928809907446,-1.213287849096134,1.5156591439873728,1.2469338299659318,-2.1010502207844075,1.4125074853583257,0.0,1.0,0.0,0.8831796579404827,0.4585643968407729,0.7133335535005988,High,1
0.9488314353052032,0.7394771213678013,0.4982714260636149,5.896788764643877e-05,1.1211635388516727,-0.8007793297848336,0.4142942338353452,0.0,0.0,1.0,0.0015079697111576467,0.3110115378230909,0.12530939695593094,Low,0
0.097434829241045,-0.3420868566368448,-0.4845380014695222,0.6926179887544086,-1.3313571378763782,-0.700758492015675,0.8262164674226814,0.0,0.0,1.0,0.0013259787942259103,0.30020105154338655,0.12087600789389018,Low,0
1.04899574190101,0.8746726186183724,-0.5179668935624862,0.5119504180935144,1.0425571069052608,-0.8007793297848904,0.5453836906415349,0.0,0.0,1.0,0.0019410271658534658,0.27573909795650975,0.11146025548211598,Low,0
0.6483385155178683,-0.0040981135103977,0.1305536130410125,0.1506152767717252,1.4041466938587557,-1.3008835186308545,0.42661189308572,0.0,1.0,0.0,0.002079165938430062,0.15995957934396723,0.06523133130064494,Low,0
1.199242201794663,0.063499635114907,-0.8656273713293101,0.8833226466742415,1.089720966073108,-2.301091896322725,0.825093096899048,0.0,1.0,0.0,0.010859558907007402,0.380223712417046,0.15860522031102284,Low,0
-1.4551119229935894,-1.1532598401403102,1.6214822003872005,-1.625949168060404,0.9639506749588488,1.1996374255989646,-1.7538700015430388,0.0,1.0,0.0,0.001189257045893461,0.47509996859741116,0.19075354166650055,Low,0
1.149160048496788,1.0098681158689435,-0.9057420418408668,1.4253253586569257,1.4198679802480378,-0.8007793297848904,1.53855162893556,0.0,1.0,0.0,0.02021898829370958,0.3203383785728085,0.14026674440534917,Low,0
1.5498172748799297,0.8070748699930677,-0.9124278202594596,0.5320245926113911,0.5709185152267895,-1.9010085452460337,0.3106485218389907,0.0,1.0,0.0,0.010702306582789417,0.3098878253845877,0.13037651410350873,Low,0
-0.503551010333653,-0.6124778511379871,-0.9124278202594596,0.5119504180935144,1.1211635388516727,0.0994082101378783,0.2831752146469551,0.0,1.0,0.0,0.0019929823177891885,0.0836228360580106,0.03464492381387775,Low,0
0.4980920556241866,0.6718793727424964,0.1506109482967908,-0.4214986969877743,-1.284193278708531,-0.000612627631337,-0.4334169299028539,0.0,1.0,0.0,0.0012842961522475948,0.08818200923929793,0.03604338138706773,Low,0
0.1475169825389484,1.0098681158689435,-1.0194002749569435,0.7528405123080402,-0.6867843959158006,1.1996374255989646,0.5379635327091088,0.0,1.0,0.0,0.005519611011990197,0.16421294604970607,0.06899694502707655,Low,0
-1.705522689483049,-1.761639577767938,0.5718149886681354,-1.2043915031849837,1.0582783932945432,0.7995540745221594,-1.453259991069491,0.0,1.0,0.0,0.001189257045893461,0.45602063325082304,0.1831218075278653,Low,0
0.7985849754115499,-0.0716958621357025,-0.6048820130041921,0.3413199346915581,-0.1208180859016351,-1.7009668697076592,0.2463799029342348,0.0,1.0,0.0,0.008255001836969943,0.1830150754417484,0.07815903127888132,Low,0
1.2493243550925663,0.2662928809907446,-0.6784255756087126,0.3212457601736814,1.3098189755230611,-2.1010502207844075,0.1711732026151471,0.0,0.0,1.0,0.008330500520491464,0.494318205156223,0.20272558237478408,Low,0
-0.6037153169294313,-0.9504665942644344,-0.2037353078886259,-0.2910165626215723,1.6085234169194265,-0.2006543031697112,-0.4282336588902954,0.0,0.0,1.0,0.033087986925643374,0.3507966802341817,0.1601714642490587,Low,0
0.097434829241045,1.0098681158689435,-0.257221535237368,0.1807265385485406,0.3193779329982714,1.29965826336818,0.2335301208042442,0.0,1.0,0.0,0.0012842961522475948,0.10101933881955799,0.04117831321917176,Low,0
-0.3032223971420965,-0.6124778511379871,1.5746817514570508,-1.5456524699888954,0.7910165246767428,-0.3006751409388699,-1.6310678658805018,0.0,1.0,0.0,0.001189257045893461,0.31456540846837183,0.1265397176148848,Low,0
1.2493243550925663,1.2802591103700858,-1.2266594059333198,1.4353624459158636,0.2722140738304243,-0.6007376542465164,1.2954601600975617,0.0,0.0,1.0,0.006615484576397612,0.5114379129398734,0.20854445592178794,Low,0
-0.3032223971420965,-0.6800755997632919,-0.9993429397011656,0.4918762435756369,-0.3094735225730236,-0.4006959787080853,0.1981833658193686,0.0,0.0,1.0,0.001804366822182184,0.23595779431978597,0.09546573782122371,Low,0
0.6984206688157432,0.4690861268666205,0.2508976245756824,-0.4817212205414053,-1.3313571378763782,-0.700758492015675,-0.4732078963452634,0.0,1.0,0.0,0.0013978828550958537,0.08442746637201712,0.03460971626186436,Low,0
1.0990778951988849,0.8746726186183724,0.8526176822490317,-0.903278885416826,-1.661504152051308,-0.9008001675540492,-0.8472311559510469,0.0,0.0,1.0,0.0012842961522475948,0.4573857139268456,0.1837248632620868,Low,0
1.0990778951988849,1.0774658644942483,-0.4577948877951512,1.0037676937815048,-0.8911611189764717,-0.6007376542464594,1.291311572462036,0.0,1.0,0.0,0.001517713325791754,0.2181356286073642,0.08816487943842073,Low,0
-0.5536331636315563,0.1310973837401734,-0.812141143980568,1.4855478822105566,0.50803336966966,1.29965826336818,1.696631540691171,0.0,1.0,0.0,0.0021848420533480367,0.2805865257155071,0.11354551551821165,Low,0
-0.9542903900146694,-0.7476733483885967,-0.9525424907710162,1.3550657478443553,-0.3880799545194355,0.7995540745221594,1.405422367757509,1.0,0.0,0.0,0.0021150851807441675,0.6275180808769647,0.25227628345923236,Medium,0
0.9989135886031064,0.6718793727424964,0.6787874433656197,-0.5820920931307911,-1.40996356982279,-1.000821005323265,-0.4120334734442022,0.0,1.0,0.0,0.0012842961522475948,0.15202245158904162,0.06157955832696521,Low,0
-0.8541260834188912,-0.9504665942644344,0.3912989713661305,-0.2910165626215723,0.4608695105018128,0.2994498856762525,-0.1028602262597929,0.0,0.0,1.0,0.001189257045893461,0.24937163172393348,0.10046220691710947,Low,0
-1.304865463099936,-1.220857588765615,0.0168953799249354,-0.2609053008447569,0.1150012099376005,0.7995540745222163,-0.2622704452144452,0.0,1.0,0.0,0.001189257045893461,0.09644979321351128,0.039293471512940596,Low,0
0.3979277490284083,1.3478568589953903,-0.230478421562997,5.896788764643877e-05,1.0582783932945432,1.1996374255989646,-0.0153457208177297,0.0,1.0,0.0,0.001488168225392962,0.1839898374063689,0.07448883589778334,Low,0
-1.254783309802033,-0.8828688456391679,-1.1932305138403558,1.3048803115496623,0.9953932477374136,1.1996374255989646,1.1490179728017058,0.0,0.0,1.0,0.004669214488110828,0.4352037400539634,0.17688302471445186,Low,0
0.2977634424326301,-0.3420868566368448,0.1773540619711619,-0.6222404421665461,-0.3723586681301531,-1.10084184309248,-0.7261633467109628,0.0,0.0,1.0,0.001189257045893461,0.28973204429387217,0.11660637194508496,Low,0
-0.503551010333653,0.063499635114907,0.6186154375982847,-0.7025371402380545,1.6085234169194265,1.099616587829806,-0.634283462830566,0.0,1.0,0.0,0.05168912612419294,0.17662566708448946,0.10166374250831155,Low,0
0.3979277490284083,0.4690861268666205,0.6854732217842124,-1.2244656777028606,-1.6929467248298729,-0.1006334654005525,-1.438537924733442,0.0,1.0,0.0,0.0013978828550958537,0.29701370350072864,0.11964421111334897,Low,0
0.2977634424326301,0.4014883782413541,-0.4511091093765584,0.5520987671292685,1.388425407469473,-0.000612627631337,0.6474921587634427,0.0,0.0,1.0,0.0023179577468698063,0.26239150492418334,0.10634737661779523,Low,0
-1.6053583828872708,-1.356053086016186,-0.1368775237026982,-0.0601635556659852,-1.237029419540684,1.1996374255989646,-0.0494410016227676,0.0,1.0,0.0,0.001189257045893461,0.2557814060085023,0.103026116630937,Low,0
-0.4033867037378747,-0.7476733483885967,-1.0862580591428714,0.7227292505312247,1.0582783932945432,-0.3006751409389267,0.4507150887068544,0.0,1.0,0.0,0.0045108294871879975,0.10956021228824632,0.04653058260761133,Low,0
-0.9042082367167944,-0.6800755997632919,-0.2772788704931464,0.060281491441278,-0.2937522361837412,0.7995540745222163,0.0450994966557094,0.0,1.0,0.0,0.001189257045893461,0.02748630453430277,0.011708076041257185,Low,0
0.1975991358368233,-0.1392936107609688,-0.1168201884469199,-0.7125742274969932,0.1464437827161653,-0.6007376542464594,-1.006897582218106,0.0,1.0,0.0,0.0013095503215329047,0.1165048273129517,0.04738766111810042,Low,0
-0.7539617768231129,-0.4096846052621496,-1.10631539439865,0.8732855594153035,-0.8125546870300597,0.8995749122913749,0.6385249028291696,0.0,0.0,1.0,0.0045108294871879975,0.2972874648605328,0.12162148363652592,Low,0
0.6483385155178683,0.2662928809907446,-0.9792856044453871,1.0138047810404436,-0.3094735225730236,-0.900800167554106,0.920638716172356,0.0,1.0,0.0,0.0020628168681695674,0.08911546379745938,0.036883875639885495,Low,0
0.54817420892209,-0.2068913593862736,0.9194754664349594,-0.9233530599347032,0.7910165246767428,-1.4009043564000696,-0.8495567300175174,0.0,1.0,0.0,0.002633163607653469,0.2194670163545708,0.08936670470642041,Low,0
1.2994065083904698,0.5366838754919253,-0.404308660446409,0.1205040149949097,0.759573951898178,-1.800987707476818,0.0559981615604423,0.0,1.0,0.0,0.005281205586125481,0.22964186435041534,0.09502546909184142,Low,0
-1.0544546966104762,-0.6800755997632919,-1.6077487757931077,0.9836935192636274,-1.0169314100907303,1.099616587829806,0.4184329673434706,0.0,1.0,0.0,0.004298764052378189,0.24649215781377304,0.10117612155693613,Low,0
1.7501458880714862,1.3478568589953903,-0.3708797683534451,0.2911344983968652,-0.3566373817408708,-1.5009251941692283,0.323389908567579,0.0,0.0,1.0,0.0063591750985975744,0.47191204122804387,0.1925803215503761,Low,0
-1.1546190032062544,-0.815271097013863,-0.8455700360735319,1.0338789555583203,-0.1679819450694822,1.099616587829806,1.0470474624634016,1.0,0.0,0.0,0.0016959057239025034,0.6238195327639797,0.25054535653993343,Medium,0
0.9989135886031064,0.3338906296160494,2.0761151328515086,-1.646023342578281,0.17788635549473,-1.5009251941692283,-1.6306737007844894,1.0,0.0,0.0,0.0046478549634723565,0.8382590943444937,0.33809235071588095,Medium,0
-0.5536331636315563,-0.27448910801154,-0.3909371036092235,0.6022842034239615,1.4355892666373202,0.6995332367530576,0.7603711881338782,0.0,0.0,1.0,0.00211523751747632,0.2887292732907002,0.11676085182676588,Low,0
2.0506388078588493,2.226627591124161,-0.404308660446409,-0.0099781193712922,-0.5924566775801064,-0.8007793297848904,-0.1323142130592899,0.0,1.0,0.0,0.0012038489692639488,0.39482004231820766,0.15865032630884146,Low,0
-0.7038796235252095,-0.27448910801154,-0.3909371036092235,-0.0902748174428006,-1.4728487153799197,0.9995957500605904,-0.2404928236597812,0.0,1.0,0.0,0.001189257045893461,0.1325701913225161,0.05374163075654252,Low,0
0.9488314353052032,0.3338906296160494,-0.7051686892830836,1.1141756536298293,1.0268358205159784,-1.4009043564000128,1.2634736625561886,0.0,1.0,0.0,0.004243110493392345,0.23556720271993517,0.09677274738400948,Low,0
-1.8557691493767308,-1.8968350750185092,-0.5647673424926355,0.5922471161650227,1.1368848252409551,0.8995749122913749,0.6282667562054566,0.0,0.0,1.0,0.0018786295048487394,0.507816307791468,0.20425370081949645,Low,0
0.8486671287094248,0.3338906296160494,-1.1798589570031703,1.0037676937815048,0.9639506749588488,-1.2008626808616387,0.7591886928458422,0.0,1.0,0.0,0.005037461310525153,0.18027317369641097,0.07513174626487948,Low,0
-1.4551119229935894,-1.085662091515044,0.5651292102495425,-0.7426854892738086,1.199769970798085,1.299658263368123,-0.7239560221732957,0.0,0.0,1.0,0.001317464477868507,0.43689579209629414,0.17554879552523878,Low,0
-2.206344222461969,-2.5728125612714035,-0.3575082115162596,0.5019133308345757,-1.0640952692585777,0.5995123989837853,0.6374902194521382,0.0,0.0,1.0,0.0012710036366055106,0.6367793365598552,0.25547433680590537,Medium,0
-0.1529759372484148,0.8070748699930677,0.5718149886681354,0.2309119748432336,1.1368848252409551,1.4996999389065542,0.8239106016110104,0.0,0.0,1.0,0.0015079697111576467,0.40761231275482024,0.1639497069286227,Low,0
1.4997351215820265,0.8070748699930677,0.8927323527605883,-1.023723932524089,1.2312125435766494,-1.800987707476818,-1.0256696949156776,0.0,1.0,0.0,0.004853608356625806,0.4187616977842843,0.1704168441276892,Low,0
-1.555276229589396,-1.423650834641491,0.1773540619711619,-0.351239086175204,-0.702505682305083,0.9995957500605904,-0.3119056849297552,1.0,0.0,0.0,0.001189257045893461,0.6064469552646136,0.24329233633338151,Low,0
0.7985849754115499,0.4014883782413541,-0.8723131497479029,0.953582257486812,1.6242447033087088,-1.000821005323265,0.9168547312506398,1.0,0.0,0.0,0.12803858367055249,0.6537612338550546,0.3383276437443533,Medium,0
0.1975991358368233,0.4014883782413541,0.0971247209480487,-0.4415728715056511,-1.441406142601355,0.1994290479070938,-0.4920884044442388,0.0,0.0,1.0,0.0012296655063114168,0.2941020032635169,0.11837860060919361,Low,0
1.149160048496788,0.6042816241171917,2.410404053781147,-1.7363571279087286,0.4294269377232481,-1.4009043564000696,-1.6821023916866558,0.0,1.0,0.0,0.0030943024881100335,0.4638303105344511,0.18738870570664648,Low,0
-0.6037153169294313,-0.1392936107609688,-0.2705930920745536,-0.4114616097288356,0.9953932477374136,0.9995957500605904,-0.6409842694627702,1.0,0.0,0.0,0.0013095503215329047,0.5286542030900948,0.21224741142895767,Low,0
2.000556654560946,2.361823088374732,1.3473652852248967,-1.385059073845878,0.2879353602197067,-0.5007168164773008,-1.4404102089394994,0.0,0.0,1.0,0.0012038489692639488,0.7387149414209764,0.2962082859499489,Medium,0
1.3494886616883446,1.4154546076206955,1.5546244162012726,-1.3549478120690623,1.199769970798085,-0.6007376542464594,-1.308256506374078,0.0,1.0,0.0,0.0013336273779407145,0.3846552982900846,0.15466229574279827,Low,0
-0.4033867037378747,-0.6800755997632919,2.4672331703391857,-1.8668392622749304,-0.0893755131230703,-0.2006543031697112,-1.7978194097483773,0.0,1.0,0.0,0.001189257045893461,0.44205104100434056,0.17753397062927231,Low,0
-0.5536331636315563,0.063499635114907,-1.453975872165474,1.6862896273893282,0.9953932477374136,1.1996374255990214,1.4369949919480691,0.0,0.0,1.0,0.00816178198743248,0.5209323307650128,0.21327000149846462,Low,0
-0.1529759372484148,0.4014883782413541,1.3807941773178605,-1.3950961611048165,0.5709185152267895,0.8995749122914317,-1.4446179213394277,0.0,1.0,0.0,0.0012296655063114168,0.29542415275139816,0.11890746040434612,Low,0
0.3979277490284083,0.8070748699930677,-0.3307650978418885,-0.1504973409964323,1.1526061116302375,0.3994707234454111,-0.2933799254171915,0.0,1.0,0.0,0.0014227346470032664,0.10729240697883856,0.04377060357973738,Low,0
-0.9542903900146694,-1.018064342889739,-0.9257993770966452,0.4818391563166981,0.052116064380471,0.3994707234454111,0.2331359557082319,1.0,0.0,0.0,0.0017245968879750018,0.5344847871390097,0.2148286729883889,Low,0
-0.6037153169294313,0.3338906296160494,0.9863332506208872,-0.7226113147559319,-1.6300615792727433,1.6997416144449282,-0.4885015020705304,0.0,0.0,1.0,0.0012296655063114168,0.5049436174606111,0.2027152462880313,Low,0
2.1007209611567244,2.4294208370000367,-0.7987695871433824,0.6022842034239615,0.6495249471732014,-0.6007376542464594,0.483864373281463,0.0,1.0,0.0,0.0018195178748398094,0.4091552720797798,0.1647538195568158,Low,0
0.2476812891347267,1.0098681158689435,-0.2906504273303319,0.3011715856558039,-0.4666863864658474,0.9995957500605904,0.388772043868569,0.0,1.0,0.0,0.0013612487663756685,0.10211917499320787,0.04166441925710855,Low,0
-0.5536331636315563,0.4014883782413541,0.9930190290394798,-0.4214986969877743,-1.4728487153799197,1.699741614444985,0.0110830488698743,0.0,0.0,1.0,0.0012296655063114168,0.47785472671939044,0.19187968999154303,Low,0
-0.9042082367167944,-0.3420868566368448,-0.3508224330976668,-0.351239086175204,1.16832739801952,1.29965826336818,-0.5960494485174028,0.0,0.0,1.0,0.001317464477868507,0.31339870700864886,0.12614996149018065,Low,0
-0.7539617768231129,-0.5448801025127208,1.273821722620376,-1.0638722815598436,0.9796719613481312,0.6995332367530007,-0.9261232999178488,0.0,0.0,1.0,0.001189257045893461,0.401869873826167,0.1614615037580029,Low,0
0.9488314353052032,0.6718793727424964,2.2766884854092915,-1.4051332483637553,0.382263078555401,-0.9008001675540492,-1.1184167420073,1.0,0.0,0.0,0.0012842961522475948,0.7722799122710053,0.30968254259975075,Medium,0
0.9488314353052032,0.9422703672436388,-0.4377375525393728,-0.0099781193712922,0.7124100927303308,-0.5007168164773008,-0.151973197222888,0.0,0.0,1.0,0.0012842961522475948,0.2433082775315487,0.09809388870396804,Low,0
-0.9042082367167944,-0.4772823538874159,2.4672331703391857,-2.137840618266272,0.5709185152267895,1.099616587829806,-2.1234194873090866,0.0,0.0,1.0,0.001189257045893461,0.7392175609594903,0.2964005786113322,Medium,0
-1.5051940762914926,-1.4912485832667572,-0.2037353078886259,-0.0099781193712922,1.0582783932945432,0.7995540745222163,-0.0143603080776999,0.0,1.0,0.0,0.001189257045893461,0.22300849554313198,0.08991695244478888,Low,0
-1.0043725433125728,-0.7476733483885967,-0.9391709339338306,1.3952140968801094,-0.3094735225730236,0.8995749122913749,1.4707552324214976,0.0,1.0,0.0,0.0021150851807441675,0.1897943431356398,0.07718678836270243,Low,0
-0.1028937839505114,-0.6124778511379871,1.6147964219686075,-1.5255782954710182,0.0835586371590358,-0.700758492015675,-1.5816001463309963,0.0,1.0,0.0,0.001189257045893461,0.31900261038039895,0.12831459837969567,Low,0
0.2476812891347267,-0.4772823538874159,-0.3976228820278162,0.5219875053524531,1.8129001399800972,-1.2008626808616387,0.6398749182830104,1.0,0.0,0.0,0.07218048153208122,0.6563328165986538,0.30584141555871025,Medium,0
-1.4551119229935894,-1.423650834641491,-0.7385975813760475,-0.020015206630231,1.3255402619123435,0.7995540745221594,-0.342896915603699,1.0,0.0,0.0,0.0020884717620094635,0.679315312799921,0.2729792081771741,Medium,0
0.2977634424326301,1.1450636131195149,-0.2237926431444042,0.3613941092094356,1.4198679802480378,1.099616587829749,0.5196545639993524,0.0,1.0,0.0,0.0022084546186981325,0.20559358494253044,0.08356250674823106,Low,0
0.347845595730505,1.1450636131195149,-0.9057420418408668,0.3714311964683743,1.6871298488658384,0.9995957500605904,0.0951683179766338,0.0,1.0,0.0,0.11238396052579806,0.2856827266247264,0.18170346696536938,Low,0
-1.304865463099936,-0.9504665942644344,-0.2839646489117391,-0.3612761734341427,-0.5767353911908241,1.1996374255990214,-0.5747448250779548,0.0,1.0,0.0,0.001189257045893461,0.10485664457606846,0.042656212057963466,Low,0
0.4980920556241866,1.483052356245962,0.0636958288550848,-0.5921291803897298,0.0835586371590358,1.1996374255989646,-0.7372590941637002,0.0,1.0,0.0,0.0012038489692639488,0.21221751210821624,0.08560931422484487,Low,0
-0.9042082367167944,-1.2884553373908814,0.611929659179692,-0.5118324823182214,-0.6396205367479536,-0.1006334654004957,-0.333850826650224,0.0,1.0,0.0,0.001189257045893461,0.11410132018057519,0.046354082299766154,Low,0
-0.4534688570357496,0.063499635114907,-0.7319118029574547,0.1205040149949097,0.6495249471732014,0.9995957500605904,-0.1429369623968122,1.0,0.0,0.0,0.0015727648812867592,0.5044546825136239,0.20272553193422163,Low,0
0.54817420892209,0.7394771213678013,1.795312439270612,-1.8367280004981144,1.545638271362297,-0.000612627631337,-2.0651717402459138,0.0,1.0,0.0,0.026957053483309887,0.5133450209724093,0.22151224047894968,Low,0
0.1975991358368233,1.2802591103700858,-0.3641939899348524,0.8732855594153035,1.2783764027444966,1.4996999389065542,1.1712094677071805,0.0,1.0,0.0,0.002455437368169032,0.31371159150114075,0.12695789902135773,Low,0
1.4997351215820265,0.7394771213678013,-1.0595149454685004,1.4353624459158636,0.1464437827161653,-1.9010085452459768,1.4292299395566326,0.0,0.0,1.0,0.9495143910859698,0.6038084609985246,0.8112320190509916,Critical,1
0.7985849754115499,0.2662928809907446,-1.079572280724279,0.5420616798703298,0.759573951898178,-1.2008626808616956,0.2125408294416056,1.0,0.0,0.0,0.004988073073796798,0.5927457698788104,0.2400911517958023,Low,0
-2.056097762568316,-2.437617064020832,2.4170898321997396,-1.8367280004981144,-0.5610141048015417,0.4994915612146266,-1.8663055951804617,0.0,1.0,0.0,0.001189257045893461,0.7779226563742948,0.311882616777254,Medium,0
1.149160048496788,0.8746726186183724,1.42759462624801,-0.973538496229396,0.1307224963268829,-1.000821005323265,-0.7048193067619125,1.0,0.0,0.0,0.0012842961522475948,0.6780060205973903,0.2719729859303047,Medium,0
-0.0027294773547332,0.3338906296160494,1.7351404335032772,-1.435244510140571,0.2407715010518595,0.4994915612146266,-1.3788613291972265,0.0,0.0,1.0,0.0012296655063114168,0.4916209852673583,0.1973861934107302,Low,0
-0.8040439301210163,-1.220857588765615,0.5450718749937643,-0.7426854892738086,-1.535733860937049,-0.2006543031697112,-0.7335933587707882,1.0,0.0,0.0,0.001189257045893461,0.630169307505969,0.25278127722992366,Medium,0
-0.8541260834188912,-1.423650834641491,-0.3040219841675174,0.2008007130664181,0.1464437827161653,-0.4006959787081422,0.233963702409857,0.0,0.0,1.0,0.001189257045893461,0.2811474891646331,0.11317254989338933,Low,0
-1.4551119229935894,-1.423650834641491,-0.4979095583067078,1.0037676937815048,0.916786815791002,0.7995540745221594,1.2617491902611366,0.0,1.0,0.0,0.0013259787942259103,0.2657338138432296,0.10708911281382738,Low,0
2.0506388078588493,2.0914320938735895,-1.3603749743051752,1.4152882713979869,-0.7968334006407773,-1.000821005323265,1.162291482409909,0.0,1.0,0.0,0.005356830599358091,0.5506959435761246,0.22349247579006473,Low,0
-1.1546190032062544,-1.761639577767938,-0.6583682403529343,0.0201331424055238,0.382263078555401,-0.3006751409389267,-0.2393891613909481,1.0,0.0,0.0,0.0015210988855598915,0.6038518778440704,0.2424534104689641,Low,0
-1.304865463099936,-1.356053086016186,-0.7185402461202692,-0.2006827772911252,0.7281313791196132,0.5995123989838421,-0.583534706719022,0.0,1.0,0.0,0.0015210988855598915,0.1759102261690722,0.07127674979896483,Low,0
-0.6537974702273347,0.063499635114907,-0.8589415929107174,2.73014670231894,-0.6867843959158006,1.3996791011373957,2.74068249758257,0.0,0.0,1.0,0.9847712531971551,0.7139439658930787,0.8764403382755246,Critical,1
0.0473526759431701,0.9422703672436388,0.2976980735058318,-1.023723932524089,1.6085234169194265,1.299658263368123,-1.2870208618264318,0.0,0.0,1.0,0.07014115266455673,0.4994675897729336,0.2418717275079075,Low,0
0.54817420892209,0.7394771213678013,0.2642691814128679,0.1606523640306639,1.4827531258051674,-0.000612627631337,0.5238721305266806,0.0,1.0,0.0,0.004597137904751627,0.14405947945190872,0.060382074523614465,Low,0
-0.6537974702273347,-1.018064342889739,0.9194754664349594,-0.4817212205414053,-0.4824076728551298,-0.2006543031697112,-0.1263426118547077,0.0,1.0,0.0,0.001189257045893461,0.1044335988419267,0.04248699376430676,Low,0
-1.304865463099936,-1.220857588765615,-0.7118544677016765,1.3952140968801094,0.1936076418840124,0.7995540745222163,1.6513419711593915,0.0,0.0,1.0,0.001993740377999824,0.46752182565184,0.1882049744875359,Low,0
-0.2030580905462897,0.063499635114907,0.0035238230877499,-0.3211278243983885,-0.7182269686943654,0.4994915612146266,-0.3601613468090239,1.0,0.0,0.0,0.0012296655063114168,0.5094290381350248,0.20450941455779678,Low,0
-0.9542903900146694,-1.6264440805173284,-1.1798589570031703,0.3312828474326194,0.7438526655088956,-0.5007168164773008,-0.1347580366545646,0.0,1.0,0.0,0.0038567019897974143,0.1993056554081849,0.08203628335715242,Low,0
1.4496529682841228,1.6858456021218378,0.1305536130410125,0.5520987671292685,-0.5610141048015417,-0.4006959787080853,1.0375677919043138,0.0,1.0,0.0,0.0014226659236806392,0.2890211146662826,0.11646204542072143,Low,0
0.0473526759431701,-0.3420868566368448,-0.4577948877951512,0.2810974111379265,-0.906882405365754,-0.6007376542465164,0.2540267057968675,0.0,0.0,1.0,0.001189257045893461,0.2278579682819774,0.09185674154032705,Low,0
-1.5051940762914926,-1.558846331892062,-1.8016363499322976,1.1141756536298293,0.3508205057768362,0.6995332367530007,0.4376583699014567,0.0,0.0,1.0,0.004110533258819135,0.5663301505477171,0.22899838017437832,Low,0
-0.7038796235252095,-0.3420868566368448,1.333993728387711,-0.9835755834883348,-1.0483739828692953,0.8995749122913749,-0.763668155596504,0.0,1.0,0.0,0.001189257045893461,0.2396919655001626,0.09659034042760113,Low,0
1.2994065083904698,1.4154546076206955,-0.7385975813760475,1.1643610899245225,1.16832739801952,-0.5007168164773008,1.3082606715905525,0.0,1.0,0.0,0.0020155332422989087,0.3114322295061488,0.12578221174783888,Low,0
0.2476812891347267,1.0774658644942483,0.0235811583435282,-0.2307940390679407,-0.2780309497944588,1.099616587829806,-0.213236307270552,0.0,1.0,0.0,0.0012842961522475948,0.1160291219686731,0.0471822264788178,Low,0
-0.7038796235252095,-0.3420868566368448,-1.0996296159800572,1.505622056728434,-0.6710631095265183,0.8995749122913749,1.4913503586881238,0.0,0.0,1.0,0.005300395803598249,0.41648147121924334,0.1697728259698563,Low,0
1.0990778951988849,0.5366838754919253,-1.1664874001659848,0.8331372103795486,-1.1269804148157072,-1.4009043564000128,0.5418854754144278,0.0,0.0,1.0,0.4687935642145166,0.4371354861697815,0.4561303329966226,Medium,0
1.399570814986248,1.483052356245962,1.4409661830851954,-1.2646140267386152,-1.0012101237014484,-0.6007376542465164,-1.197801592344117,0.0,1.0,0.0,0.0012038489692639488,0.353834990226667,0.14225630547222518,Low,0
-0.9542903900146694,-1.423650834641491,-0.1903637510514404,0.1807265385485406,-0.450965100076565,-0.200654303169768,0.2747203733374977,0.0,1.0,0.0,0.001189257045893461,0.09090911061484523,0.037077198473474175,Low,0
-0.6037153169294313,-0.27448910801154,-0.0499624042609922,0.1907636258074793,0.9010655294017196,0.7995540745222163,0.3762277396879869,0.0,1.0,0.0,0.001189257045893461,0.04795928540811879,0.019897268390783592,Low,0
0.6483385155178683,0.7394771213678013,2.029314683921359,-1.4653557719173869,-1.3470784242656606,-0.2006543031697112,-1.3216482655110855,0.0,0.0,1.0,0.0012842961522475948,0.5533618462426287,0.22211531618840005,Low,0
1.900392347965168,2.0914320938735895,-0.725226024538862,0.2409490621021723,0.6966888063410486,-0.700758492015675,0.0292737680508273,0.0,1.0,0.0,0.001539756158815032,0.34814324149582043,0.1401811502936172,Low,0
1.2493243550925663,0.2662928809907446,-0.143563302121291,-0.2408311263268794,-0.985488837312166,-2.1010502207844075,-0.3209813362654314,0.0,0.0,1.0,0.0046478549634723565,0.4625942642118224,0.1878264186628124,Low,0
-1.254783309802033,-1.356053086016186,2.4672331703391857,-2.3385823634450436,0.3193779329982714,0.4994915612146266,-2.5664709093539697,0.0,0.0,1.0,0.001189257045893461,0.8144219986949406,0.3264823537055123,Medium,0
0.9488314353052032,0.7394771213678013,-0.7586549166318258,1.2546948752549694,0.9953932477374136,-0.8007793297848336,1.418676169110912,0.0,0.0,1.0,0.002281811608193062,0.4106577028013889,0.1656321680854714,Low,0
-0.9542903900146694,-1.4912485832667572,-0.0432766258423994,0.0803556659591548,-0.5767353911908241,-0.3006751409389267,0.2151620273300853,0.0,1.0,0.0,0.001189257045893461,0.12045101479894121,0.048893960147112565,Low,0
-0.6037153169294313,-0.6124778511379871,-0.1235059668655127,0.0703185787002168,0.759573951898178,0.2994498856762525,0.1520167789489636,0.0,1.0,0.0,0.001189257045893461,0.02379020094180489,0.010229634604258032,Low,0
0.3979277490284083,1.3478568589953903,-0.725226024538862,1.0740273045940751,1.7500149944229677,1.1996374255989646,1.192317008598624,0.0,0.0,1.0,0.1806014324646156,0.5783392773533739,0.3396965704201189,Medium,0
-0.4033867037378747,0.1986951323654782,-0.1569348589584765,0.1305411022538477,0.7910165246767428,1.099616587829806,0.2210646496428648,0.0,1.0,0.0,0.0012296655063114168,0.04949493493372328,0.020535773277276164,Low,0
0.2977634424326301,1.1450636131195149,-0.6851113540273054,1.2647319625139082,1.5770808441408617,1.099616587829749,1.4896554487752722,0.0,1.0,0.0,0.7550481155888492,0.39341758495353446,0.6103959033347233,High,0
-0.9042082367167944,-1.4912485832667572,-0.7185402461202692,0.8130630358616718,1.1840486844088025,-0.4006959787080853,0.8327300456342804,0.0,1.0,0.0,0.0018786295048487394,0.2110819158430975,0.08555994404014824,Low,0
0.2476812891347267,0.5366838754919253,-0.5714531209112282,0.662506726977593,0.7438526655088956,0.2994498856762525,0.7234182103827531,0.0,1.0,0.0,0.0021125741127795998,0.06171422961663114,0.025953236314320217,Low,0
1.8503101946672644,1.3478568589953903,2.4170898321997396,-1.7564313024266056,-0.450965100076565,-1.7009668697076024,-1.717153522849522,0.0,1.0,0.0,0.0063591750985975744,0.6215078446070919,0.2524186429019953,Medium,0
1.199242201794663,0.8746726186183724,-0.9257993770966452,1.0539531300761975,-0.8911611189764717,-1.1008418430924232,1.015001840157627,0.0,1.0,0.0,0.0020591703097171156,0.19749409824300793,0.08023314148303344,Low,0
0.0473526759431701,0.9422703672436388,-1.2600882980262835,0.8532113848974261,1.4984744121944498,1.299658263368123,0.5017003438760053,0.0,0.0,1.0,0.10410745715983075,0.44252487048398637,0.239474422489493,Low,0
-0.8040439301210163,-0.4772823538874159,-0.812141143980568,0.3112086729147427,0.916786815791002,0.8995749122914317,0.0721490763695331,0.0,1.0,0.0,0.0015210988855598915,0.06731698926948312,0.027839455039129185,Low,0
1.649981581475708,0.9422703672436388,0.8526176822490317,-0.953464321711519,-1.5828977201048962,-1.9010085452460337,-0.9289218720995334,0.0,1.0,0.0,0.004853608356625806,0.4851466535125084,0.19697082641897887,Low,0
-1.254783309802033,-0.4772823538874159,-0.0365908474238066,0.1706894512896026,2.001555576651486,1.7997624522141438,0.3544304098785243,1.0,0.0,0.0,0.023096224031350747,0.7590272382569984,0.31746862972160983,Medium,0
0.3979277490284083,-0.0716958621357025,-1.4606616505840666,2.5394420443991077,1.3255402619123435,-0.900800167554106,2.5303301352661425,0.0,1.0,0.0,0.9759246665876632,0.5672581153605394,0.8124580460968136,Critical,1
0.347845595730505,1.1450636131195149,2.4672331703391857,-2.037469745676886,-1.4885700017692018,0.9995957500605904,-2.2042430402463458,0.0,1.0,0.0,0.0012842961522475948,0.657146775398341,0.263629287850685,Medium,0
-0.3032223971420965,-0.4772823538874159,-1.0260860533755367,0.3613941092094356,-1.2527507059299663,-0.1006334654004957,0.0040866184156617,0.0,1.0,0.0,0.004047048379442012,0.13221098251079705,0.05531262203198403,Low,0
1.7000637347735827,1.1450636131195149,-1.186544735421763,0.4115795455041285,1.3255402619123435,-1.7009668697076024,-0.0323637988380478,0.0,0.0,1.0,0.7746909529674174,0.588873743858658,0.7003640693239137,High,1
0.1975991358368233,0.7394771213678013,-0.2906504273303319,-0.2609053008447569,0.8539016702338723,0.6995332367530576,-0.4318008530092044,0.0,1.0,0.0,0.0012842961522475948,0.09018714855893262,0.0368454371149216,Low,0
0.54817420892209,0.8746726186183724,-0.9458567123524234,1.334991573326478,-1.5671764337156138,0.199429047907037,1.3833195599986363,0.0,0.0,1.0,0.002415984635367493,0.5045612357240373,0.20327408507083544,Low,0
-1.304865463099936,-1.1532598401403102,1.1735350463414846,-0.9133159726757648,-1.5514551473263314,0.8995749122914317,-0.717412881579497,0.0,1.0,0.0,0.001189257045893461,0.31618785007209166,0.12718869425637275,Low,0
0.7485028221136465,0.7394771213678013,0.8659892390862173,-0.6222404421665461,0.1150012099376005,-0.4006959787080853,-0.3831017553969227,0.0,0.0,1.0,0.0012842961522475948,0.28448952700461205,0.11456638849319338,Low,0
-1.5051940762914926,-1.2884553373908814,0.0436384935993065,-0.1003119047017394,-0.0736542267337879,1.099616587829806,-0.0051959695954207,0.0,1.0,0.0,0.001189257045893461,0.16583547702564952,0.06704774503779588,Low,0
-0.2030580905462897,0.7394771213678013,0.9930190290394798,-0.933390147193642,0.3350992193875538,1.4996999389065542,-0.8327160262904061,0.0,1.0,0.0,0.0012842961522475948,0.21754018268932412,0.08778665076707821,Low,0
0.5982563622199649,0.6042816241171917,0.4514709771334655,-0.4114616097288356,-0.5767353911908241,-0.3006751409389267,-0.2589200418983426,1.0,0.0,0.0,0.0013978828550958537,0.5287632726032916,0.21234403875437416,Low,0
-1.555276229589396,-1.2884553373908814,-0.317393541004703,0.4316537200220052,1.7500149944229677,1.1996374255990214,0.5618006668904336,0.0,0.0,1.0,0.04516965702097258,0.4825178257299709,0.2201089245045719,Low,0
1.950474501263043,1.8210410993724089,-1.2801456332820618,2.2383294266309504,0.759573951898178,-1.2008626808616387,2.308227957790784,0.0,1.0,0.0,0.01535586736891444,0.7063271168685266,0.2917443671687593,Medium,0
-1.4050297696957144,-1.220857588765615,0.9863332506208872,-1.1943544159260449,0.3979843649446833,0.9995957500605904,-1.2656571136225812,0.0,0.0,1.0,0.001189257045893461,0.46841845984044883,0.18808093816371563,Low,0
-0.9042082367167944,-0.815271097013863,0.5116429829008005,-0.812945100086379,-1.07981655564786,0.5995123989838421,-0.8605046655592511,0.0,0.0,1.0,0.001189257045893461,0.3509770113588077,0.14110435877105917,Low,0
-1.4050297696957144,-1.018064342889739,-0.1168201884469199,0.2911344983968652,1.6399659896979912,1.29965826336818,0.4840318934472679,0.0,1.0,0.0,0.04852324400477847,0.23957037817501833,0.12494209767287442,Low,0
-1.4050297696957144,-0.9504665942644344,2.4672331703391857,-1.79657965146236,0.8696229566231547,1.3996791011373957,-1.7220411700400706,0.0,1.0,0.0,0.001189257045893461,0.5607902742531872,0.22502966392881096,Low,0
1.5498172748799297,1.6858456021218378,1.5746817514570508,-1.3348736375511852,0.7752952382874604,-0.6007376542465164,-1.2656176971129809,0.0,0.0,1.0,0.0012038489692639488,0.5983841877788078,0.24007598449308148,Low,0
-1.4050297696957144,-1.018064342889739,-1.1130011728172426,1.4052511841390485,-1.0169314100907303,1.29965826336818,1.3461005208077033,0.0,0.0,1.0,0.005058257526683731,0.5000764459563473,0.20306553289854914,Low,0
-0.3533045504399714,-0.6124778511379871,-0.2371641999815897,0.4015424582451898,-0.8282759734193421,-0.2006543031697112,0.569989446760084,0.0,1.0,0.0,0.001189257045893461,0.04371852912352379,0.018200965876945592,Low,0
-0.7038796235252095,-0.3420868566368448,-0.6984829108644909,0.5420616798703298,-1.0955378420371424,0.8995749122913749,0.4675459383065665,0.0,0.0,1.0,0.0016959057239025034,0.2629392079270755,0.1061932266051717,Low,0
-0.1028937839505114,0.8070748699930677,1.434280404666603,-1.3750219865869395,0.6652462335624838,1.3996791011373386,-1.389651598700555,0.0,0.0,1.0,0.0012842961522475948,0.5182065255882803,0.2080531879266607,Low,0
-0.6537974702273347,0.063499635114907,-0.6383109050971559,0.5621358543882072,-1.1112591284264248,1.3996791011373957,0.5360912485030522,1.0,0.0,0.0,0.001858512861917741,0.5872734441910133,0.236024485393556,Low,0
-0.4033867037378747,-0.9504665942644344,-1.0929438375614644,0.762877599566979,0.9482293885695664,-0.6007376542464594,0.4999463091987529,0.0,0.0,1.0,0.0045108294871879975,0.318352110995021,0.13004734209032118,Low,0
0.2476812891347267,0.1310973837401734,-0.9659140476082017,0.8231001231206105,1.844342712758662,-0.3006751409389267,0.671013960867958,0.0,0.0,1.0,0.3154355880661355,0.3747798138008347,0.3391732783600152,Medium,0
-1.5051940762914926,-1.2884553373908814,-0.6784255756087126,1.4052511841390485,0.4765907968910952,1.099616587829806,1.69198039255823,0.0,1.0,0.0,0.001993740377999824,0.38354973620632055,0.15461613870932814,Low,0
0.8486671287094248,-0.0040981135103977,-0.9324851555152378,1.0639902173351363,1.372704121080191,-1.7009668697076024,1.0237325970342934,0.0,0.0,1.0,0.011663157356038822,0.4875703749457361,0.20202604439191774,Low,0
-1.0043725433125728,-1.761639577767938,-0.4511091093765584,0.6524696397186543,1.16832739801952,-0.6007376542465164,0.7916580426298303,0.0,0.0,1.0,0.0014689037892483534,0.4232784511373553,0.17019272272849115,Low,0
-0.7038796235252095,0.063499635114907,-0.4845380014695222,0.1907636258074793,-0.7339482550836478,1.4996999389065542,0.1078505799408187,0.0,0.0,1.0,0.0012296655063114168,0.26808877546682597,0.10797330949051724,Low,0
1.04899574190101,0.6718793727424964,0.291012295087239,-0.5921291803897298,1.6871298488658384,-1.10084184309248,-0.6230103410846227,0.0,0.0,1.0,0.041193095833330286,0.40029769090673784,0.1848349338626933,Low,0
-0.0528116306526365,0.9422703672436388,-1.2935171901192477,1.4855478822105566,-1.1898655603728368,1.4996999389065542,1.3078270899849378,0.0,0.0,1.0,0.005713213236999922,0.5658134299968782,0.22975329994095126,Low,0
-0.5536331636315563,-0.8828688456391679,-0.6516824619343415,0.4718020690577602,0.0049522052126239,-0.2006543031697112,0.4000156032323119,0.0,1.0,0.0,0.0016256183398726926,0.04177587223500855,0.017685719897927037,Low,0
-1.254783309802033,-1.018064342889739,1.1267345974113352,-0.9936126707472732,-1.0640952692585777,0.9995957500605904,-0.8726646587712211,0.0,0.0,1.0,0.001189257045893461,0.4392184421069063,0.1764009310702986,Low,0
1.2493243550925663,1.2802591103700858,-1.500776321095623,1.9773651578985476,1.011114534126696,-0.6007376542465164,1.7710302025634357,0.0,1.0,0.0,0.010576132925242333,0.5212119475254081,0.21483045876530868,Low,0
-1.2047011565041297,-0.3420868566368448,2.4672331703391857,-1.9471359603464389,-1.1112591284264248,1.8997832899833025,-2.006431286812725,0.0,1.0,0.0,0.001189257045893461,0.6960829760843783,0.27914674466128736,Medium,0
0.1475169825389484,-0.4772823538874159,-0.3508224330976668,-0.0501264684070464,1.1368848252409551,-1.000821005323265,-0.1591174395881051,0.0,1.0,0.0,0.001317464477868507,0.10112369923627045,0.041239958381229284,Low,0
2.000556654560946,2.0914320938735895,-0.4310517741207801,-0.0501264684070464,-0.3880799545194355,-0.9008001675540492,-0.2058260034655269,0.0,0.0,1.0,0.0012038489692639488,0.5322652926470568,0.2136284264403811,Low,0
-1.2047011565041297,-0.9504665942644344,0.3043838519244246,-0.7326484020148699,-0.3880799545194355,0.9995957500605904,-0.8337112931578352,0.0,1.0,0.0,0.001189257045893461,0.12855743721010524,0.05213652911157818,Low,0
-0.0528116306526365,-0.5448801025127208,0.4514709771334655,-0.541943744095037,0.052116064380471,-0.700758492015675,-0.4636296845121725,0.0,1.0,0.0,0.001189257045893461,0.06261153828457248,0.02575816954136507,Low,0
-0.1028937839505114,-0.2068913593862736,-0.6784255756087126,0.2610232366200498,0.3036566466089891,-0.1006334654005525,0.0866839142849751,0.0,1.0,0.0,0.0015210988855598915,0.024939041508204203,0.010888275934617615,Low,0
-0.9042082367167944,-1.4912485832667572,-0.0031619553308428,-0.4114616097288356,-0.6238992503586712,-0.4006959787080853,-0.4994789999944636,0.0,1.0,0.0,0.001189257045893461,0.12734183822204068,0.05165028951635235,Low,0
1.2493243550925663,1.3478568589953903,-0.2906504273303319,0.6123212906829002,1.0582783932945432,-0.5007168164773008,0.8430177546401931,0.0,0.0,1.0,0.0017585733239756185,0.38830195276964974,0.15637592510224527,Low,0
1.4997351215820265,0.7394771213678013,0.4447851987148727,-0.3311649116573265,1.3098189755230611,-1.9010085452459768,-0.1365613419688185,0.0,0.0,1.0,0.005303698581118187,0.5103612975648825,0.2073267381746239,Low,0
0.54817420892209,0.4014883782413541,1.6816542061545352,-1.5155412082120798,-0.2308670906266117,-0.5007168164773008,-1.5396018553509192,1.0,0.0,0.0,0.0012296655063114168,0.7136569406278569,0.2862005755549296,Medium,0
0.4480099023262832,0.6042816241171917,0.7055305570399908,-0.4716841332824673,0.7124100927303308,-0.000612627631337,-0.2212181504647961,0.0,0.0,1.0,0.0013978828550958537,0.2447519744190303,0.09873951948066964,Low,0
-1.705522689483049,-1.6940418291426331,-0.3240793194232957,-0.0099781193712922,0.7124100927303308,0.8995749122913749,-0.0851326510666539,0.0,0.0,1.0,0.001189257045893461,0.4077425779145185,0.1638105853933435,Low,0
1.4997351215820265,0.8746726186183724,-1.306888746956433,1.365102835103294,0.8853442430124371,-1.7009668697076024,1.139163845401406,0.0,0.0,1.0,0.9526544624940444,0.6247292008887338,0.8214843578519202,Critical,1
-0.2030580905462897,-0.6800755997632919,-0.3909371036092235,0.8833226466742415,-0.5610141048015417,-0.6007376542465164,1.1665189030646377,0.0,1.0,0.0,0.0013259787942259103,0.12550271938164378,0.05099667502919306,Low,0
0.8486671287094248,0.3338906296160494,0.2442118461570896,-0.0902748174428006,0.0992799235483181,-1.2008626808616387,0.125538738624358,0.0,1.0,0.0,0.0012296655063114168,0.06586817285896766,0.027085068447373916,Low,0
-1.6554405361851745,-1.558846331892062,2.4672331703391857,-1.6159120808014658,0.0678373507697534,0.9995957500605904,-1.37370762056687,0.0,1.0,0.0,0.001189257045893461,0.5580331137382337,0.22392679972282958,Low,0
0.347845595730505,0.5366838754919253,2.4672331703391857,-1.8066167387212984,-0.5295715320229769,0.0994082101378783,-1.7388326031301813,0.0,1.0,0.0,0.0013978828550958537,0.4181992059808102,0.1681184121053816,Low,0
-0.503551010333653,0.1986951323654782,-0.665054018771527,-0.0099781193712922,0.7752952382874604,1.29965826336818,-0.2856542895353561,0.0,1.0,0.0,0.0015727648812867592,0.0816923568749272,0.03362060167874293,Low,0
-0.6537974702273347,-1.085662091515044,-0.6717397971901198,0.9636193447457506,0.4294269377232481,-0.3006751409389267,1.0772799253275225,0.0,0.0,1.0,0.0016959057239025034,0.30514895540105147,0.1230771255947621,Low,0
-1.304865463099936,-1.085662091515044,-1.3536891958865824,2.1881439903362576,-0.1522606586801998,0.9995957500605904,2.175266216778537,0.0,1.0,0.0,0.012500995235768081,0.4841916619931475,0.20117726193871985,Low,0
0.9989135886031064,-0.0716958621357025,-0.5580815640740427,0.2810974111379265,1.215491257187367,-2.1010502207844075,0.1907632078869425,1.0,0.0,0.0,0.008255001836969943,0.6846645409499388,0.2788188174821575,Medium,0
-0.2030580905462897,0.6718793727424964,0.291012295087239,-0.5017953950592827,0.3979843649446833,1.3996791011373386,-0.4834167723319749,0.0,1.0,0.0,0.0012842961522475948,0.10171514479965889,0.041456635611212114,Low,0
0.7485028221136465,0.3338906296160494,-0.1836779726328476,-0.1806086027732477,1.4513105530266026,-1.000821005323265,-0.2543477267846027,0.0,0.0,1.0,0.0019617085459104648,0.29342545832399003,0.1185472084571423,Low,0
-0.5536331636315563,-0.7476733483885967,1.4677092967595664,-1.0136868452651506,-0.906882405365754,-0.000612627631337,-0.7558833949502669,0.0,0.0,1.0,0.001189257045893461,0.42030602200156586,0.16883596302816242,Low,0
0.2476812891347267,-0.0716958621357025,0.1439251698781981,0.1305411022538477,0.1307224963268829,-0.6007376542465164,0.4042036073774379,0.0,0.0,1.0,0.001388014015049607,0.19831316106552044,0.08015807283523795,Low,0
-1.354947616397811,-1.2884553373908814,-0.1636206373770693,-0.4014245224698969,0.6652462335624838,0.7995540745222163,-0.5695418458105959,0.0,1.0,0.0,0.001189257045893461,0.12551217946523568,0.050918426013630357,Low,0
0.347845595730505,0.6042816241171917,-0.0633339610981777,-0.0601635556659852,-0.7339482550836478,0.199429047907037,-0.0067332134698675,0.0,1.0,0.0,0.0013978828550958537,0.042329426741145655,0.017770500409515774,Low,0
-1.0043725433125728,-1.018064342889739,-0.8455700360735319,0.662506726977593,1.467031839415885,0.4994915612146266,0.5351452522726239,0.0,1.0,0.0,0.0052940394581919275,0.15113103562421107,0.06362883792459958,Low,0
-1.0043725433125728,-0.4096846052621496,0.2107829540641257,-0.1906456900321865,-0.781112114251495,1.3996791011373386,-0.047647550435913,1.0,0.0,0.0,0.001189257045893461,0.5590689670150479,0.22434114103355526,Low,0
0.4480099023262832,1.0098681158689435,-0.170306415795662,0.110466927735971,0.3350992193875538,0.5995123989838421,0.1832642169353144,0.0,1.0,0.0,0.0012842961522475948,0.0793660480273415,0.032516996902285156,Low,0
0.4480099023262832,0.4690861268666205,-0.3575082115162596,0.3212457601736814,0.5551972288375071,-0.2006543031697112,0.375508388387765,0.0,1.0,0.0,0.001481631274390766,0.01133555981851059,0.005423202692038696,Low,0
1.900392347965168,1.8210410993724089,2.4672331703391857,-1.9872843093821932,0.3665417921661186,-1.10084184309248,-2.0922213199597373,0.0,0.0,1.0,0.0012038489692639488,0.8534128922559598,0.3420874662839423,Medium,0
0.2977634424326301,0.2662928809907446,2.4672331703391857,-2.669806242990017,1.6871298488658384,-0.200654303169768,-2.59243653505376,0.0,1.0,0.0,0.08348740408572257,0.6863406281771259,0.3246286937222839,Medium,0
-1.0043725433125728,-1.6264440805173284,-1.6679207815604424,1.0840643918530133,0.2250502146625771,-0.4006959787080853,0.5004981403331682,0.0,1.0,0.0,0.004298764052378189,0.3275246958171025,0.13358913675826792,Low,0
0.2977634424326301,0.1986951323654782,0.785759898063104,-0.953464321711519,1.7185724216444032,-0.3006751409389267,-0.958976960670448,0.0,1.0,0.0,0.0670693396825297,0.2406269404901777,0.13649238000558891,Low,1
0.6483385155178683,0.6718793727424964,0.3043838519244246,-0.9635014089704578,0.6809675199517662,-0.3006751409389267,-1.1909037031639065,0.0,1.0,0.0,0.0012842961522475948,0.14253182384919705,0.05778330723102738,Low,0
-0.7038796235252095,-0.0716958621357025,0.5651292102495425,-1.124094805113475,1.4355892666373202,1.299658263368123,-1.3287038207296995,0.0,1.0,0.0,0.0020890508252836763,0.26988068722180203,0.10920570538389103,Low,0
-1.104536849908351,-0.5448801025127208,0.785759898063104,-0.7025371402380545,-1.237029419540684,1.3996791011373386,-0.5529869117780919,1.0,0.0,0.0,0.001189257045893461,0.6643781850531806,0.2664648282488083,Medium,0
-0.7038796235252095,-0.2068913593862736,-1.6746065599790352,2.4189969972918446,-0.5767353911908241,1.099616587829749,2.1730588922408707,0.0,0.0,1.0,0.016098589968710095,0.7332270297893712,0.30294996589697454,Medium,0
-0.9542903900146694,-0.7476733483885967,-1.0929438375614644,0.1907636258074793,0.0835586371590358,0.7995540745221594,-0.2678774437052156,0.0,1.0,0.0,0.004047048379442012,0.10100277489301128,0.04282933898486972,Low,0
-1.7556048427809523,-1.6940418291426331,0.2375260677384968,-0.491758307800344,1.545638271362297,0.9995957500605904,-0.4955767655439441,0.0,1.0,0.0,0.14180856752744855,0.3697171118762037,0.23297198526695062,Low,0
1.0990778951988849,0.7394771213678013,-0.404308660446409,-0.0400893811481077,-0.1679819450694822,-1.1008418430924232,-0.1757709148946122,0.0,1.0,0.0,0.0012842961522475948,0.0792946745263835,0.03248844750190196,Low,0
-1.6053583828872708,-1.2884553373908814,-1.1664874001659848,0.8331372103795486,1.467031839415885,1.29965826336818,0.5418854754144278,0.0,1.0,0.0,0.03191229978413158,0.332544129458071,0.15216503165370737,Low,0
0.6483385155178683,0.3338906296160494,-0.1836779726328476,0.8632484721563648,-0.5610141048015417,-0.8007793297848904,1.2859706354110736,0.0,1.0,0.0,0.0014531681623181345,0.14185914548587897,0.05761555909174247,Low,0
1.2994065083904698,1.4154546076206955,-1.246716741189098,1.1041385663708907,1.545638271362297,-0.5007168164773008,0.8423575281043729,0.0,1.0,0.0,0.13874146857223646,0.34066258776055475,0.21950991624756377,Low,0
-1.1546190032062544,-0.8828688456391679,1.3406795068063038,-1.1642431541492295,-0.0579329403445056,0.9995957500605904,-1.0677271106601582,0.0,1.0,0.0,0.001189257045893461,0.24808881512331526,0.0999490802768622,Low,0
-0.0027294773547332,-0.4772823538874159,0.1840398403897547,-1.0337610197830278,0.9482293885695664,-0.700758492015675,-1.3522946017260178,0.0,1.0,0.0,0.001189257045893461,0.20763522544227214,0.08376764440444494,Low,0
-0.8040439301210163,-0.3420868566368448,-0.0767055179353633,-0.4616470460235286,0.3979843649446833,1.099616587829806,-0.6132350467035258,0.0,0.0,1.0,0.001189257045893461,0.23405327429828782,0.09433486394685121,Low,0
0.6483385155178683,0.5366838754919253,0.1974113972269402,-0.1504973409964323,-0.8754398325871893,-0.5007168164773008,0.0063333594629294,0.0,1.0,0.0,0.0013978828550958537,0.03231410908205097,0.0137643733458779,Low,0
-0.7038796235252095,-0.2068913593862736,-1.1664874001659848,1.4052511841390485,-1.5986190064941783,1.099616587829749,1.3035306904384076,0.0,1.0,0.0,0.004669214488110828,0.3299078778058814,0.13476467981521903,Low,0
-1.4551119229935894,-1.4912485832667572,0.0369527151807137,0.0402073169234006,-0.2465883770158941,0.6995332367530007,0.2028640763345099,0.0,1.0,0.0,0.001189257045893461,0.17627176815715842,0.07122226149039945,Low,0
2.1007209611567244,2.361823088374732,0.1773540619711619,-0.2709423881036956,0.8853442430124371,-0.700758492015675,-0.1891626740316197,0.0,0.0,1.0,0.0012038489692639488,0.5645898644515696,0.2265582551621862,Low,0
-1.5051940762914926,-1.558846331892062,-0.5580815640740427,0.6424325524597156,-1.5671764337156138,0.6995332367530007,0.7040844124233655,0.0,1.0,0.0,0.0016959057239025034,0.3382138120573352,0.13630306825727556,Low,0
-0.9042082367167944,-0.9504665942644344,-1.186544735421763,1.4152882713979869,-1.0955378420371424,0.399470723445468,1.300899638422528,0.0,1.0,0.0,0.004669214488110828,0.23043494822310007,0.09497550798210654,Low,0
0.9989135886031064,0.5366838754919253,-0.5112811151438933,-0.3412019989162652,-1.6929467248298729,-1.2008626808616387,-0.6680437033039933,0.0,1.0,0.0,0.0017878339589177095,0.2556547273226464,0.10333459130440918,Low,0
0.8486671287094248,0.063499635114907,0.8659892390862173,-1.073909368818782,-0.5610141048015417,-1.600946031938387,-1.1192050721993243,1.0,0.0,0.0,0.0046478549634723565,0.6950162968443928,0.28079523171584053,Medium,0
-0.5536331636315563,-0.7476733483885967,1.3139363931319328,-1.2947252885154308,-1.1112591284264248,-0.000612627631337,-1.3001564136510306,0.0,0.0,1.0,0.001189257045893461,0.4683295961552084,0.18804539268961945,Low,0
0.1975991358368233,1.0098681158689435,-0.3641939899348524,-0.7426854892738086,0.5709185152267895,1.099616587829806,-1.1704859511904853,0.0,0.0,1.0,0.0012842961522475948,0.400163611994265,0.16083602248905457,Low,0
-1.254783309802033,-0.9504665942644344,-1.8417510204438543,2.0777360304879338,-0.4824076728551298,1.099616587829806,1.5946708844802688,0.0,0.0,1.0,0.008715152289364658,0.6835835790038024,0.27866252297513977,Medium,0
0.0473526759431701,-0.5448801025127208,-0.6917971324458981,-0.2408311263268794,-0.5452928184122593,-0.900800167554106,-0.6248037922714773,0.0,1.0,0.0,0.0015210988855598915,0.13202626316452243,0.05372316459714491,Low,0
0.7485028221136465,0.5366838754919253,-0.9725998260267944,0.7528405123080402,-1.2213081331514015,-0.700758492015675,0.5707285063151062,0.0,0.0,1.0,0.0023447411488381436,0.3047625618462551,0.12331186942780493,Low,0
0.8486671287094248,0.6718793727424964,1.2337070521088196,-1.5255782954710182,-1.4256848562120723,-0.700758492015675,-1.720898091261636,0.0,1.0,0.0,0.0012842961522475948,0.3784227957113326,0.1521396959758816,Low,0
0.2476812891347267,-0.3420868566368448,1.073248370062593,-1.2445398522207378,-0.6396205367479536,-1.000821005323265,-1.3129766333988209,0.0,0.0,1.0,0.001189257045893461,0.4422789838338003,0.17762514776105623,Low,0
0.347845595730505,-0.27448910801154,2.4672331703391857,-2.0274326584179474,1.4984744121944498,-1.1008418430924232,-2.0176255755394665,0.0,0.0,1.0,0.016993202227584613,0.7640330952319357,0.3158091594293251,Medium,1
1.4496529682841228,0.8070748699930677,1.4743950751781594,-1.625949168060404,1.388425407469473,-1.7009668697076024,-1.805466212611009,0.0,1.0,0.0,0.005303698581118187,0.5601156088154423,0.22722846267484786,Low,0
-0.7038796235252095,-0.1392936107609688,-1.072886502305686,1.60599292931782,-1.6929467248298729,1.1996374255989646,1.6480309843528924,0.0,1.0,0.0,0.006611437277929688,0.4529524547115665,0.18514784425138442,Low,0
-0.6037153169294313,-0.6800755997632919,0.4113563066219088,-0.1806086027732477,0.9639506749588488,0.199429047907037,0.0806728965707924,0.0,0.0,1.0,0.001189257045893461,0.24945519753053755,0.10049563323975111,Low,0
-0.9542903900146694,-1.761639577767938,0.5183287613193932,-0.6122033549076074,1.341261548301626,-0.7007584920157318,-0.5404524617249108,0.0,1.0,0.0,0.00163305470701063,0.27039096133490714,0.10913621735816925,Low,0
-1.4050297696957144,-1.2884553373908814,-0.665054018771527,0.9736564320046892,1.6085234169194265,0.8995749122914317,1.0962688288279,0.0,1.0,0.0,0.07563376765655025,0.299377574793591,0.16513129051136655,Low,1
0.2476812891347267,-0.4096846052621496,-1.2266594059333198,1.0138047810404436,1.6556872760872736,-1.10084184309248,0.7379727565529962,0.0,0.0,1.0,0.1255824215205643,0.4582604055631111,0.25865361513758306,Medium,0
0.5982563622199649,0.4014883782413541,-0.6249393482599704,1.124212740888768,0.0678373507697534,-0.6007376542464594,1.3380595528490602,0.0,1.0,0.0,0.001858512861917741,0.12596687996071354,0.05150185970143606,Low,0
-1.304865463099936,-0.9504665942644344,-0.056648182679585,-0.2006827772911252,-1.1741442739835544,1.1996374255990214,-0.2128224339197395,0.0,0.0,1.0,0.001189257045893461,0.33638739494925557,0.13526851220723832,Low,0
0.4980920556241866,0.9422703672436388,-0.3107077625861102,-0.3813503479520194,1.2626551163552142,0.3994707234454111,-0.6183394846968807,0.0,1.0,0.0,0.0014797969480901195,0.1619771275698934,0.06567872919681145,Low,0
1.8002280413693894,1.2126613617448194,1.0999914837369642,-0.933390147193642,-0.2780309497944588,-1.800987707476818,-0.7843125525001319,0.0,1.0,0.0,0.0063591750985975744,0.3886769446263723,0.15928628290970748,Low,0
-0.8040439301210163,-1.018064342889739,1.4075372909922317,-0.7226113147559319,0.0678373507697534,0.0994082101378783,-0.2848758134707334,0.0,1.0,0.0,0.001189257045893461,0.18132641265749175,0.07324411929053277,Low,0
0.7985849754115499,0.2662928809907446,-1.0260860533755367,0.4918762435756369,0.8381803838445899,-1.2008626808616956,0.1804853530084292,0.0,0.0,1.0,0.00478199429247425,0.296808217903815,0.12159248373701056,Low,0
-0.2531402438441931,-0.5448801025127208,1.9089706723866893,-1.7062458661319129,-1.4571274289906373,-0.3006751409389267,-1.7961836245999274,0.0,1.0,0.0,0.001189257045893461,0.46446448323420336,0.18649934752121744,Low,0
0.9488314353052032,0.6042816241171917,0.2575834029942752,-0.7527225765327473,1.2626551163552142,-1.000821005323265,-0.887189642559263,0.0,0.0,1.0,0.0016106463969873047,0.3686756702601388,0.14843665594224792,Low,0
-0.2030580905462897,-0.4772823538874159,-0.9592282691896088,0.8331372103795486,-1.2999145650978134,-0.3006751409389267,0.6894313249791175,0.0,0.0,1.0,0.001799156127238872,0.31537440851457077,0.12722925708217164,Low,0
1.149160048496788,1.0098681158689435,-0.55139578565545,0.9636193447457506,-1.2527507059299663,-0.8007793297848904,1.1652575747574003,0.0,1.0,0.0,0.0019410271658534658,0.22339970024079955,0.0905244963958319,Low,0
1.5998994281778045,1.0098681158689435,0.0904389425294559,0.250986149361111,1.8757852855372268,-1.7009668697076024,0.5542228429196037,0.0,1.0,0.0,0.22045509573675942,0.44074011120817747,0.3085691019253266,Medium,0
-0.3533045504399714,0.4014883782413541,-0.3374508762604813,0.5119504180935144,-0.0107690811766584,1.29965826336818,0.6653773999949872,0.0,1.0,0.0,0.0014531681623181345,0.0628071511663015,0.025994761363911486,Low,0
0.3979277490284083,0.5366838754919253,0.5851865455053209,-0.7226113147559319,-1.0640952692585777,-0.000612627631337,-0.6824307293084324,1.0,0.0,0.0,0.0013978828550958537,0.5725585982758412,0.22986216902339401,Low,0
0.3979277490284083,0.6042816241171917,1.454337739922381,-1.0136868452651506,0.50803336966966,0.0994082101378215,-0.7617761631356463,0.0,1.0,0.0,0.0013978828550958537,0.16542332404607227,0.06700805933148642,Low,0
-1.304865463099936,-1.085662091515044,0.3311269655987956,0.1205040149949097,-0.655341823137236,0.9995957500605904,0.5025872153420337,0.0,1.0,0.0,0.001189257045893461,0.14541413718367568,0.05887920910100636,Low,0
0.3979277490284083,0.6042816241171917,-0.5179668935624862,0.391505370986251,-0.3723586681301531,0.0994082101378215,0.3735671252899058,0.0,1.0,0.0,0.001894900368376373,0.011518410061348511,0.005744304245565228,Low,0
0.54817420892209,0.4014883782413541,-0.8054553655619752,0.391505370986251,-0.5452928184122593,-0.5007168164773008,0.1875507623544453,0.0,0.0,1.0,0.0015727648812867592,0.19918815771677154,0.08061892201548068,Low,0
0.347845595730505,-0.3420868566368448,2.0560577975957304,-1.5155412082120798,-0.655341823137236,-1.2008626808616387,-1.4021959028811366,0.0,0.0,1.0,0.001189257045893461,0.569751757541874,0.2286142572442857,Low,0
-1.4050297696957144,-1.018064342889739,-0.3976228820278162,0.1706894512896026,-1.0483739828692953,1.29965826336818,0.1325351690785706,0.0,1.0,0.0,0.001189257045893461,0.16107878924523675,0.06514506992563078,Low,0
1.7501458880714862,2.023834345248285,-0.8522558144921246,1.1944723517013378,-0.4824076728551298,-0.5007168164773008,1.2632962882629837,0.0,0.0,1.0,0.0018195178748398094,0.5989830436463683,0.24068492818345122,Low,0
0.7985849754115499,-0.0040981135103977,0.2375260677384968,-0.973538496229396,-0.450965100076565,-1.600946031938444,-1.236291813969687,0.0,1.0,0.0,0.0046478549634723565,0.2734590888182866,0.11217234850539808,Low,0
0.097434829241045,-0.3420868566368448,2.4672331703391857,-2.2281744035967193,-1.07981655564786,-0.700758492015675,-2.082997856713056,0.0,1.0,0.0,0.001189257045893461,0.54947528490061,0.2205036681877801,Low,0
0.8486671287094248,0.7394771213678013,-0.5045953367253005,-0.020015206630231,0.1621650691054477,-0.6007376542464594,-0.2056289209175217,0.0,1.0,0.0,0.0016426134167653636,0.04656670753416296,0.019612251063724405,Low,0
-0.8541260834188912,-0.4096846052621496,0.5851865455053209,-0.8530934491221331,0.0049522052126239,1.099616587829749,-0.8897024450463394,0.0,1.0,0.0,0.001189257045893461,0.1175826772506318,0.0477466251277888,Low,0
-0.503551010333653,0.1986951323654782,0.0636958288550848,-0.1906456900321865,1.16832739801952,1.29965826336818,-0.1302448463052264,0.0,0.0,1.0,0.0013622232167508303,0.27394602367403104,0.11039574339966292,Low,0
-0.7038796235252095,-1.1532598401403102,-1.0260860533755367,1.2145465262192152,1.1526061116302375,-0.3006751409389267,1.1574629599837625,1.0,0.0,0.0,0.004995326991225892,0.668358876143459,0.27034074665211916,Medium,0
-0.5536331636315563,0.063499635114907,-0.2371641999815897,0.2911344983968652,1.0582783932945432,1.1996374255990214,0.4079383216621517,0.0,1.0,0.0,0.0013033490265304283,0.06472804646074637,0.026673228000216806,Low,0
0.54817420892209,0.5366838754919253,-1.714721230490592,1.5758816675410043,0.9639506749588488,-0.3006751409389267,1.0806106203888235,0.0,1.0,0.0,0.006216067612939463,0.33536518728379716,0.13787571548128255,Low,0
0.0473526759431701,-0.2068913593862736,-0.3307650978418885,-0.2107198645500639,-1.158422987594272,-0.4006959787081422,-0.3809437014962562,0.0,1.0,0.0,0.001189257045893461,0.07349566554201956,0.0301118204443439,Low,0
1.950474501263043,2.023834345248285,0.1372393914596053,-0.3211278243983885,0.50803336966966,-0.9008001675540492,-0.2876349691428167,0.0,1.0,0.0,0.0012038489692639488,0.30992454324269997,0.12469212667863837,Low,0
0.347845595730505,-0.27448910801154,-0.6115677914227848,0.3011715856558039,-0.7339482550836478,-1.1008418430924232,0.1853828543263786,0.0,0.0,1.0,0.0015210988855598915,0.24921848749365735,0.10060005432879889,Low,0
0.1475169825389484,1.1450636131195149,0.3244411871802029,-0.6423146166844228,-0.7653908278622126,1.3996791011373386,-0.6840073896924798,0.0,1.0,0.0,0.0012842961522475948,0.18441181484903468,0.07453530363096243,Low,0
0.0473526759431701,0.9422703672436388,-1.0260860533755367,1.6762525401303905,-0.906882405365754,1.299658263368123,1.7816430977735596,1.0,0.0,0.0,0.0064846021645315775,0.7556816839922944,0.30616343489563674,Medium,0
-1.2047011565041297,-0.4096846052621496,2.4672331703391857,-1.79657965146236,0.0049522052126239,1.799762452214087,-1.647997256754217,0.0,1.0,0.0,0.001189257045893461,0.576179715889486,0.2311854405833305,Low,0
-0.9042082367167944,-0.6800755997632919,-1.186544735421763,1.786660499978714,-0.2937522361837412,0.7995540745222163,1.7942071102089403,0.0,1.0,0.0,0.00696814054343553,0.31918058836765645,0.1318531196731239,Low,0
-1.1546190032062544,-1.018064342889739,-1.0528291670499077,1.6762525401303905,1.4984744121944498,0.7995540745222163,1.7592939368296792,0.0,1.0,0.0,0.7207228461387196,0.40463021818254014,0.5942857949562478,High,1
-0.7539617768231129,-1.2884553373908814,0.8793607959234028,-1.144168979631352,-0.9383249781443188,-0.4006959787080853,-1.2280734717178372,0.0,1.0,0.0,0.001189257045893461,0.2367363127204357,0.09540807931571035,Low,0
0.4980920556241866,1.3478568589953903,0.1840398403897547,-0.2508682135858182,1.2940976891337788,0.9995957500605904,-0.1547816235319736,0.0,0.0,1.0,0.0020781028003249045,0.3952680753865694,0.15935409183482271,Low,0
-0.3032223971420965,-0.6124778511379871,2.4672331703391857,-2.589509544918508,-0.7968334006407773,-0.3006751409388699,-2.5243839312272893,0.0,1.0,0.0,0.0009419322551874047,0.5980368708266274,0.2397799076837634,Low,0
-0.4534688570357496,0.1986951323654782,-0.5447100072368571,0.0703185787002168,-1.0640952692585777,1.1996374255989646,-0.1006529017221257,0.0,1.0,0.0,0.0015727648812867592,0.10172221388643844,0.04163254448334743,Low,0
-1.4551119229935894,-1.423650834641491,-0.1569348589584765,-0.1705715155143097,0.9796719613481312,0.7995540745221594,-0.2244404501246935,0.0,1.0,0.0,0.001189257045893461,0.17783881341108718,0.07184907959197095,Low,0
0.2977634424326301,-0.4096846052621496,0.1439251698781981,-0.3612761734341427,0.0835586371590358,-1.2008626808616956,-0.3451830731605681,0.0,1.0,0.0,0.001189257045893461,0.08584450969799434,0.035051358106733814,Low,0
1.199242201794663,0.1986951323654782,2.4672331703391857,-1.6761346043550969,1.011114534126696,-2.1010502207843507,-1.4968250883062164,0.0,1.0,0.0,0.0046478549634723565,0.5690253781206926,0.2303988642263605,Low,0
1.2994065083904698,1.0098681158689435,0.4581567555520582,-0.3010536498805111,1.6242447033087088,-1.10084184309248,-0.0820581633177603,0.0,1.0,0.0,0.054875920114395016,0.25059997819280133,0.13316554334575753,Low,0
0.1475169825389484,0.7394771213678013,0.4982714260636149,-0.2910165626215723,0.8224590974553075,0.7995540745222163,-0.0443661260116131,0.0,1.0,0.0,0.0012842961522475948,0.09747486095925716,0.03976052207505142,Low,0
-0.0528116306526365,0.8746726186183724,-0.7853980303061969,0.1807265385485406,0.7124100927303308,1.3996791011373957,-0.0918728742084595,1.0,0.0,0.0,0.0016426134167653636,0.5936703562021791,0.2384537105309309,Low,0
-0.3533045504399714,0.5366838754919253,-0.317393541004703,0.3513570219504969,-1.4571274289906373,1.4996999389065542,0.4448912994132768,0.0,1.0,0.0,0.001481631274390766,0.1885169266093547,0.07629574940837636,Low,0
-0.1529759372484148,0.1986951323654782,0.87267501750481,-0.5519808313539757,-1.5986190064941783,0.5995123989838421,-0.2651971210523342,0.0,0.0,1.0,0.0012296655063114168,0.3698468022738776,0.14867652021333788,Low,0
0.1475169825389484,1.1450636131195149,-0.1034486316097343,-0.2508682135858182,-1.614340292883461,1.3996791011373386,-0.3136794278618095,0.0,1.0,0.0,0.0012842961522475948,0.26472912155770245,0.10666222631442954,Low,0
-0.503551010333653,-0.9504665942644344,-1.5609483268629585,1.4253253586569257,0.0363947779911886,-0.4006959787080853,1.0151397979412324,0.0,1.0,0.0,0.004669214488110828,0.2502828379854716,0.10291466388705513,Low,0
-0.1529759372484148,0.7394771213678013,0.5851865455053209,-0.973538496229396,0.2722140738304243,1.3996791011373957,-1.081030182650562,0.0,0.0,1.0,0.0012842961522475948,0.3820700737140105,0.15359860717695278,Low,0
-0.6537974702273347,-0.1392936107609688,-0.3708797683534451,0.0502444041823393,-0.7653908278622126,1.099616587829806,-0.0254462014030372,0.0,0.0,1.0,0.0013095503215329047,0.22632711394521984,0.09131657577100769,Low,0
-0.5536331636315563,-0.8828688456391679,-1.186544735421763,0.8130630358616718,-0.450965100076565,-0.2006543031697112,0.5009415760661828,1.0,0.0,0.0,0.004298764052378189,0.5618487976448168,0.22731877748935364,Low,0
-0.4534688570357496,-0.0040981135103977,-0.665054018771527,0.953582257486812,1.5299169849730143,0.8995749122913749,1.0680663162082424,1.0,0.0,0.0,0.030649671020957208,0.6471904317765174,0.2772659753231813,Medium,0
1.8503101946672644,1.8886388479977136,1.0331336995510365,-0.8229821873453174,1.4984744121944498,-0.9008001675540492,-0.6319184722544942,0.0,0.0,1.0,0.011644697344981919,0.6170382264122161,0.2538021089718756,Medium,0
1.0990778951988849,0.9422703672436388,-1.0595149454685004,1.5156591439873728,-1.5514551473263314,-0.8007793297848904,1.5373888419023245,0.0,0.0,1.0,0.0064846021645315775,0.5539611710481346,0.2254752297179728,Low,0
-0.2030580905462897,0.5366838754919253,-0.6917971324458981,1.043916042817259,-0.1522606586801998,1.1996374255989646,1.1751117021577002,0.0,0.0,1.0,0.0021125741127795998,0.3683036306481219,0.1485889967269165,Low,0
0.4480099023262832,1.3478568589953903,-0.2037353078886259,0.4216166327630672,1.2626551163552142,1.099616587829806,0.6212309092416434,0.0,1.0,0.0,0.001817341663169084,0.22513375730909477,0.09114390792153935,Low,0
1.3494886616883446,1.618247853496533,-1.1397442864916136,0.7829517740848557,-1.5200125745477666,-0.3006751409389267,0.4939155832297681,0.0,1.0,0.0,0.005007970591720759,0.33305783255522736,0.13622791537712342,Low,0
-0.2531402438441931,-0.4772823538874159,0.3110696303430173,-0.3412019989162652,-1.4728487153799197,-0.2006543031697112,-0.2244305959972925,0.0,1.0,0.0,0.001189257045893461,0.10820549208012918,0.04399575105958775,Low,0
-0.2030580905462897,-0.6124778511379871,-0.3976228820278162,0.4316537200220052,-0.6396205367479536,-0.5007168164773008,0.5094161256304397,0.0,0.0,1.0,0.0012710036366055106,0.22128637940115364,0.08927715394242478,Low,0
1.2493243550925663,1.3478568589953903,0.291012295087239,0.2008007130664181,1.2626551163552142,-0.5007168164773008,0.6023109846330675,0.0,1.0,0.0,0.001817341663169084,0.22477582024670606,0.09100073309658388,Low,0
1.8503101946672644,1.2802591103700858,0.204097175645533,-0.6724258784612389,0.7124100927303308,-1.800987707476818,-0.7897520308250983,0.0,1.0,0.0,0.0063591750985975744,0.37586979231779516,0.1541634219862766,Low,0
-0.4534688570357496,0.3338906296160494,-0.6851113540273054,0.3011715856558039,-0.8597185461979069,1.3996791011373386,0.1387728317229608,0.0,0.0,1.0,0.0015727648812867592,0.30436765485273226,0.12269072086986497,Low,0
-0.7539617768231129,-0.4772823538874159,-0.2171068647258114,-0.541943744095037,-0.9697675509228836,0.7995540745222163,-0.8045824925625485,0.0,0.0,1.0,0.001189257045893461,0.2873064329067637,0.11563612739024157,Low,0
-0.3032223971420965,-0.6800755997632919,-0.1569348589584765,0.1004298404770322,1.6556872760872736,-0.4006959787080853,0.1765141396661086,0.0,1.0,0.0,0.043111248112097426,0.13600969221271744,0.08027062575234543,Low,0
0.4980920556241866,0.6718793727424964,0.3444985224359811,-0.2508682135858182,1.0739996796838256,-0.000612627631337,-0.0660944769292747,0.0,1.0,0.0,0.0012842961522475948,0.0706602188162616,0.029034665217853195,Low,0
-0.8040439301210163,-1.2884553373908814,-0.2639073136559609,1.0037676937815048,0.759573951898178,-0.3006751409388699,1.4341964197663848,0.0,1.0,0.0,0.0014349073709338485,0.22380337524914992,0.09038229452222028,Low,0
-0.3533045504399714,0.2662928809907446,-1.10631539439865,1.3952140968801094,0.9953932477374136,1.099616587829749,1.3379708657024565,0.0,1.0,0.0,0.005740791182684534,0.23987602610576536,0.09939488515191687,Low,0
0.8486671287094248,0.4014883782413541,-0.2973362057489247,-0.1504973409964323,-0.4666863864658474,-1.1008418430924232,-0.2744107301716141,0.0,1.0,0.0,0.0012296655063114168,0.05733046709248548,0.023669986140781044,Low,0
1.4496529682841228,1.5506501048712666,0.3177554087616101,-0.3713132606930814,0.5237546560589423,-0.6007376542464594,-0.267473424481804,0.0,1.0,0.0,0.0012038489692639488,0.18450838393223762,0.07452566295445343,Low,0
-1.0544546966104762,-1.4912485832667572,0.6988447786213979,-0.6021662676486685,0.5394759424482247,-0.1006334654004957,-0.4341461353304751,1.0,0.0,0.0,0.001189257045893461,0.6133195980470358,0.24604139344635043,Low,0
0.6984206688157432,0.6042816241171917,0.0369527151807137,-0.1705715155143097,-1.5514551473263314,-0.5007168164773008,-0.1149906570895633,0.0,1.0,0.0,0.0013978828550958537,0.11292237434154641,0.04600767944967608,Low,0
1.950474501263043,2.159029842498856,0.2642691814128679,0.0703185787002168,-0.5295715320229769,-0.700758492015675,0.3846333103604437,0.0,0.0,1.0,0.0012759874977108705,0.5293569351416089,0.21250836655527006,Low,0
0.1975991358368233,0.8070748699930677,-0.8321984792363463,0.3613941092094356,-1.3470784242656606,0.7995540745222163,0.1286822052650534,0.0,1.0,0.0,0.0016426134167653636,0.15796055340899004,0.06416978941365523,Low,0
0.7485028221136465,0.3338906296160494,0.6186154375982847,-0.6523517039433615,0.7752952382874604,-1.000821005323265,-0.5543172189771324,0.0,0.0,1.0,0.0012296655063114168,0.27599826009129796,0.11113710334030605,Low,0
-0.2030580905462897,0.063499635114907,0.1506109482967908,-0.2006827772911252,-0.3880799545194355,0.4994915612146266,-0.0967408131442069,0.0,1.0,0.0,0.0012296655063114168,0.025794643455352845,0.011055656685927989,Low,0
-0.8541260834188912,-1.558846331892062,-0.4377375525393728,0.9435451702278732,0.0206734916019062,-0.6007376542465164,1.2194749837138503,0.0,1.0,0.0,0.0013259787942259103,0.22548175562534517,0.09098828952667362,Low,0
-0.8541260834188912,0.063499635114907,-0.143563302121291,-0.2408311263268794,-0.3566373817408708,1.7997624522141438,-0.3209813362654314,1.0,0.0,0.0,0.0012296655063114168,0.6298490211536233,0.2526774077652362,Medium,0
0.3979277490284083,0.8070748699930677,-0.6784255756087126,1.234620700737092,-0.4824076728551298,0.3994707234454111,1.452594075622744,0.0,0.0,1.0,0.002100375432309463,0.39179775737637645,0.15797932820993627,Low,0
-0.7539617768231129,-0.4772823538874159,0.1372393914596053,-0.5319066568360982,0.2093289282732948,0.7995540745222163,-0.6085937526979841,0.0,0.0,1.0,0.001189257045893461,0.23348074373207395,0.09410585172036566,Low,0
1.950474501263043,2.159029842498856,-1.2400309627705053,0.8231001231206105,-0.4824076728551298,-0.700758492015675,0.4762766951832329,0.0,1.0,0.0,0.004932095775175566,0.43861237338599907,0.17840420681950497,Low,0
0.9989135886031064,-0.0716958621357025,-0.8255127008177535,1.284806137031785,0.7281313791196132,-2.1010502207844075,1.4085362720160033,0.0,1.0,0.0,0.013224759112715109,0.38044183281933,0.16011158859536107,Low,0
-0.3533045504399714,-0.6800755997632919,-0.5447100072368571,0.6524696397186543,0.2093289282732948,-0.3006751409389267,0.7275076732538778,0.0,1.0,0.0,0.0016959057239025034,0.03790263746885551,0.016178598421883707,Low,0
1.149160048496788,0.6718793727424964,-0.9792856044453871,0.9736564320046892,1.3255402619123435,-1.3008835186308545,0.8660862668842954,0.0,0.0,1.0,0.005482709021045374,0.4332524610821796,0.17659060984549907,Low,0
1.04899574190101,0.4690861268666205,-1.5810056621187365,2.248366513889889,-0.1050967995123527,-1.4009043564000696,2.0447187369793633,1.0,0.0,0.0,0.6973474729665536,0.8703485433030356,0.7665479011011465,Critical,1
0.7485028221136465,0.4690861268666205,-0.8188269223991608,0.7327663377901628,-0.450965100076565,-0.8007793297848904,0.6506356254041372,0.0,1.0,0.0,0.0021125741127795998,0.06988111988032754,0.02921999241979878,Low,0
0.1975991358368233,1.1450636131195149,-1.0528291670499077,0.7227292505312247,-1.6457828656620257,1.29965826336818,0.4739708293715618,0.0,1.0,0.0,0.005519611011990197,0.3031530172055864,0.1245729734894287,Low,0
0.097434829241045,0.063499635114907,0.1305536130410125,-0.1304231664785548,-0.985488837312166,-0.1006334654004957,-0.0010572360872945,0.0,0.0,1.0,0.0012296655063114168,0.2188572098026587,0.08828068322485033,Low,0
-0.4033867037378747,-0.9504665942644344,0.3444985224359811,-0.1203860792196168,0.759573951898178,-0.6007376542464594,0.1365655071852927,0.0,1.0,0.0,0.001189257045893461,0.09740803041584874,0.03967676639387557,Low,0
-1.354947616397811,-1.220857588765615,0.4715283123892438,-0.4315357842467123,-1.5514551473263314,0.8995749122913749,-0.2798600626239797,0.0,1.0,0.0,0.001189257045893461,0.2262512608521741,0.09121405856840573,Low,0
-0.9542903900146694,-1.6264440805173284,1.5613101946198653,-1.2345027649617994,-1.3313571378763782,-0.5007168164773008,-1.09705299380345,0.0,0.0,1.0,0.001189257045893461,0.62350555313514,0.2501157754815921,Medium,0
1.2493243550925663,0.8070748699930677,-2.028952816164452,2.0175135069343018,0.9325081021802842,-1.3008835186308545,1.3546440492637637,0.0,1.0,0.0,0.011142261694429344,0.5335384155110678,0.22010072322108473,Low,0
0.0473526759431701,0.2662928809907446,0.1706682835525691,-0.1906456900321865,-0.2465883770158941,0.2994498856761957,-0.0701740856729983,0.0,0.0,1.0,0.0012296655063114168,0.1989346265433211,0.08031164992111531,Low,0
-0.5536331636315563,0.063499635114907,-0.0499624042609922,-0.0902748174428006,-0.8597185461979069,1.1996374255990214,-0.0439916691704011,0.0,1.0,0.0,0.0012296655063114168,0.06476387242522728,0.026643348273877765,Low,0
-0.6537974702273347,-1.018064342889739,-0.4243659957021873,0.0703185787002168,-0.0264903675659408,-0.2006543031697112,-0.0284615643875291,0.0,1.0,0.0,0.001189257045893461,0.04296192928569445,0.017898325941813856,Low,0
1.8503101946672644,1.5506501048712666,1.5078239672711231,-1.3649848993280012,1.2940976891337788,-1.4009043564000128,-1.3438397604165613,0.0,0.0,1.0,0.003297007720684125,0.7215628241625432,0.2906033342974278,Medium,0
0.2977634424326301,-0.1392936107609688,-0.7519691382132331,0.2710603238789885,0.6180823743946366,-0.8007793297848904,0.0544806259407958,0.0,1.0,0.0,0.0016749016561573846,0.04012164130669387,0.01705359751637198,Low,0
-0.0027294773547332,1.0098681158689435,-0.5313384503996716,0.903396821192119,0.1150012099376005,1.4996999389065542,1.0941304831820355,0.0,0.0,1.0,0.0019410271658534658,0.39471297092526814,0.15904980466961935,Low,0
-0.0027294773547332,0.9422703672436388,0.0436384935993065,-0.4616470460235286,0.1936076418840124,1.3996791011373386,-0.550444546908815,0.0,0.0,1.0,0.0012842961522475948,0.3090372297133608,0.12438546957669287,Low,0
-1.254783309802033,-1.1532598401403102,-0.6249393482599704,0.2309119748432336,-1.237029419540684,0.7995540745222163,0.0777856372425039,0.0,1.0,0.0,0.0015210988855598915,0.14765124725736298,0.05997315823428113,Low,0
0.1475169825389484,1.0098681158689435,0.1439251698781981,-0.1103489919606781,-1.3313571378763782,1.1996374255989646,0.0371570699710675,0.0,1.0,0.0,0.0012842961522475948,0.17717024422629118,0.07163867538186504,Low,0
1.649981581475708,1.2126613617448194,0.7924456764816967,-1.0638722815598436,-0.9226036917550364,-1.5009251941692283,-1.134715468727396,1.0,0.0,0.0,0.0063591750985975744,0.7881768266381157,0.31908623571440486,Medium,0
0.347845595730505,-0.0716958621357025,1.9022848939680963,-1.3047623757743694,1.2940976891337788,-0.8007793297848904,-1.083040424640224,0.0,1.0,0.0,0.0017981572726707327,0.31898167953596956,0.12867156617799028,Low,0
-0.5536331636315563,-0.27448910801154,0.8860465743419955,-0.6322775294254841,1.372704121080191,0.6995332367530576,-0.3894970840797159,0.0,1.0,0.0,0.0018972898650567922,0.14983079297589275,0.06107069110939118,Low,0
-2.206344222461969,-2.5728125612714035,-0.6851113540273054,0.4517278945398827,-0.8911611189764717,0.5995123989837853,0.3498482406373843,0.0,1.0,0.0,0.0016256183398726926,0.5105851641922526,0.20520943668082467,Low,0
0.2977634424326301,0.1310973837401734,-0.5580815640740427,0.5922471161650227,-1.4256848562120723,-0.4006959787081422,0.6327898006821957,0.0,1.0,0.0,0.001858512861917741,0.0998098468006358,0.04103904643740496,Low,0
0.6483385155178683,0.4014883782413541,-0.1368775237026982,-0.1504973409964323,-0.9540462645336012,-0.700758492015675,-0.1833585929928432,0.0,1.0,0.0,0.0012296655063114168,0.034660032960096385,0.014601812487825406,Low,0
0.8987492820073282,0.8746726186183724,0.0770673856922704,0.0100960551465851,0.5394759424482247,-0.5007168164773008,0.1811652877990513,0.0,0.0,1.0,0.0012842961522475948,0.2268885517871424,0.09152599840620552,Low,0
0.9989135886031064,0.2662928809907446,-1.3002029685378402,1.826808849014469,0.0363947779911886,-1.600946031938444,1.7500409112007962,0.0,1.0,0.0,0.9654410327835333,0.42668375316873647,0.7499381209376146,High,1
2.200885267752503,2.4294208370000367,-0.1569348589584765,0.3112086729147427,-1.4885700017692018,-0.8007793297848336,0.4883677095034002,0.0,1.0,0.0,0.001340971779761836,0.4782077633940596,0.19208768842548096,Low,0
0.6483385155178683,0.7394771213678013,0.6253012160168775,0.0903927532180935,-1.6929467248298729,-0.2006543031697112,0.6332135281604067,0.0,1.0,0.0,0.0013612487663756685,0.2597281071988401,0.10470799213936145,Low,0
-0.6537974702273347,-1.018064342889739,0.5718149886681354,-0.9835755834883348,-1.158422987594272,-0.2006543031697112,-1.1029260537340293,0.0,1.0,0.0,0.001189257045893461,0.1952728241017925,0.07882268386825309,Low,0
-0.9542903900146694,-0.6800755997632919,2.4672331703391857,-2.2281744035967193,0.3350992193875538,0.8995749122913749,-2.3303167462057828,0.0,0.0,1.0,0.001189257045893461,0.7576682402483718,0.3037808503268848,Medium,0
0.0473526759431701,0.9422703672436388,1.3273079499691185,-1.073909368818782,-0.5767353911908241,1.299658263368123,-0.9199841785474608,0.0,1.0,0.0,0.0012842961522475948,0.24639835036022456,0.09932991783543839,Low,0
-0.6037153169294313,-0.0716958621357025,1.394165734155046,-0.9434272344525804,-0.3880799545194355,1.099616587829749,-0.6683393271260025,0.0,1.0,0.0,0.0013095503215329047,0.1840599915724921,0.07440972682191659,Low,0
-1.304865463099936,-1.085662091515044,2.4672331703391857,-2.2382114908556576,-1.6929467248298729,0.9995957500605904,-2.1603231944232095,0.0,1.0,0.0,0.001189257045893461,0.7317991490819784,0.29343321386032745,Medium,0
-0.5536331636315563,0.1310973837401734,-1.1464300649102064,1.696326714648267,0.916786815791002,1.29965826336818,1.7078553918001118,0.0,1.0,0.0,0.008286928161931717,0.3397620691051241,0.14087698453920866,Low,0
-0.503551010333653,-0.7476733483885967,0.5651292102495425,-0.9434272344525804,-1.4728487153799197,-0.1006334654005525,-1.0422443372029817,0.0,1.0,0.0,0.001189257045893461,0.19652466015399295,0.07932341828913327,Low,0
-1.8557691493767308,-1.829237326393204,0.2442118461570896,-0.8631305363810718,-1.614340292883461,0.9995957500605904,-1.0634504193684278,0.0,1.0,0.0,0.001189257045893461,0.4981110214551785,0.19995796280960748,Low,0
-0.6037153169294313,-0.2068913593862736,2.4672331703391857,-2.107729356489456,0.3979843649446833,0.8995749122913749,-1.9840032928496427,0.0,0.0,1.0,0.001189257045893461,0.7071024190918123,0.28355452186426094,Medium,0
1.4997351215820265,1.7534433507471423,-0.5313384503996716,0.2108378003253568,0.2722140738304243,-0.4006959787080853,0.1075451019914102,0.0,1.0,0.0,0.001539756158815032,0.19984378431053357,0.08086136741950245,Low,0
2.000556654560946,2.159029842498856,-1.4472900937468811,0.712692163272286,0.5709185152267895,-0.8007793297848904,0.186604766124016,0.0,1.0,0.0,0.004654220772226747,0.48430061429840227,0.19651277818269697,Low,0
-1.0544546966104762,-1.423650834641491,-0.7920838087247897,0.4517278945398827,-0.3566373817408708,-0.000612627631337,0.279686853547249,0.0,1.0,0.0,0.0016256183398726926,0.12849224386220967,0.052372268548807485,Low,0
0.2476812891347267,1.3478568589953903,-0.2171068647258114,0.2911344983968652,-1.2999145650978134,1.4996999389065542,0.4206205836263375,0.0,1.0,0.0,0.0015773171786628748,0.27767566733428856,0.11201665724091316,Low,0
0.6984206688157432,-0.0040981135103977,1.0598768132254075,-0.7928709255685016,1.5613595577515793,-1.4009043564000128,-0.5694531586639929,0.0,0.0,1.0,0.026082224452760906,0.506086560667495,0.21808395893865457,Low,0
-1.4050297696957144,-1.1532598401403102,-1.012714496538351,1.2145465262192152,-1.362799710654943,1.099616587829806,1.1677309607348765,0.0,1.0,0.0,0.0045108294871879975,0.30397708606368956,0.12429733211778862,Low,0
2.200885267752503,2.4294208370000367,0.2508976245756824,-0.0902748174428006,-1.6929467248298729,-0.8007793297848336,0.1293917024378752,0.0,1.0,0.0,0.0008468609340760052,0.5390102521329506,0.21611221741362588,Low,0
1.4496529682841228,0.8070748699930677,2.4672331703391857,-2.2281744035967193,-0.2623096634051765,-1.7009668697076024,-2.22507466557058,1.0,0.0,0.0,0.004853608356625806,1.0,0.40291216501397553,Medium,0
0.4480099023262832,0.4690861268666205,-1.1464300649102064,0.6022842034239615,0.6809675199517662,-0.2006543031697112,0.2481536458662891,0.0,1.0,0.0,0.0054844252990872994,0.05900463403540211,0.026892508793613226,Low,0
0.9488314353052032,-0.2068913593862736,0.4314136418776872,-0.8631305363810718,0.3979843649446833,-2.201071058553566,-0.9768129312649912,0.0,1.0,0.0,0.004495625804359605,0.35951242400591016,0.14650234508497983,Low,0
-0.9542903900146694,-0.4096846052621496,-0.8923704850036812,0.8231001231206105,-0.702505682305083,1.299658263368123,0.7232605443443492,0.0,1.0,0.0,0.001799156127238872,0.12075540780984201,0.04938165680028013,Low,0
-1.0043725433125728,-1.423650834641491,-0.3240793194232957,-0.2207569518090026,0.382263078555401,-0.1006334654005525,-0.3918128040187871,1.0,0.0,0.0,0.001189257045893461,0.5443746842474253,0.21846342792650622,Low,0
-1.304865463099936,-1.1532598401403102,-1.3002029685378402,1.3751399223622327,-0.7339482550836478,0.8995749122914317,1.1576107718947668,0.0,1.0,0.0,0.004669214488110828,0.2595147356043812,0.10660742293461899,Low,0
0.347845595730505,0.4014883782413541,-0.3107077625861102,-0.2006827772911252,-0.3723586681301531,-0.1006334654004957,-0.3551160335800706,0.0,0.0,1.0,0.0012296655063114168,0.18078427708438033,0.073051510137539,Low,0
-1.555276229589396,-1.356053086016186,1.220335495271634,-1.073909368818782,-1.4885700017692018,1.099616587829806,-0.9661803278000668,0.0,1.0,0.0,0.001189257045893461,0.41092485641775645,0.16508349679463866,Low,0
-0.9042082367167944,-1.423650834641491,1.594739086712829,-1.2846882012564924,1.2626551163552142,-0.3006751409389267,-1.170564784209688,0.0,1.0,0.0,0.0013703104516352665,0.3372923724638008,0.13573913525650147,Low,0
-0.0528116306526365,0.8746726186183724,-0.9458567123524234,1.0037676937815048,-0.8282759734193421,1.3996791011373957,0.9316359223510904,0.0,0.0,1.0,0.0020591703097171156,0.4114573700399449,0.16581845020180824,Low,0
-1.0043725433125728,-1.220857588765615,2.4672331703391857,-2.107729356489456,0.5551972288375071,0.199429047907037,-1.9989815664980983,0.0,0.0,1.0,0.001189257045893461,0.742911955545995,0.29787833644593403,Medium,0
0.4980920556241866,0.5366838754919253,-0.0232192905866211,0.5320245926113911,-1.5671764337156138,-0.2006543031697112,0.904349843579659,0.0,1.0,0.0,0.0016519099428965647,0.160286560981847,0.06510577035847673,Low,0
0.1475169825389484,1.0098681158689435,-0.4310517741207801,0.6223583779418389,-0.7182269686943654,1.1996374255989646,0.7620660980467289,0.0,1.0,0.0,0.001517713325791754,0.1284232150422849,0.05227991401238902,Low,0
0.8987492820073282,0.1986951323654782,1.0531910348068148,-1.124094805113475,-1.2055868467621191,-1.5009251941692283,-1.121530646265795,0.0,1.0,0.0,0.0046478549634723565,0.2845547584817605,0.11661061637078762,Low,0
-0.0528116306526365,0.3338906296160494,-1.306888746956433,1.2948432242907235,1.1368848252409551,0.5995123989838421,1.047077024845603,0.0,0.0,1.0,0.006058242964214302,0.4320552472599507,0.17645704468250886,Low,0
-0.1028937839505114,-0.2068913593862736,0.1706682835525691,-0.2307940390679407,0.2564927874411419,-0.1006334654005525,-0.1315061746124642,0.0,0.0,1.0,0.001189257045893461,0.17513868993705675,0.07076903020235878,Low,0
-0.8541260834188912,-1.4912485832667572,-0.491223779888115,1.2546948752549694,-0.1522606586801998,-0.5007168164773008,1.6256128445172102,0.0,0.0,1.0,0.0015589483998380304,0.500661920288367,0.20120013715524962,Low,0
1.950474501263043,2.226627591124161,-0.0299050690052139,0.0703185787002168,0.8853442430124371,-0.6007376542464594,0.2081655968758727,0.0,1.0,0.0,0.0012038489692639488,0.3581217491085298,0.1439710090249703,Low,0
-0.6037153169294313,-0.9504665942644344,-0.1569348589584765,0.2309119748432336,1.5613595577515793,-0.2006543031697112,0.369566349565384,0.0,0.0,1.0,0.029746651782159184,0.3320512866513967,0.1506685057298542,Low,0
-1.254783309802033,-0.7476733483885967,0.3378127440173884,-0.9635014089704578,0.7438526655088956,1.3996791011373386,-1.1759254295154509,0.0,1.0,0.0,0.001189257045893461,0.24074164324493127,0.0970102115255086,Low,0
0.1975991358368233,0.9422703672436388,0.4915856476450221,-0.8330192746042561,0.17788635549473,0.9995957500605904,-0.9015471061815008,0.0,0.0,1.0,0.0012842961522475948,0.33367883259870096,0.13424211073082895,Low,0
0.3979277490284083,-0.2068913593862736,-0.0767055179353633,-0.4214986969877743,-1.4728487153799197,-1.10084184309248,-0.5533613686193039,0.0,1.0,0.0,0.001189257045893461,0.13763883699960547,0.05576908902737827,Low,0
1.0990778951988849,0.8070748699930677,-0.5313384503996716,0.1807265385485406,-0.655341823137236,-1.000821005323265,0.0646500854179042,0.0,1.0,0.0,0.0016426134167653636,0.07541317783844054,0.031150839185435437,Low,0
0.7485028221136465,0.4690861268666205,1.42759462624801,-1.1843173286671065,-0.7339482550836478,-0.8007793297848904,-1.0657168686704963,0.0,0.0,1.0,0.0013978828550958537,0.4119002053257517,0.1655988118433582,Low,0
0.9488314353052032,0.2662928809907446,-1.6344918894674787,2.288514862925643,-1.3470784242656606,-1.5009251941692283,2.046216564344211,0.0,1.0,0.0,0.9796256823975272,0.6249231310804171,0.8377446618706832,Critical,1
-0.2531402438441931,0.4690861268666205,-0.3909371036092235,0.0903927532180935,-0.0579329403445056,1.1996374255989646,0.0206021359385635,0.0,1.0,0.0,0.0013978828550958537,0.03242904019370847,0.013810345790540902,Low,0
-0.3533045504399714,-0.8828688456391679,-0.8188269223991608,0.4416908072809439,-0.4038012409087179,-0.6007376542465164,0.2482718953950925,1.0,0.0,0.0,0.0016256183398726926,0.5481058742701589,0.22021772071198717,Low,0
-0.0528116306526365,0.6042816241171917,-1.594377218955922,1.1141756536298293,1.0268358205159784,0.9995957500605904,0.593757602049607,0.0,1.0,0.0,0.005723597247977196,0.2818252075982798,0.11616424138809824,Low,0
-0.6537974702273347,-0.0716958621357025,-1.0595149454685004,1.4755107949516186,-1.0012101237014484,1.1996374255989646,1.48330939072948,0.0,1.0,0.0,0.006611437277929688,0.2703501750598175,0.11210693239068481,Low,0
1.7501458880714862,1.3478568589953903,1.541252859364087,-1.4252074228816325,-0.0422116539552232,-1.5009251941692283,-1.4349510223597328,0.0,1.0,0.0,0.0063591750985975744,0.44518163634870167,0.18188815959863922,Low,0
-0.2030580905462897,0.7394771213678013,-0.0633339610981777,-0.2809794753626336,0.3665417921661186,1.4996999389065542,-0.3364720245387028,0.0,1.0,0.0,0.0012842961522475948,0.11420753323977548,0.04645359098725875,Low,0
1.5998994281778045,1.6858456021218378,-0.083391296353956,-0.0099781193712922,0.6023610880053543,-0.700758492015675,0.0564120349112532,0.0,1.0,0.0,0.0012038489692639488,0.19609894883870743,0.07916188891704135,Low,0
1.4997351215820265,0.8070748699930677,1.801998217689205,-1.6359862553193427,-0.7339482550836478,-1.800987707476818,-1.708284808189252,0.0,1.0,0.0,0.004853608356625806,0.5289483128199968,0.2144914901419742,Low,0
1.149160048496788,1.1450636131195149,-0.4979095583067078,0.5420616798703298,0.3508205057768362,-0.6007376542465164,0.6017591534986505,1.0,0.0,0.0,0.001517713325791754,0.5627311802478121,0.22600310009459992,Low,0
0.347845595730505,0.3338906296160494,-1.159801621747392,1.2647319625139082,1.4355892666373202,-0.2006543031697112,1.1216432068836724,0.0,1.0,0.0,0.03488094390258591,0.20260200576118256,0.10196936864602457,Low,0
0.9488314353052032,0.6042816241171917,0.2843265166686463,-0.1103489919606781,1.592802130530144,-1.000821005323265,0.117655436704117,0.0,0.0,1.0,0.08097684571798101,0.3477260848529831,0.18767654137198186,Low,0
0.7985849754115499,0.4014883782413541,2.029314683921359,-1.65606042983722,0.6023610880053543,-1.000821005323265,-1.6650251889019352,0.0,1.0,0.0,0.0012296655063114168,0.3855207861891255,0.15494611377943704,Low,0
-0.3032223971420965,-0.4772823538874159,-0.6115677914227848,0.9736564320046892,-1.5514551473263314,-0.1006334654004957,1.1354488393714932,1.0,0.0,0.0,0.0016959057239025034,0.6159333954675456,0.2473909016213597,Low,0
-0.6537974702273347,0.1310973837401734,-0.8589415929107174,0.5922471161650227,-1.2213081331514015,1.4996999389065542,0.4292527992289999,0.0,1.0,0.0,0.001858512861917741,0.17611826520307414,0.07156241379838031,Low,0
0.2977634424326301,-0.27448910801154,-0.7185402461202692,0.9134339084510577,-0.5295715320229769,-1.000821005323265,0.972954278540548,0.0,1.0,0.0,0.0016959057239025034,0.10635507751298759,0.04355957443953654,Low,0
-0.5536331636315563,0.2662928809907446,0.0168953799249354,0.4416908072809439,-1.3156358514870958,1.4996999389065542,0.7951759661117369,0.0,0.0,1.0,0.0013929270811739174,0.37803100315817145,0.15204815751197295,Low,0
-0.4534688570357496,-1.1532598401403102,0.0168953799249354,0.2409490621021723,-0.9383249781443188,-0.8007793297848904,0.4930484200185416,0.0,1.0,0.0,0.001189257045893461,0.15844622571686393,0.06409204451428165,Low,0
1.199242201794663,0.1310973837401734,0.7456452275515474,-1.1742802414081677,-0.3094735225730236,-2.201071058553566,-1.3329805120214304,0.0,1.0,0.0,0.0046478549634723565,0.4074031885191159,0.1657499883857298,Low,0
1.199242201794663,0.6042816241171917,-1.213287849096134,0.6123212906829002,0.633803660783919,-1.5009251941692283,0.2161178776879147,0.0,1.0,0.0,0.9407840612737343,0.21072822969603974,0.6487617286426565,High,1
0.9989135886031064,0.2662928809907446,2.4371471674555183,-1.6861716916140357,0.8381803838445899,-1.600946031938444,-1.5797869868893415,0.0,1.0,0.0,0.0046478549634723565,0.5004684149811269,0.2029760789705342,Low,0
1.149160048496788,1.2802591103700858,-1.046143388631315,1.2446577879960308,0.7281313791196132,-0.4006959787081422,1.182679672001129,1.0,0.0,0.0,0.0063915038520516105,0.7035021950240931,0.2852357803208682,Medium,0
0.3979277490284083,0.1310973837401734,-0.0700197395167705,-0.2307940390679407,1.341261548301626,-0.6007376542465164,-0.2652463916893349,0.0,1.0,0.0,0.0016885169892672074,0.07883096981672495,0.03254549812025031,Low,0
2.0506388078588493,2.361823088374732,-0.6851113540273054,-0.0099781193712922,-0.3094735225730236,-0.6007376542465164,-0.2974496800335159,0.0,0.0,1.0,0.001539756158815032,0.5674308098406846,0.2278961776315629,Low,0
0.9989135886031064,0.2662928809907446,-1.159801621747392,1.8067346744965915,0.0049522052126239,-1.600946031938444,1.8437339545228488,0.0,1.0,0.0,0.9654410327835333,0.4221592154549602,0.7481283058521041,High,1
1.0990778951988849,1.1450636131195149,-0.7920838087247897,0.4517278945398827,1.5141956985837322,-0.5007168164773008,0.279686853547249,0.0,1.0,0.0,0.02051196525012954,0.20011107380823315,0.092351608673371,Low,0
-1.4050297696957144,-1.018064342889739,-0.083391296353956,0.4316537200220052,0.8696229566231547,1.29965826336818,0.7145889122320837,0.0,1.0,0.0,0.0012710036366055106,0.16341551148241712,0.06612880677493016,Low,0
0.2476812891347267,0.4014883782413541,0.0837531641108631,-0.3813503479520194,-1.2213081331514015,0.0994082101378783,-0.4078750316812758,0.0,1.0,0.0,0.0012296655063114168,0.08421904914948306,0.03442541896358007,Low,0
1.950474501263043,2.0914320938735895,-0.3842513251906307,0.2810974111379265,-0.1679819450694822,-0.8007793297848336,0.3004199375974789,0.0,0.0,1.0,0.0012038489692639488,0.516607478360939,0.20736530072593398,Low,0
1.950474501263043,2.0914320938735895,-0.2639073136559609,-0.2809794753626336,1.372704121080191,-0.8007793297848336,-0.4464440863260496,0.0,1.0,0.0,0.0019532848864287065,0.42423028567139415,0.1708640852004149,Low,0
-0.9042082367167944,-0.6800755997632919,-1.0662007238870932,1.5758816675410043,-1.3313571378763782,0.7995540745222163,1.6130192696996266,1.0,0.0,0.0,0.005300395803598249,0.7325402485174219,0.2961963368891277,Medium,0
1.149160048496788,0.8070748699930677,-0.1569348589584765,0.7729146868259177,-0.5924566775801064,-1.10084184309248,1.1714755291469905,0.0,0.0,1.0,0.001517713325791754,0.37941071882641875,0.15267491552604256,Low,0
-0.3533045504399714,-0.9504665942644344,1.42759462624801,-1.3649848993280012,-1.1741442739835544,-0.700758492015675,-1.3750576360207107,0.0,1.0,0.0,0.001189257045893461,0.33707872279985407,0.13554504334747772,Low,0
-0.0528116306526365,0.1986951323654782,0.030266936762121,0.391505370986251,0.7281313791196132,0.399470723445468,0.7282960034459014,1.0,0.0,0.0,0.0013033490265304283,0.5530339981210375,0.22199560866433324,Low,0
1.8002280413693894,1.483052356245962,-1.0662007238870932,1.4654737076926798,0.0678373507697534,-1.4009043564000696,1.464409174375705,1.0,0.0,0.0,0.23673829110895786,0.82942164722733,0.47381163355630673,Medium,1
0.6483385155178683,0.8070748699930677,-0.6182535698413777,0.2409490621021723,-1.5828977201048962,-0.1006334654005525,0.0961241683344624,0.0,0.0,1.0,0.0016426134167653636,0.31264880343344126,0.12604508942343573,Low,0
-0.503551010333653,0.1986951323654782,-1.5208336563514016,2.73014670231894,0.052116064380471,1.29965826336818,2.74068249758257,0.0,0.0,1.0,0.9875663246544966,0.7706194371333124,0.9007875696460229,Critical,1
0.347845595730505,-0.27448910801154,2.4672331703391857,-1.9571730476053777,-1.5514551473263314,-1.1008418430924232,-2.0233705318138413,1.0,0.0,0.0,0.001189257045893461,0.8864657714294812,0.35529986279932857,Medium,0
-0.6037153169294313,-0.5448801025127208,-0.5246526719810789,0.8632484721563648,-0.1522606586801998,0.3994707234454111,1.0417262336672404,0.0,0.0,1.0,0.0016959057239025034,0.2641732401514285,0.10668683949491291,Low,0
-0.4033867037378747,0.1986951323654782,0.5317003181565787,-0.6724258784612389,1.970113003872921,1.099616587829806,-0.6289622340344055,0.0,1.0,0.0,0.15124915469446404,0.28405691316089265,0.20437225808103548,Low,0
1.7000637347735827,1.8210410993724089,0.0235811583435282,-0.4516099587645898,-0.1522606586801998,-0.700758492015675,-0.5457933987758732,0.0,1.0,0.0,0.0012038489692639488,0.26617454957522785,0.10719212921164951,Low,0
-1.254783309802033,-0.7476733483885967,-0.4109944388650018,0.4015424582451898,1.215491257187367,1.3996791011373386,0.4572582293006531,0.0,1.0,0.0,0.001317464477868507,0.15025405610914272,0.06089210113037819,Low,0
1.5498172748799297,0.8746726186183724,2.4672331703391857,-2.037469745676886,0.9325081021802842,-1.800987707476818,-1.9208186279589208,1.0,0.0,0.0,0.004853608356625806,0.9819140532046219,0.3956777862958243,Medium,0
-0.1529759372484148,0.4014883782413541,0.2776407382500535,-0.2006827772911252,0.4923120832803776,0.8995749122914317,-0.0255940133140418,0.0,0.0,1.0,0.0012296655063114168,0.23567024847273296,0.09500589869288005,Low,0
1.199242201794663,1.2126613617448194,-0.5313384503996716,0.2008007130664181,0.0363947779911886,-0.6007376542464594,0.0932467631335749,0.0,1.0,0.0,0.0019032571854601765,0.09390902028135258,0.03870556242381713,Low,0
-0.6537974702273347,-0.27448910801154,1.801998217689205,-1.5255782954710182,-0.4666863864658474,0.8995749122914317,-1.5131730856633143,0.0,0.0,1.0,0.001189257045893461,0.5138281717563453,0.2062448229300742,Low,0
1.399570814986248,1.4154546076206955,-0.2906504273303319,-0.3412019989162652,-0.3723586681301531,-0.700758492015675,-0.5490255525631715,0.0,1.0,0.0,0.0012038489692639488,0.2005694621953248,0.0809500942596883,Low,0
-0.2030580905462897,0.6718793727424964,0.1439251698781981,-0.682462965720177,0.4923120832803776,1.3996791011373386,-0.8345784563690616,0.0,1.0,0.0,0.0012842961522475948,0.15153669549211438,0.06138525588819431,Low,0
-2.106179915866191,-2.3700193153955276,0.7389594491329546,-0.7828338383095628,-0.1050967995123527,0.6995332367530007,-0.7051149305839217,0.0,0.0,1.0,0.001189257045893461,0.6303938895962569,0.2528711100660388,Medium,0
-0.4534688570357496,0.063499635114907,0.2642691814128679,-0.9133159726757648,1.8600639991479444,0.9995957500605904,-1.1315227314496992,0.0,0.0,1.0,0.22709671304726534,0.48608819610704185,0.33069330627117594,Medium,0
-1.4050297696957144,-0.9504665942644344,0.3177554087616101,-0.5620179186129144,-0.4981289592444121,1.3996791011373957,-0.5629198721975944,0.0,1.0,0.0,0.001189257045893461,0.16714650543119064,0.06757215640001234,Low,0
0.4480099023262832,0.2662928809907446,-0.491223779888115,0.3814682837273123,-0.6081779639693888,-0.5007168164773008,0.3765135093825951,1.0,0.0,0.0,0.0013033490265304283,0.49057564420387656,0.19701226709746888,Low,0
0.7485028221136465,0.7394771213678013,-0.4109944388650018,0.953582257486812,-0.0107690811766584,-0.4006959787080853,1.2534224526078828,0.0,1.0,0.0,0.001517713325791754,0.13120897442237756,0.05339421776442608,Low,0
0.6984206688157432,0.7394771213678013,-0.4577948877951512,-0.2910165626215723,-1.0483739828692953,-0.3006751409388699,-0.5671571469797229,0.0,1.0,0.0,0.0012842961522475948,0.10217009019611645,0.041638613769795135,Low,0
0.4480099023262832,1.2802591103700858,-0.1168201884469199,-0.2006827772911252,-1.0955378420371424,0.9995957500605904,-0.2465235496287651,1.0,0.0,0.0,0.001488168225392962,0.6147821794523883,0.2468057727161911,Low,0
1.0990778951988849,1.0098681158689435,-0.7118544677016765,0.5219875053524531,-1.07981655564786,-0.700758492015675,0.4305338357910398,0.0,1.0,0.0,0.0019410271658534658,0.11221514660340137,0.046050674940872637,Low,0
0.3979277490284083,0.2662928809907446,-1.0862580591428714,0.6825809014954698,-1.362799710654943,-0.4006959787081422,0.3967933035724119,0.0,1.0,0.0,0.005285774501785646,0.11251063951688144,0.04817572050782396,Low,0
0.7485028221136465,0.3338906296160494,-0.4310517741207801,0.8130630358616718,1.2783764027444966,-1.000821005323265,1.0365429626546836,0.0,1.0,0.0,0.001995253378706619,0.1536498495374594,0.06265709184220773,Low,0
1.04899574190101,0.4690861268666205,-1.0327718317941297,0.6323954652007769,1.6085234169194265,-1.4009043564000696,0.3658907600450719,0.0,0.0,1.0,0.7441265759968009,0.44139164776886713,0.6230326047056274,High,1
-0.6037153169294313,-0.27448910801154,-1.4807189858398448,1.7465121509429598,1.215491257187367,0.7995540745222163,1.492000731096543,1.0,0.0,0.0,0.01730574966819952,0.7737676440369442,0.3198905074156974,Medium,0
0.097434829241045,1.0098681158689435,-0.98597138286398,0.2108378003253568,-0.7496695414729302,1.29965826336818,-0.174558857224375,0.0,1.0,0.0,0.0018232272179066194,0.18348390747066726,0.07448749931901089,Low,0
-0.6537974702273347,-0.27448910801154,-0.5246526719810789,0.2710603238789885,1.1368848252409551,0.8995749122914317,0.1975428475383495,0.0,0.0,1.0,0.0016850200569548618,0.23029672726846107,0.09312970294155735,Low,0
1.2994065083904698,0.2662928809907446,-0.3508224330976668,0.7729146868259177,1.2783764027444966,-2.201071058553623,1.0351633848186417,0.0,1.0,0.0,0.00608603953425981,0.3841361234662729,0.15730607310706507,Low,0
0.3979277490284083,0.4014883782413541,0.0971247209480487,-0.2508682135858182,0.7438526655088956,-0.2006543031697112,-0.2028204946084351,0.0,0.0,1.0,0.0012296655063114168,0.17625122652907388,0.0712382899154164,Low,0
-1.4551119229935894,-1.1532598401403102,1.5546244162012726,-1.435244510140571,0.4923120832803776,1.1996374255989646,-1.4472391192279073,0.0,1.0,0.0,0.001189257045893461,0.3888330024729997,0.15624675521673595,Low,0
-0.0027294773547332,0.9422703672436388,0.7389594491329546,-0.5519808313539757,0.7438526655088956,1.3996791011373386,-0.3331906001144029,1.0,0.0,0.0,0.0012842961522475948,0.6395395598024333,0.2565864016123219,Medium,0
0.347845595730505,-0.3420868566368448,0.611929659179692,-0.953464321711519,-1.4728487153799197,-1.2008626808616387,-1.0371201909548258,0.0,0.0,1.0,0.001189257045893461,0.4421018868356511,0.17755430896179653,Low,0
-1.304865463099936,-1.018064342889739,-0.1970495294700331,0.4918762435756369,-1.3785209970442254,1.099616587829806,0.7291237501475265,0.0,1.0,0.0,0.0012710036366055106,0.18731771087818783,0.07568968653323845,Low,0
0.097434829241045,0.6718793727424964,0.6453585512726558,-0.6322775294254841,0.6180823743946366,0.7995540745222163,-0.5090473577001552,0.0,1.0,0.0,0.0012842961522475948,0.0893127340332812,0.03649567130466104,Low,0
1.199242201794663,1.2802591103700858,-0.5246526719810789,0.3112086729147427,0.4608695105018128,-0.5007168164773008,0.2547756194792914,0.0,1.0,0.0,0.0019032571854601765,0.109239645916679,0.04483781267794771,Low,0
1.950474501263043,2.0914320938735895,-0.1101344100283271,0.110466927735971,0.2093289282732948,-0.8007793297848336,0.219714634189024,0.0,0.0,1.0,0.0012038489692639488,0.5055165699227849,0.20292893735067236,Low,0
-1.354947616397811,-1.085662091515044,-0.3909371036092235,0.1305411022538477,-0.6396205367479536,1.099616587829749,0.0786232380715299,0.0,1.0,0.0,0.001189257045893461,0.101474464243164,0.04130333992480168,Low,0
-0.5536331636315563,-0.0040981135103977,-0.404308660446409,0.5922471161650227,0.0206734916019062,1.099616587829806,0.7368198236471607,0.0,1.0,0.0,0.0014531681623181345,0.0413560037294925,0.017414302389187883,Low,0
1.149160048496788,0.8070748699930677,0.1038104993666414,5.896788764643877e-05,-0.5767353911908241,-1.10084184309248,0.1817368271882677,0.0,0.0,1.0,0.0012842961522475948,0.26697078784392125,0.10755889282891706,Low,0
-1.4050297696957144,-0.8828688456391679,-0.4511091093765584,0.993730606522566,0.6023610880053543,1.4996999389065542,1.281822047775547,0.0,1.0,0.0,0.0013259787942259103,0.24872246400704134,0.1002845728793521,Low,0
0.7485028221136465,0.4014883782413541,-0.3307650978418885,0.6825809014954698,-1.3785209970442254,-0.9008001675540492,0.9179189770098732,0.0,1.0,0.0,0.0014531681623181345,0.1466147326027157,0.05951779393847716,Low,0
-0.4033867037378747,0.1310973837401734,0.525014539737986,-0.682462965720177,0.759573951898178,0.9995957500605904,-0.6480989494457862,0.0,1.0,0.0,0.0012296655063114168,0.07762001419311611,0.03178580498103329,Low,0
-0.0027294773547332,-0.27448910801154,0.2709549598314607,-0.6925000529791157,-0.6710631095265183,-0.4006959787080853,-0.787899454873841,0.0,1.0,0.0,0.001189257045893461,0.05971698209482414,0.024600347065465735,Low,0
-0.5536331636315563,-0.0716958621357025,-0.5447100072368571,0.4115795455041285,0.0678373507697534,0.9995957500605904,0.3848205387810488,0.0,0.0,1.0,0.001775217017477237,0.19875310092117443,0.08056637057895613,Low,0
-0.4033867037378747,0.4014883782413541,0.9662759153651088,-0.6724258784612389,-1.2527507059299663,1.3996791011373957,-0.4156696464549139,0.0,1.0,0.0,0.0012296655063114168,0.22763971887713255,0.09179368685463989,Low,0
1.149160048496788,0.6042816241171917,-0.0098477337494356,-0.6623887912023002,-0.7182269686943654,-1.4009043564000696,-0.8796906516076349,0.0,1.0,0.0,0.0030943024881100335,0.2020282558473486,0.08266788383180547,Low,0
0.4480099023262832,0.6042816241171917,-2.022267037745859,2.649850004247433,0.0206734916019062,-0.000612627631337,2.122921092028146,0.0,1.0,0.0,0.02730542545521098,0.6387270558112418,0.2718740775976233,Medium,0
0.1475169825389484,1.1450636131195149,-1.046143388631315,0.7929888613437944,1.7971788535908149,1.3996791011373386,0.5733989748405866,0.0,0.0,1.0,0.29240976293700166,0.5175981497178935,0.38248511764935844,Medium,1
-1.304865463099936,-0.8828688456391679,0.0971247209480487,-0.3110907371394498,0.2722140738304243,1.29965826336818,-0.2941682556092152,0.0,1.0,0.0,0.001189257045893461,0.09132715126043091,0.03724441473170844,Low,0
0.097434829241045,0.2662928809907446,-2.1960972766292715,2.1781069030773192,-0.5295715320229769,0.199429047907037,1.396100363236826,0.0,0.0,1.0,0.010204981185308633,0.6771171961245432,0.27696986716100247,Medium,0
-0.9542903900146694,-0.8828688456391679,0.1706682835525691,-0.8430563618631944,0.5866398016160719,0.5995123989837853,-1.0668205309393295,0.0,1.0,0.0,0.001189257045893461,0.13180745799947635,0.053436537427326625,Low,0
0.2977634424326301,-0.4096846052621496,-0.5246526719810789,-0.0601635556659852,-0.4666863864658474,-1.2008626808616956,-0.2746275209744213,0.0,0.0,1.0,0.0015210988855598915,0.26822817381960956,0.10820392885917977,Low,0
-0.0528116306526365,-0.4096846052621496,2.1897733659675858,-1.7564313024266056,-1.3470784242656606,-0.5007168164773008,-1.7925375974618156,0.0,1.0,0.0,0.001189257045893461,0.47400931535433605,0.1903172803692705,Low,0
-0.9042082367167944,-0.6800755997632919,1.0933057053183717,-1.2043915031849837,-1.614340292883461,0.7995540745222163,-1.2380458486469412,0.0,0.0,1.0,0.001189257045893461,0.5036156607655646,0.20215981853376194,Low,0
1.2994065083904698,1.2802591103700858,0.4514709771334655,-0.4516099587645898,-0.6081779639693888,-0.7007584920157318,-0.3219076242410595,0.0,1.0,0.0,0.001488168225392962,0.1490388817030084,0.060508453616439146,Low,0
0.6984206688157432,0.4690861268666205,-0.0967628531911416,-0.3612761734341427,-0.3880799545194355,-0.700758492015675,-0.4743115586140974,1.0,0.0,0.0,0.0013978828550958537,0.5075014380744227,0.20383930494282662,Low,0
-0.9542903900146694,-1.558846331892062,1.5813675298756436,-1.3047623757743694,0.3036566466089891,-0.4006959787081422,-1.2107499157481103,0.0,1.0,0.0,0.001189257045893461,0.3230348832863775,0.1299275075420871,Low,0
-1.2047011565041297,-1.1532598401403102,0.8526176822490317,-0.5720550058718531,-0.7653908278622126,0.6995332367530007,-0.3080724293710391,0.0,1.0,0.0,0.001189257045893461,0.15441620261330039,0.062480035272856234,Low,0
-0.6037153169294313,-0.0716958621357025,0.2508976245756824,-0.6322775294254841,-1.4885700017692018,1.099616587829749,-0.7049769728003172,0.0,1.0,0.0,0.0013095503215329047,0.14099850051170754,0.05718513039760276,Low,0
0.1475169825389484,-0.3420868566368448,-0.6182535698413777,0.4015424582451898,-0.7653908278622126,-0.8007793297848904,0.3228479315605621,1.0,0.0,0.0,0.0015210988855598915,0.5261855588771535,0.21138688288219734,Low,0
0.2977634424326301,0.3338906296160494,0.2642691814128679,-0.1705715155143097,-1.4728487153799197,-0.1006334654005525,0.013329789917142,0.0,1.0,0.0,0.0012296655063114168,0.10356900790435587,0.042165402465529196,Low,0
0.347845595730505,0.5366838754919253,-1.567634105281551,1.826808849014469,1.5141956985837322,0.0994082101378783,1.5206368253218152,1.0,0.0,0.0,0.6569597251440257,0.8086497077259888,0.7176357181768109,High,0
-0.0027294773547332,0.8746726186183724,-0.8255127008177535,0.7327663377901628,1.5770808441408617,1.29965826336818,0.6459746231437953,0.0,1.0,0.0,0.10066434439687641,0.2291768960868274,0.15206936507285682,Low,0
-1.705522689483049,-1.6940418291426331,0.3444985224359811,-0.2107198645500639,1.4041466938587557,0.8995749122913749,-0.0037375587401767,0.0,1.0,0.0,0.0018972898650567922,0.34005351990225163,0.13715978187993472,Low,0
1.8503101946672644,1.7534433507471423,1.2069639384344484,-1.2445398522207378,0.9796719613481312,-1.1008418430924232,-1.258581850149165,1.0,0.0,0.0,0.0012038489692639488,0.8648756117380341,0.346672554076772,Medium,0
-0.2531402438441931,0.6042816241171917,0.3110696303430173,-0.541943744095037,0.8067378110660252,1.3996791011373386,-0.5352297742027516,0.0,0.0,1.0,0.0013978828550958537,0.2855512722102328,0.11505923859715064,Low,0
-1.0544546966104762,-0.6124778511379871,-0.0633339610981777,-0.3913874352109582,-1.4571274289906373,1.1996374255990214,-0.5013414300731209,0.0,1.0,0.0,0.001189257045893461,0.15510451205857584,0.06275535905096641,Low,0
-0.7539617768231129,-0.4096846052621496,-0.0900770747725488,0.0201331424055238,-0.985488837312166,0.8995749122913749,0.0973263718772994,0.0,1.0,0.0,0.001189257045893461,0.06369517253097366,0.026191623239925542,Low,0
-1.6053583828872708,-1.558846331892062,0.2308402893199041,0.0100960551465851,-0.2937522361837412,0.8995749122913749,0.2720499048120165,0.0,1.0,0.0,0.001189257045893461,0.2356993620335678,0.09499329904096321,Low,0
-0.5536331636315563,-1.1532598401403102,2.1697160307118075,-1.625949168060404,-1.1741442739835544,-0.6007376542464594,-1.5615568511987865,0.0,1.0,0.0,0.001189257045893461,0.4515630024334534,0.18133875520091744,Low,0
-1.254783309802033,-0.4096846052621496,1.8220555529449831,-1.535615382729957,-0.1522606586801998,1.8997832899833025,-1.5236086065802317,0.0,1.0,0.0,0.001189257045893461,0.5245841966473384,0.21054723288647142,Low,0
0.097434829241045,-0.4096846052621496,-0.0299050690052139,-0.4716841332824673,-0.9697675509228836,-0.8007793297848904,-0.6038539174184411,0.0,1.0,0.0,0.001189257045893461,0.08996274698235078,0.03669865302047639,Low,0
0.2977634424326301,-0.2068913593862736,-0.404308660446409,0.3814682837273123,-1.40996356982279,-0.900800167554106,0.4326229107999027,1.0,0.0,0.0,0.001189257045893461,0.5646640459024873,0.22657917258853102,Low,0
-0.5536331636315563,-0.4772823538874159,-1.0394576102127222,0.2710603238789885,-0.781112114251495,0.399470723445468,-0.1264510072561109,1.0,0.0,0.0,0.004047048379442012,0.5199907524103431,0.21042452999180244,Low,0
0.5982563622199649,0.2662928809907446,-0.1034486316097343,-0.160534428255371,-0.8911611189764717,-0.8007793297848904,-0.17931840075872,0.0,1.0,0.0,0.0012296655063114168,0.04178883764071608,0.017453334360073285,Low,0
1.149160048496788,0.9422703672436388,0.2709549598314607,-0.7326484020148699,-1.4256848562120723,-0.900800167554106,-0.8498227914573254,0.0,0.0,1.0,0.0012842961522475948,0.386978230438827,0.15556186986687937,Low,0
-0.2531402438441931,-0.7476733483885967,-0.55139578565545,0.2911344983968652,-0.5295715320229769,-0.6007376542465164,0.2092495508899047,0.0,0.0,1.0,0.0015210988855598915,0.22969607183723645,0.09279108806623053,Low,0
1.3494886616883446,1.483052356245962,0.2776407382500535,-0.5620179186129144,1.8915065719265092,-0.5007168164773008,-0.5832587911518139,0.0,1.0,0.0,0.20788747163752874,0.3406062691210138,0.2609749906309228,Medium,0
-0.2531402438441931,-0.5448801025127208,2.283374263827884,-1.746394215167667,0.8539016702338723,-0.3006751409389267,-1.7430501696575096,1.0,0.0,0.0,0.001189257045893461,0.8148918948649702,0.32667031217352416,Medium,0
-0.3032223971420965,-0.7476733483885967,-0.6048820130041921,0.250986149361111,-0.325194808962306,-0.5007168164773008,0.1186704118263489,0.0,1.0,0.0,0.0015210988855598915,0.031000286757988577,0.013312774034531365,Low,0
-0.7038796235252095,-0.2068913593862736,2.4672331703391857,-1.79657965146236,-1.5828977201048962,1.099616587829749,-1.719863407884605,0.0,1.0,0.0,0.001189257045893461,0.5394312485442816,0.21648605364524873,Low,0
1.950474501263043,1.95623659662298,-0.6717397971901198,1.3550657478443553,1.2783764027444966,-1.000821005323265,1.6268446104422476,0.0,0.0,1.0,0.003244189146747256,0.6999362134819843,0.2819209988808421,Medium,0
0.3979277490284083,0.4690861268666205,-1.2801456332820618,1.917142634344916,1.4984744121944498,-0.1006334654005525,1.8859983069427355,0.0,1.0,0.0,0.9641173983048933,0.3970438818548295,0.7372879917248677,High,1
0.1975991358368233,0.9422703672436388,0.1439251698781981,-1.124094805113475,0.4294269377232481,0.9995957500605904,-1.5074971082807411,0.0,1.0,0.0,0.0012842961522475948,0.2732334932923838,0.11006397500830208,Low,0
-0.6537974702273347,-0.0716958621357025,-0.317393541004703,-0.7226113147559319,0.5394759424482247,1.1996374255989646,-1.1187714905937116,0.0,1.0,0.0,0.0013095503215329047,0.13819045945698316,0.05606191397571301,Low,0
0.2476812891347267,1.0098681158689435,-0.2104210863072187,-0.2408311263268794,-0.5452928184122593,0.9995957500605904,-0.3580328552905587,0.0,1.0,0.0,0.0012842961522475948,0.12641964551696552,0.05133843589813477,Low,0
-1.1546190032062544,-0.7476733483885967,-0.0967628531911416,-0.6322775294254841,-0.2465883770158941,1.1996374255989646,-0.8776607013631728,0.0,1.0,0.0,0.001189257045893461,0.11471719104630163,0.046600430646056734,Low,0
-1.4050297696957144,-1.220857588765615,-0.838884257654939,0.250986149361111,1.5141956985837322,0.9995957500605904,-0.0279097332531121,0.0,0.0,1.0,0.014745965979924822,0.42763947796919527,0.179903370775633,Low,0
0.7985849754115499,0.3338906296160494,1.86217022345654,-1.4553186846584485,-1.0640952692585777,-1.10084184309248,-1.366395858035847,0.0,1.0,0.0,0.0012296655063114168,0.33071207770333755,0.13302263038512185,Low,0
-0.3533045504399714,0.5366838754919253,-0.9324851555152378,0.6926179887544086,-1.362799710654943,1.4996999389065542,0.5165702221230578,0.0,1.0,0.0,0.002241135238600513,0.21269698791322605,0.08642347630845074,Low,0
0.6483385155178683,0.2662928809907446,-0.4778522230509295,0.4718020690577602,-0.2465883770158941,-0.900800167554106,0.5145402718785965,0.0,1.0,0.0,0.0013929270811739174,0.032611027556292485,0.013880167271221345,Low,0
1.3494886616883446,1.618247853496533,-0.7185402461202692,1.1944723517013378,-0.7496695414729302,-0.3006751409389267,1.3655821306780964,0.0,1.0,0.0,0.001965116756775892,0.31148785225788395,0.12577421095721913,Low,0
0.8486671287094248,0.5366838754919253,-0.2505357568187753,0.762877599566979,0.5866398016160719,-0.9008001675540492,1.0909574541591387,0.0,1.0,0.0,0.0016519099428965647,0.12694763037426351,0.051770198115443346,Low,0
0.4480099023262832,-0.2068913593862736,-0.665054018771527,0.1405781895127864,1.4355892666373202,-1.2008626808616387,-0.0741354448879187,0.0,1.0,0.0,0.0024262162491381326,0.15831951010635714,0.06478353379202574,Low,0
-0.4534688570357496,0.4014883782413541,2.4672331703391857,-1.6159120808014658,0.7910165246767428,1.4996999389065542,-1.3878384392589005,0.0,1.0,0.0,0.0012296655063114168,0.4532555828686417,0.18204003245124353,Low,0
0.347845595730505,-0.3420868566368448,0.9127896880163666,-0.953464321711519,-1.237029419540684,-1.2008626808616387,-0.9018722923857104,1.0,0.0,0.0,0.001189257045893461,0.6440314633270832,0.2583261395583693,Medium,0
-0.9542903900146694,-1.356053086016186,0.8125030117374751,-1.1542060668902907,-0.702505682305083,-0.1006334654005525,-1.2725352945479904,0.0,1.0,0.0,0.001189257045893461,0.25727730735053006,0.10362447716774811,Low,0
1.149160048496788,1.1450636131195149,0.0636958288550848,-1.1140577178545366,0.6495249471732014,-0.6007376542465164,-1.5263776163797158,0.0,0.0,1.0,0.0012842961522475948,0.47371922576927467,0.19025826799905843,Low,0
0.1975991358368233,-0.1392936107609688,-0.0900770747725488,0.0301702296644619,0.6495249471732014,-0.6007376542464594,0.112275083143554,0.0,0.0,1.0,0.0013095503215329047,0.16921008006237565,0.06846976221787,Low,0
0.7485028221136465,0.2662928809907446,-0.2973362057489247,-0.0400893811481077,0.5709185152267895,-1.10084184309248,-0.1133351636863123,0.0,0.0,1.0,0.0012296655063114168,0.21353925556666573,0.08615350153045315,Low,0
0.9989135886031064,0.5366838754919253,-0.5580815640740427,0.2710603238789885,1.9072278583157916,-1.2008626808616387,0.1765042855387085,0.0,1.0,0.0,0.3256893125077627,0.2747341344895746,0.3053072413004875,Medium,0
-1.0043725433125728,-1.1532598401403102,-0.838884257654939,1.6260671038356973,1.7342937080336855,0.2994498856762525,1.8688619793936136,0.0,1.0,0.0,0.8592671533106444,0.44503379899676376,0.6935738115850921,High,1
0.4480099023262832,0.5366838754919253,-0.0900770747725488,0.4316537200220052,-1.6300615792727433,-0.1006334654004957,0.7102235337937509,0.0,1.0,0.0,0.001583443086644866,0.16262461446761972,0.06599991163903482,Low,0
-1.104536849908351,-0.6800755997632919,-0.6449966835157487,0.3312828474326194,-0.1837032314587646,1.1996374255989646,0.2065889364918236,0.0,0.0,1.0,0.0015210988855598915,0.2471131141405683,0.09975790498756326,Low,0
0.1475169825389484,1.2126613617448194,0.1104962777852342,-0.030052293889169,0.2093289282732948,1.4996999389065542,0.1399454728835966,0.0,1.0,0.0,0.001488168225392962,0.17592107338176985,0.07126133028794372,Low,0
-1.555276229589396,-1.6264440805173284,-0.1101344100283271,-0.4315357842467123,-0.1208180859016351,0.6995332367530576,-0.5859194055498941,0.0,1.0,0.0,0.001189257045893461,0.21236987515137773,0.08566150428808718,Low,0
0.3979277490284083,0.8746726186183724,1.6816542061545352,-1.3147994630333082,0.1307224963268829,0.4994915612146266,-1.18840075480423,0.0,1.0,0.0,0.0012842961522475948,0.2834935611113018,0.11416800213586928,Low,0
-1.5051940762914926,-1.2884553373908814,-1.1731731785845776,0.3714311964683743,1.7185724216444032,1.099616587829806,-0.077081828980608,0.0,1.0,0.0,0.35083487858176143,0.3501521630181762,0.35056179235632734,Medium,0
1.2994065083904698,1.0774658644942483,-1.4673474290026594,1.3249544860675395,-1.6929467248298729,-1.000821005323265,0.9607253064367746,0.0,1.0,0.0,0.005713213236999922,0.469314476442348,0.19115371851913918,Low,0
0.3979277490284083,1.1450636131195149,-0.4176802172835945,-0.1304231664785548,-1.07981655564786,0.8995749122913749,-0.3137681150084115,1.0,0.0,0.0,0.0012842961522475948,0.5961124762590765,0.23921556819497916,Low,0
1.7000637347735827,0.9422703672436388,0.5049572044822077,-1.0437981070419662,0.2250502146625771,-2.001029383015192,-1.2276398901122236,0.0,0.0,1.0,0.004853608356625806,0.6064162802623125,0.2454786771189005,Low,0
1.2493243550925663,1.3478568589953903,-0.5714531209112282,1.4855478822105566,-1.6929467248298729,-0.5007168164773008,1.891033766044288,0.0,0.0,1.0,0.002643612390087251,0.7079938694096847,0.2847837151979263,Medium,0
-0.2531402438441931,0.5366838754919253,1.4944524104339376,-0.8731676236400102,0.0992799235483181,1.29965826336818,-0.5021199061377436,0.0,0.0,1.0,0.0013978828550958537,0.4178815458157955,0.16799134803937574,Low,0
-0.9542903900146694,-0.9504665942644344,-0.6115677914227848,0.4918762435756369,1.5299169849730143,0.4994915612146266,0.4548045515779783,0.0,1.0,0.0,0.024941979576605607,0.14476750480328476,0.07287218966727727,Low,0
0.4980920556241866,0.4690861268666205,-0.0900770747725488,0.0201331424055238,0.9953932477374136,-0.3006751409389267,0.0973263718772994,0.0,0.0,1.0,0.0013978828550958537,0.18722979394040098,0.07573064728921791,Low,0
-0.7539617768231129,-0.2068913593862736,0.551757653412357,-0.3311649116573265,-1.6929467248298729,1.1996374255989646,-0.0786979058742576,0.0,1.0,0.0,0.001189257045893461,0.22648441955481036,0.09130732204946022,Low,0
0.0473526759431701,1.0098681158689435,-0.98597138286398,0.9134339084510577,-1.1741442739835544,1.3996791011373386,0.7794192163986575,1.0,0.0,0.0,0.0021543822887291272,0.6741883452048621,0.27096796745518237,Medium,0
-0.9042082367167944,-1.220857588765615,-0.8255127008177535,0.712692163272286,0.7124100927303308,-0.000612627631337,0.6182451086393519,0.0,1.0,0.0,0.0016959057239025034,0.11637908564316243,0.04756917769160648,Low,0
-1.354947616397811,-0.6800755997632919,0.117182056203827,-0.2609053008447569,0.9953932477374136,1.6997416144449282,-0.2069887904987626,0.0,1.0,0.0,0.001189257045893461,0.20387063884207388,0.08226180976436563,Low,0
0.1475169825389484,1.0774658644942483,-1.1464300649102064,1.4152882713979869,-0.4195225272980002,1.29965826336818,1.3328861359639026,0.0,0.0,1.0,0.005801034623914903,0.4644593093190977,0.189264344501988,Low,0
-2.056097762568316,-2.437617064020832,0.2976980735058318,-1.1542060668902907,-0.5295715320229769,0.4994915612146266,-1.4887841203475716,0.0,1.0,0.0,0.001189257045893461,0.5785447465060247,0.232131452829946,Low,0
-0.503551010333653,0.1310973837401734,-0.7920838087247897,0.4115795455041285,2.174489726933592,1.1996374255989646,0.2240307419903552,0.0,1.0,0.0,0.09467825439316854,0.2814022572045744,0.1693678555177309,Low,0
-0.3032223971420965,-0.4772823538874159,-0.3040219841675174,0.712692163272286,1.592802130530144,-0.1006334654004957,0.98026604107157,0.0,0.0,1.0,0.03417638233932115,0.3516030777440051,0.16114706050119473,Low,0
1.2493243550925663,1.3478568589953903,0.291012295087239,-0.6222404421665461,-0.702505682305083,-0.5007168164773008,-0.6695415306688396,0.0,1.0,0.0,0.001488168225392962,0.15654310792900322,0.06351014410683707,Low,0
0.6483385155178683,0.4690861268666205,0.4247278634590944,-0.5921291803897298,1.011114534126696,-0.6007376542465164,-0.5558051922145777,0.0,1.0,0.0,0.0013978828550958537,0.0664335751448782,0.027412159771008793,Low,0
1.8002280413693894,1.7534433507471423,1.1267345974113352,-1.2144285904439225,0.8224590974553075,-1.000821005323265,-1.2409922327396306,0.0,1.0,0.0,0.0012038489692639488,0.4015034633705805,0.16132369472979058,Low,0
0.097434829241045,-0.4096846052621496,-0.0232192905866211,-0.3010536498805111,1.3569828346909083,-0.8007793297848904,-0.3445721172617494,0.0,1.0,0.0,0.0018972898650567922,0.11328358877740378,0.04645180942999559,Low,0
-0.3032223971420965,-0.5448801025127208,-0.404308660446409,0.4416908072809439,0.4294269377232481,-0.2006543031697112,0.5195363144705483,0.0,0.0,1.0,0.0012710036366055106,0.1895376594829377,0.07657766597513839,Low,0
-1.0544546966104762,-1.4912485832667572,-1.5208336563514016,1.9372168088627928,-0.5138502456336945,-0.1006334654004957,1.702021748379135,0.0,0.0,1.0,0.00696814054343553,0.6614151847128291,0.268746958211193,Medium,0
-0.3032223971420965,-0.4096846052621496,-1.367060752723768,0.7528405123080402,-1.1427017012049896,-0.000612627631337,0.2945665859217017,0.0,0.0,1.0,0.004298764052378189,0.35945047897081955,0.14635945001975476,Low,0
0.3979277490284083,1.1450636131195149,-0.6984829108644909,0.5520987671292685,-1.441406142601355,0.8995749122913749,0.4815979239793934,0.0,1.0,0.0,0.0019410271658534658,0.19866608672804392,0.08063105099072965,Low,0
-0.2531402438441931,0.5366838754919253,2.290060042246477,-1.7765054769444828,1.6242447033087088,1.29965826336818,-1.7961934787273277,0.0,1.0,0.0,0.07146199500642804,0.5728737508593785,0.27202669734760826,Medium,0
1.0990778951988849,0.7394771213678013,0.6654158865284341,-0.541943744095037,-0.2151458042373293,-1.1008418430924232,-0.3545247859360523,0.0,1.0,0.0,0.0012842961522475948,0.09369065883764421,0.038246841226406245,Low,0
-1.304865463099936,-0.8828688456391679,-1.3871180879795462,1.1141756536298293,0.3508205057768362,1.29965826336818,0.7498568341977582,1.0,0.0,0.0,0.004298764052378189,0.6524298074481192,0.26355118141067463,Medium,0
-1.104536849908351,-0.7476733483885967,-0.0031619553308428,-0.2408311263268794,-0.0264903675659408,1.099616587829749,-0.2431731463126634,0.0,1.0,0.0,0.001189257045893461,0.050887201755573076,0.021068434929765307,Low,0
-0.0027294773547332,-0.4772823538874159,-0.9057420418408668,1.6561783656125126,0.2250502146625771,-0.700758492015675,1.854721306574182,0.0,1.0,0.0,0.0021150851807441675,0.2819931313524323,0.11406630364941943,Low,0
0.1975991358368233,0.063499635114907,-0.1836779726328476,0.2208748875842955,1.388425407469473,-0.3006751409388699,0.3380824125214266,0.0,1.0,0.0,0.0019617085459104648,0.07362694693103929,0.030627803899961992,Low,0
1.7501458880714862,1.95623659662298,-1.7080354520719991,2.4491082590686615,0.0835586371590358,-0.6007376542465164,2.1791684512290574,0.0,1.0,0.0,0.02612522544254454,0.7735221744932147,0.3250840050628126,Medium,0
-0.1028937839505114,0.7394771213678013,0.3846131929475378,-0.2006827772911252,1.1840486844088025,1.29965826336818,0.0343190812797814,0.0,1.0,0.0,0.0014227346470032664,0.14944606817970651,0.06063206806008457,Low,0
0.5982563622199649,1.0774658644942483,-0.7185402461202692,0.8030259486027331,1.4355892666373202,0.399470723445468,0.8187076223436532,0.0,0.0,1.0,0.0031479345792038782,0.39210674867598283,0.15873146021791548,Low,0
-0.9042082367167944,-1.423650834641491,0.0904389425294559,-0.8631305363810718,1.3255402619123435,-0.3006751409389267,-1.134616927453393,0.0,1.0,0.0,0.00163305470701063,0.24637966268763856,0.0995316978992618,Low,0
-0.8040439301210163,-0.27448910801154,1.2002781600158556,-1.2746511139975536,0.8696229566231547,1.1996374255990214,-1.311853262875187,0.0,1.0,0.0,0.001189257045893461,0.2523247219408157,0.10164344300386235,Low,1
-0.9042082367167944,-1.4912485832667572,-1.1731731785845776,1.9472538961217316,0.1150012099376005,-0.4006959787080853,2.01923596352219,0.0,1.0,0.0,0.008074804842843017,0.40927552037009646,0.16855509105374442,Low,0
-1.254783309802033,-0.7476733483885967,1.106677262155557,-0.9133159726757648,0.3979843649446833,1.3996791011373386,-0.747862135246424,0.0,1.0,0.0,0.001189257045893461,0.2177239136726634,0.08780311969660144,Low,0
0.7485028221136465,0.4014883782413541,-0.5580815640740427,0.1907636258074793,0.50803336966966,-0.9008001675540492,0.0624329067528369,0.0,0.0,1.0,0.0015727648812867592,0.19078931014669923,0.07725938298745176,Low,0
0.1475169825389484,1.2126613617448194,2.4672331703391857,-2.157914792784149,1.5141956985837322,1.4996999389065542,-2.008983505809403,1.0,0.0,0.0,0.019039366151638686,0.9932594954693879,0.4087274178787384,Medium,0
-1.0043725433125728,-1.6940418291426331,-0.9592282691896088,0.5520987671292685,0.916786815791002,-0.5007168164773008,0.3067364332610719,0.0,0.0,1.0,0.001799156127238872,0.39257640376192177,0.15811005518111204,Low,0
-1.555276229589396,-1.4912485832667572,-0.9257993770966452,0.391505370986251,-1.6929467248298729,0.8995749122914317,0.1096834476372747,0.0,0.0,1.0,0.0016137238744471315,0.5427906877500716,0.2180845094246969,Low,0
0.8987492820073282,0.4690861268666205,-0.0499624042609922,0.3312828474326194,-0.7496695414729302,-1.10084184309248,0.5863374441171809,0.0,1.0,0.0,0.001481631274390766,0.09352137909515855,0.03829753040269788,Low,0
-0.9042082367167944,-0.6124778511379871,0.057010050436492,-0.351239086175204,0.4137056513339657,0.8995749122914317,-0.3766473019497253,0.0,1.0,0.0,0.001189257045893461,0.03192278510273571,0.013482668268630362,Low,0
-0.8040439301210163,-0.2068913593862736,-0.7452833597946403,0.1305411022538477,0.8067378110660252,1.29965826336818,-0.1370737565936349,0.0,1.0,0.0,0.0015210988855598915,0.08651689860993964,0.03551941877531179,Low,0
1.950474501263043,2.159029842498856,0.9997048074580728,-1.0939835433366591,1.467031839415885,-0.700758492015675,-1.094569753698574,1.0,0.0,0.0,0.004729700762837105,0.8986180507076559,0.3622850407407646,Medium,0
1.7501458880714862,1.483052356245962,-0.1301917452841054,-0.2910165626215723,-1.268471992319249,-1.3008835186308545,-0.3880189649696716,0.0,1.0,0.0,0.0012038489692639488,0.31171859110298655,0.125409745822753,Low,0
-1.1546190032062544,-1.220857588765615,-0.2037353078886259,-0.0099781193712922,0.7910165246767428,0.4994915612146266,-0.0143603080776999,0.0,1.0,0.0,0.001189257045893461,0.08903809696763679,0.03632879301459079,Low,0
-1.354947616397811,-1.1532598401403102,-0.3976228820278162,-0.1806086027732477,-1.1112591284264248,0.9995957500605904,-0.3748045801258691,0.0,1.0,0.0,0.001189257045893461,0.16206770335058232,0.06554063556776901,Low,0
0.54817420892209,-0.1392936107609688,-0.0767055179353633,-0.0400893811481077,0.9325081021802842,-1.3008835186308545,0.0154385731808069,0.0,1.0,0.0,0.0013095503215329047,0.10297950806559537,0.04197753341915789,Low,0
2.1007209611567244,2.226627591124161,0.9194754664349594,-0.4315357842467123,1.1368848252409551,-0.9008001675540492,-0.0441591893362059,0.0,1.0,0.0,0.0013336273779407145,0.4794239404994205,0.19256975262653261,Low,0
-2.206344222461969,-2.5728125612714035,0.6787874433656197,-0.7828338383095628,-0.4981289592444121,0.5995123989837853,-0.733672191789991,1.0,0.0,0.0,0.001189257045893461,0.8414934551389124,0.33731093628310105,Medium,0
-1.254783309802033,-1.085662091515044,1.2871932794575618,-1.2746511139975536,-0.6396205367479536,0.8995749122913749,-1.276880964731523,0.0,1.0,0.0,0.001189257045893461,0.30491403723972,0.12267916912342408,Low,0
0.54817420892209,0.8746726186183724,0.6654158865284341,-1.0538351943009048,-0.8911611189764717,0.199429047907037,-1.1736983967229826,0.0,1.0,0.0,0.0012842961522475948,0.1839978885976023,0.07436973313038948,Low,0
-0.1028937839505114,-0.6800755997632919,0.5584434318309498,-0.9233530599347032,-0.1208180859016351,-0.8007793297848904,-1.013450576939305,0.0,1.0,0.0,0.001189257045893461,0.16504657813368095,0.06673218548100847,Low,0
0.097434829241045,0.2662928809907446,1.855484445037947,-1.4252074228816325,-1.1427017012049896,0.199429047907037,-1.3154598735036969,0.0,1.0,0.0,0.0012296655063114168,0.32991864738567706,0.13270525825805768,Low,0
-0.4534688570357496,-1.220857588765615,-1.4138612016539172,2.0375876814521785,-1.1269804148157072,-0.900800167554106,1.925493649563136,0.0,1.0,0.0,0.009518258523354401,0.49838017560296116,0.20506302535519713,Low,0
-0.1028937839505114,-0.1392936107609688,0.0770673856922704,-0.0601635556659852,0.7438526655088956,-0.000612627631337,0.0747998366402132,0.0,1.0,0.0,0.0013095503215329047,0.02954797297545508,0.012604919383101775,Low,0
0.097434829241045,-0.27448910801154,-0.0165335121680283,-0.491758307800344,-1.0012101237014484,-0.6007376542464594,-0.6270111168091446,0.0,0.0,1.0,0.001189257045893461,0.2466443411144265,0.09937129067330669,Low,0
0.9989135886031064,-0.2068913593862736,0.1372393914596053,-0.5218695695771602,1.5613595577515793,-2.3010918963227818,-0.5933100011001198,0.0,1.0,0.0,0.03232918783577969,0.4333469669207651,0.19273629946977386,Low,0
1.8002280413693894,2.023834345248285,0.4180420850405016,-0.8430563618631944,-0.8754398325871893,-0.6007376542465164,-0.9516060733750236,0.0,1.0,0.0,0.0012038489692639488,0.3811516583247084,0.15318297271144174,Low,0
1.7501458880714862,1.5506501048712666,0.6253012160168775,-0.5218695695771602,0.2093289282732948,-1.2008626808616387,-0.3429757486229009,0.0,0.0,1.0,0.0012038489692639488,0.4523324738481786,0.18165529892082982,Low,0
0.1475169825389484,-0.0716958621357025,-0.083391296353956,-0.3612761734341427,-1.6929467248298729,-0.4006959787081422,-0.4671377538666798,0.0,1.0,0.0,0.0013095503215329047,0.14506709593759357,0.05881256856795717,Low,0
0.1975991358368233,1.2126613617448194,-1.0929438375614644,1.726437976425083,-1.535733860937049,1.3996791011373957,1.793123156194909,0.0,1.0,0.0,0.011094421298396216,0.5206434977566362,0.21491405188169224,Low,0
-0.6537974702273347,-1.018064342889739,-0.578138899329821,1.4253253586569257,-0.7182269686943654,-0.2006543031697112,1.8002575444327251,0.0,1.0,0.0,0.001993740377999824,0.2651629722833667,0.10726143314014659,Low,0
1.149160048496788,1.0774658644942483,1.6950257629917207,-1.3649848993280012,-0.450965100076565,-0.700758492015675,-1.2709980506735437,0.0,1.0,0.0,0.0012842961522475948,0.3084797801877317,0.12416248976644124,Low,0
-2.2564263757598724,-2.64041030989667,-0.2839646489117391,0.0703185787002168,-1.2055868467621191,0.5995123989838421,0.0557616625028348,0.0,1.0,0.0,0.001189257045893461,0.5452710260182142,0.21882196463482176,Low,0
1.4997351215820265,0.8070748699930677,0.4113563066219088,-0.1103489919606781,1.2626551163552142,-1.800987707476818,0.1904872923197335,0.0,0.0,1.0,0.0052151146207543376,0.5151538138667242,0.2091905943191423,Low,0
-0.1028937839505114,-0.5448801025127208,-0.2639073136559609,0.7528405123080402,1.7028511352551208,-0.6007376542465164,1.0668838209202065,0.0,1.0,0.0,0.09273809731876435,0.23048127430906398,0.1478353681148842,Low,0
0.1475169825389484,0.7394771213678013,-0.3374508762604813,0.662506726977593,1.215491257187367,0.7995540745222163,0.8841390282816448,0.0,1.0,0.0,0.00168127026678669,0.14868748973134463,0.060483758052609866,Low,0
0.6984206688157432,0.5366838754919253,-0.9458567123524234,1.2747690497728468,0.2722140738304243,-0.6007376542464594,1.301195262244537,0.0,1.0,0.0,0.002434700965262824,0.15051225588416958,0.06166572293282553,Low,0
0.3979277490284083,-0.4096846052621496,-0.2772788704931464,-0.160534428255371,0.0206734916019062,-1.4009043564000696,-0.2777020087233141,0.0,1.0,0.0,0.002633163607653469,0.11101284065223194,0.04598503442548486,Low,0
-1.0043725433125728,-1.2884553373908814,-1.2801456332820618,1.1643610899245225,1.4041466938587557,0.0994082101378783,0.8963975627676187,0.0,0.0,1.0,0.017310206638301184,0.43835002133560974,0.18572613251722464,Low,0
0.8486671287094248,0.6718793727424964,-0.3775655467720379,0.2610232366200498,0.8853442430124371,-0.700758492015675,0.2755875365487242,0.0,1.0,0.0,0.0012842961522475948,0.05281954852473917,0.021898397101244225,Low,0
-0.6037153169294313,-0.0040981135103977,-0.0031619553308428,-0.1705715155143097,-0.8597185461979069,1.1996374255989646,-0.1376354418554521,1.0,0.0,0.0,0.0012296655063114168,0.5132979046026694,0.20605696114485464,Low,0
1.149160048496788,1.1450636131195149,-1.6679207815604424,0.8833226466742415,-1.6929467248298729,-0.6007376542465164,0.2480353963374849,0.0,1.0,0.0,0.004408828251526074,0.46781096297044744,0.18976968213909462,Low,0
0.4480099023262832,1.8210410993724089,-0.7653406950504186,0.3814682837273123,0.0678373507697534,1.7997624522141438,0.1995530895280096,0.0,1.0,0.0,0.001539756158815032,0.3315755779737119,0.1335540848847738,Low,0
0.4480099023262832,0.6718793727424964,2.1563444738746216,-1.646023342578281,0.2250502146625771,0.0994082101378783,-1.60276681198684,1.0,0.0,0.0,0.0012842961522475948,0.7785167289880058,0.31217726928655093,Medium,0
-0.0027294773547332,0.063499635114907,1.5479386377826798,-1.2043915031849837,1.4827531258051674,0.0994082101378783,-1.0504232629452313,0.0,1.0,0.0,0.00416367688861443,0.25192161909518473,0.10326685377124256,Low,0
-1.254783309802033,-1.085662091515044,-0.6516824619343415,1.0037676937815048,1.7342937080336855,0.8995749122913749,1.1484267251576874,0.0,1.0,0.0,0.2008132290547127,0.30381081443947316,0.24201226320861688,Low,0
0.4480099023262832,0.6718793727424964,2.4672331703391857,-1.9872843093821932,0.4765907968910952,0.0994082101378783,-1.9250164862314476,0.0,1.0,0.0,0.0012842961522475948,0.4758367210067798,0.1911052660940605,Low,0
0.347845595730505,-0.3420868566368448,1.3540510636434897,-1.3348736375511852,0.0049522052126239,-1.2008626808616387,-1.3524424136370223,0.0,0.0,1.0,0.001189257045893461,0.4811018936913772,0.19315431170408695,Low,0
-0.4033867037378747,-0.7476733483885967,-0.5580815640740427,-0.0400893811481077,-1.3470784242656606,-0.3006751409389267,-0.2655223072565429,0.0,0.0,1.0,0.0015210988855598915,0.289906995097783,0.11687545737044915,Low,0
0.097434829241045,-0.27448910801154,-0.2639073136559609,0.1807265385485406,-1.0483739828692953,-0.6007376542464594,0.2294110955509182,0.0,0.0,1.0,0.001189257045893461,0.23241118283173454,0.0936780273602299,Low,0
-1.254783309802033,-1.085662091515044,-0.5981962345855993,0.4517278945398827,-1.6300615792727433,0.8995749122913749,0.4068543676481189,0.0,1.0,0.0,0.0016256183398726926,0.2220062448358813,0.08977786893827613,Low,0
0.6984206688157432,0.4014883782413541,2.1697160307118075,-1.4753928591763252,1.1054422524623904,-0.8007793297848336,-1.2873657562854417,0.0,0.0,1.0,0.0013622232167508303,0.5441104355542941,0.21846150815176812,Low,0
0.7485028221136465,0.7394771213678013,2.4672331703391857,-2.3285452761861047,-0.0422116539552232,-0.4006959787080853,-2.5100166134776516,0.0,1.0,0.0,0.0012842961522475948,0.6076883004100134,0.24384589785535393,Low,0
-1.2047011565041297,-0.8828688456391679,-0.5045953367253005,0.8231001231206105,0.5866398016160719,1.099616587829749,0.9987425299471322,0.0,1.0,0.0,0.0016959057239025034,0.12750338682979287,0.052018898166258654,Low,0
0.1975991358368233,0.1310973837401734,-0.665054018771527,0.3212457601736814,-1.6929467248298729,-0.2006543031697112,0.1796871686890062,1.0,0.0,0.0,0.0015727648812867592,0.5971642399492664,0.2398093549084786,Low,0
0.8987492820073282,-0.3420868566368448,1.3473652852248967,-0.9936126707472732,1.76573628081225,-2.3010918963227818,-0.7747836113040417,0.0,0.0,1.0,0.078346752138119,0.7117634426921132,0.3317134283597167,Medium,0
0.347845595730505,1.1450636131195149,0.0102096015063426,5.896788764643877e-05,-1.6929467248298729,0.9995957500605904,0.1265537137465882,0.0,0.0,1.0,0.0012842961522475948,0.4003262658075387,0.16090108401436407,Low,0
0.3979277490284083,0.4690861268666205,-0.5246526719810789,0.3011715856558039,0.4923120832803776,-0.1006334654005525,0.2404674264940551,0.0,0.0,1.0,0.0017878339589177095,0.1832334585075205,0.07436608377835884,Low,0
1.149160048496788,1.0098681158689435,-0.0031619553308428,0.2309119748432336,-1.362799710654943,-0.8007793297848904,0.4654371550429016,0.0,0.0,1.0,0.0013612487663756685,0.31362527860868294,0.12626686070329857,Low,0
-0.3533045504399714,-0.6800755997632919,-0.3842513251906307,0.6323954652007769,0.6023610880053543,-0.3006751409389267,0.8084494757199402,0.0,1.0,0.0,0.0013259787942259103,0.05106335289836314,0.021220928435880804,Low,0
1.2493243550925663,1.2802591103700858,0.0102096015063426,-0.1203860792196168,-0.1837032314587646,-0.6007376542465164,-0.054604564380525,0.0,0.0,1.0,0.001488168225392962,0.30269871604419174,0.12197238735291248,Low,0
-1.254783309802033,-0.9504665942644344,-0.6048820130041921,-0.1203860792196168,-1.237029419540684,1.099616587829806,-0.4063574960616301,0.0,0.0,1.0,0.0015210988855598915,0.3536929080852067,0.14238982256541863,Low,0
1.149160048496788,0.063499635114907,-0.9525424907710162,0.993730606522566,-0.9383249781443188,-2.201071058553566,0.9130313298193238,0.0,1.0,0.0,0.010859558907007402,0.35976666627848547,0.15042240185559863,Low,0
-0.8541260834188912,-0.4096846052621496,-0.4176802172835945,0.6223583779418389,-1.535733860937049,1.099616587829749,0.7711713117646072,0.0,1.0,0.0,0.0013259787942259103,0.18333124058198086,0.0741280835093279,Low,0
0.2977634424326301,-0.3420868566368448,-0.0967628531911416,-0.1003119047017394,0.5394759424482247,-1.10084184309248,-0.0859012730038773,0.0,1.0,0.0,0.001189257045893461,0.061505548804118675,0.025315773749183545,Low,0
-1.0043725433125728,-1.220857588765615,-0.9057420418408668,0.9134339084510577,1.545638271362297,0.199429047907037,0.8374797350412245,0.0,0.0,1.0,0.03955511923645527,0.4048408388596091,0.1856694070857168,Low,0
-0.3533045504399714,-0.5448801025127208,2.4672331703391857,-2.4690644978112455,1.5613595577515793,-0.1006334654005525,-2.4520743443638877,0.0,1.0,0.0,0.07287439547636242,0.68412826963275,0.3173759451389174,Medium,0
0.6984206688157432,0.4014883782413541,-0.665054018771527,0.060281491441278,-0.1050967995123527,-0.8007793297848336,-0.1869454953665524,0.0,0.0,1.0,0.0015727648812867592,0.20720355844616822,0.08382508230723935,Low,0
0.097434829241045,-0.3420868566368448,-1.2534025196076908,1.0238418682993822,-0.1522606586801998,-0.700758492015675,0.7314591783413988,0.0,1.0,0.0,0.004298764052378189,0.11265957446620392,0.04764308821790849,Low,0
-0.7539617768231129,-0.4096846052621496,0.2843265166686463,-0.6423146166844228,0.5551972288375071,0.8995749122913749,-0.703873310531484,1.0,0.0,0.0,0.001189257045893461,0.532320850282,0.21364189434033612,Low,0
-0.5536331636315563,0.063499635114907,1.4677092967595664,-1.505504120953141,0.759573951898178,1.1996374255990214,-1.6008748195259834,0.0,1.0,0.0,0.0012296655063114168,0.3196979117029082,0.12861696398495012,Low,0
-0.1529759372484148,-0.4772823538874159,-0.5714531209112282,0.2610232366200498,-1.6929467248298729,-0.4006959787080853,0.1538496466454188,0.0,1.0,0.0,0.0015210988855598915,0.18246362397279667,0.0738981089204546,Low,0
1.149160048496788,1.0098681158689435,-0.9792856044453871,1.0840643918530133,-1.4885700017692018,-0.8007793297848904,1.0161055024264602,0.0,1.0,0.0,0.0021543822887291272,0.2549896703053526,0.10328849749537851,Low,0
-1.9058513026746344,-2.1672260695196512,-0.9458567123524234,1.334991573326478,0.382263078555401,0.5995123989838421,1.3833195599986363,0.0,1.0,0.0,0.002111010340622478,0.4926057050871049,0.19830888823921547,Low,0
0.6483385155178683,0.1986951323654782,-1.453975872165474,1.5658445802820655,0.3036566466089891,-1.000821005323265,1.2817333606289452,0.0,1.0,0.0,0.005471219955464481,0.25689106790240424,0.10603915913424039,Low,0
-0.8541260834188912,-0.3420868566368448,-0.6917971324458981,1.4353624459158636,-0.2937522361837412,1.1996374255989646,1.7235234543665892,1.0,0.0,0.0,0.001993740377999824,0.7049622610179059,0.28318114863396227,Medium,0
0.2977634424326301,0.1310973837401734,-1.0194002749569435,0.7327663377901628,-0.5767353911908241,-0.4006959787081422,0.5108055575938819,0.0,1.0,0.0,0.005285774501785646,0.048672952144284784,0.022640645558785304,Low,0
0.9488314353052032,0.5366838754919253,-0.4377375525393728,0.4316537200220052,-0.7968334006407773,-1.1008418430924232,0.4832238550004422,0.0,1.0,0.0,0.001583443086644866,0.080051716666435,0.03297075251856092,Low,0
1.149160048496788,0.6042816241171917,0.377927414528945,-0.3412019989162652,-1.3785209970442254,-1.4009043564000696,-0.188364489712195,0.0,1.0,0.0,0.0030943024881100335,0.18356496414907392,0.0752825671524956,Low,0
-1.104536849908351,-1.6264440805173284,-1.1932305138403558,0.9435451702278732,-0.0893755131230703,-0.2006543031697112,0.6693978839743092,0.0,0.0,1.0,0.004298764052378189,0.41540695451326376,0.16874204023673245,Low,0
-0.6037153169294313,-0.6124778511379871,-1.0862580591428714,0.9134339084510577,0.1464437827161653,0.2994498856762525,0.7068435680954488,0.0,0.0,1.0,0.0045108294871879975,0.2619043304367521,0.10746822986701364,Low,0
1.7501458880714862,1.8210410993724089,1.0933057053183717,-1.2746511139975536,-1.0640952692585777,-0.8007793297848904,-1.3548960913596964,0.0,1.0,0.0,0.0012038489692639488,0.4406051071234002,0.17696435223091844,Low,0
-0.7038796235252095,0.063499635114907,-0.6115677914227848,0.993730606522566,-1.4256848562120723,1.4996999389065542,1.1638090180295548,0.0,1.0,0.0,0.001858512861917741,0.2605304040971731,0.1053272693560199,Low,0
0.2977634424326301,0.1310973837401734,-0.0767055179353633,0.4617649817988214,-0.6081779639693888,-0.4006959787081422,0.7638595492335851,0.0,1.0,0.0,0.0013929270811739174,0.04189208621013922,0.01759259073276004,Low,0
0.6984206688157432,0.6718793727424964,0.0168953799249354,0.582210028906084,0.2722140738304243,-0.4006959787080853,1.006665248376973,0.0,1.0,0.0,0.001517713325791754,0.10236552474191149,0.04185683789223965,Low,0
-1.0043725433125728,-0.8828688456391679,-0.9257993770966452,1.3450286605854165,-0.0579329403445056,0.6995332367530007,1.4127932550529336,0.0,0.0,1.0,0.0021150851807441675,0.40012221906970713,0.16131793873632935,Low,0
0.097434829241045,0.1310973837401734,-1.0194002749569435,0.391505370986251,1.341261548301626,-0.000612627631337,0.0491199806350314,0.0,1.0,0.0,0.015856149139456037,0.12383086677773829,0.05904603619476894,Low,0
0.4480099023262832,1.0098681158689435,2.042686240758545,-1.826690913239176,-1.5042912881584842,0.5995123989838421,-1.9679607734419544,0.0,0.0,1.0,0.0012842961522475948,0.6949647120386049,0.27875646250679054,Medium,0
1.649981581475708,1.6858456021218378,2.4672331703391857,-1.9471359603464389,0.3508205057768362,-0.8007793297848904,-1.917113476056407,0.0,1.0,0.0,0.0012038489692639488,0.5980749706431722,0.23995229763882725,Low,0
1.2994065083904698,1.0774658644942483,-2.028952816164452,2.73014670231894,1.2469338299659318,-1.000821005323265,2.33401620919737,0.0,0.0,1.0,0.6099915124498757,0.9122116906183736,0.7308795837172748,High,1
2.0506388078588493,2.159029842498856,-0.8054553655619752,0.2409490621021723,0.7438526655088956,-0.900800167554106,-0.020864032161898,0.0,0.0,1.0,0.001539756158815032,0.5577706603915231,0.22403211785189828,Low,0
0.0473526759431701,-0.2068913593862736,-0.5981962345855993,0.0100960551465851,-0.9697675509228836,-0.4006959787081422,-0.2179367260404954,0.0,1.0,0.0,0.0015210988855598915,0.0625820533586282,0.025945480674787212,Low,0
-0.4033867037378747,-1.085662091515044,-0.899056263422274,0.8732855594153035,-1.4885700017692018,-0.8007793297848904,0.7872926641914967,0.0,0.0,1.0,0.001799156127238872,0.4189084475593768,0.16864287270009407,Low,0
-2.106179915866191,-2.437617064020832,-1.373746531142361,1.6260671038356973,-0.6710631095265183,0.5995123989837853,1.42582041147613,0.0,1.0,0.0,0.005051399226254482,0.640464458519938,0.2592166229437279,Medium,0
-1.304865463099936,-0.4772823538874159,0.611929659179692,-0.5017953950592827,0.2407715010518595,1.899783289983359,-0.3178674320069364,0.0,0.0,1.0,0.001189257045893461,0.3889055048332247,0.15627575616082598,Low,0
-0.6037153169294313,-0.0040981135103977,-0.7185402461202692,0.2108378003253568,0.7281313791196132,1.1996374255989646,-0.0086153518033251,0.0,1.0,0.0,0.0015727648812867592,0.05112857577402046,0.02139508923838024,Low,0
0.1975991358368233,1.0774658644942483,-0.083391296353956,-0.3612761734341427,-0.8597185461979069,1.1996374255990214,-0.4671377538666798,0.0,0.0,1.0,0.0012842961522475948,0.3274703689946607,0.13175872528921284,Low,0
-0.8040439301210163,-0.7476733483885967,0.6520443296912486,-0.5118324823182214,-0.2308670906266117,0.4994915612146266,-0.3132162838739954,0.0,1.0,0.0,0.001189257045893461,0.055124174449871485,0.02276322400748467,Low,0
1.04899574190101,0.6042816241171917,-0.3575082115162596,0.1405781895127864,1.199769970798085,-1.2008626808616956,0.1135265573233918,0.0,1.0,0.0,0.0015485462485157718,0.12491504660398219,0.05089514639070234,Low,0
0.0473526759431701,0.9422703672436388,2.4672331703391857,-1.7062458661319129,0.7124100927303308,1.299658263368123,-1.5831373902054435,0.0,1.0,0.0,0.0012842961522475948,0.47716144241720143,0.19163515465822914,Low,0
-0.8541260834188912,-0.3420868566368448,0.0837531641108631,0.993730606522566,1.4355892666373202,1.1996374255989646,1.6751988135955187,0.0,0.0,1.0,0.002338858679230221,0.48593645539870184,0.1957778973670189,Low,0
0.6483385155178683,0.6042816241171917,-0.1235059668655127,-0.3110907371394498,0.8067378110660252,-0.4006959787081422,-0.4141619649626675,0.0,0.0,1.0,0.0013978828550958537,0.21486617959298973,0.0867852015502534,Low,0
-0.7539617768231129,-0.7476733483885967,-0.2037353078886259,0.0301702296644619,1.5613595577515793,0.3994707234454111,0.0447644563240988,1.0,0.0,0.0,0.045629662047664395,0.5665369621943158,0.25399258210632497,Medium,0
-0.9042082367167944,-1.1532598401403102,1.8354271097821688,-0.8430563618631944,-0.1837032314587646,0.0994082101378783,-0.2914583705741334,0.0,1.0,0.0,0.001189257045893461,0.25888781365160424,0.10426867968817778,Low,0
-1.304865463099936,-1.356053086016186,-0.6048820130041921,0.2409490621021723,1.2940976891337788,0.5995123989838421,0.1044804683699168,0.0,0.0,1.0,0.0020884717620094635,0.36434574055187874,0.14699137927795716,Low,0
0.1975991358368233,0.9422703672436388,-1.1932305138403558,1.7364750636840212,0.1307224963268829,0.9995957500605904,1.7218975233455394,0.0,0.0,1.0,0.00913864692646151,0.5597893061571642,0.22939891061874257,Low,0
0.6984206688157432,0.5366838754919253,1.6014248651314218,-1.595837906283588,0.0678373507697534,-0.6007376542464594,-1.7085804320112614,0.0,1.0,0.0,0.0013978828550958537,0.3187923135341247,0.12835565512670738,Low,0
-0.7539617768231129,-1.220857588765615,0.4314136418776872,-0.7727967510506248,-0.9697675509228836,-0.3006751409389267,-0.8353569324336869,0.0,1.0,0.0,0.001189257045893461,0.162060953604945,0.06553793566951407,Low,0
-1.104536849908351,-1.761639577767938,-0.6182535698413777,0.3613941092094356,0.5237546560589423,-0.4006959787081422,0.266166990754038,0.0,0.0,1.0,0.0015210988855598915,0.35543135974938433,0.14308520323108967,Low,0
-0.1028937839505114,0.6042816241171917,-0.6917971324458981,0.7227292505312247,0.9482293885695664,1.099616587829749,0.7251328285504066,1.0,0.0,0.0,0.0021125741127795998,0.5936870893651798,0.23874238021373967,Low,0
-0.4033867037378747,-1.018064342889739,-0.0299050690052139,-0.2709423881036956,0.4294269377232481,-0.700758492015675,-0.3031059491612878,0.0,0.0,1.0,0.001189257045893461,0.25575028884386364,0.10301366976508154,Low,0
-2.106179915866191,-2.3024215667702226,-0.3374508762604813,0.3212457601736814,-0.2465883770158941,0.7995540745222163,0.3882793374985545,0.0,0.0,1.0,0.001189257045893461,0.5526157859601502,0.22175986861159616,Low,0
-1.354947616397811,-0.815271097013863,-0.2104210863072187,0.4216166327630672,0.4137056513339657,1.4996999389065542,0.6168753849307108,1.0,0.0,0.0,0.001189257045893461,0.5902344087237509,0.23680731771703645,Low,0
2.000556654560946,2.023834345248285,-0.8923704850036812,0.2409490621021723,0.0835586371590358,-1.000821005323265,-0.075179982392351,0.0,1.0,0.0,0.0016335153951317423,0.3741685453903488,0.15064752739321857,Low,0
-1.6053583828872708,-1.423650834641491,-0.812141143980568,0.4316537200220052,0.5866398016160719,1.099616587829749,0.2387626624538034,0.0,0.0,1.0,0.0016256183398726926,0.3877704157500311,0.15608353730393607,Low,0
0.4980920556241866,-0.2068913593862736,-0.1301917452841054,-0.0702006429249239,0.6023610880053543,-1.3008835186308545,-0.0604480619289029,0.0,0.0,1.0,0.001189257045893461,0.26585247143411705,0.1070545428011829,Low,0
0.347845595730505,-0.3420868566368448,-0.3441366546790741,0.3613941092094356,2.0801620085978976,-1.2008626808616387,0.4423193721617987,0.0,1.0,0.0,0.024095599355376224,0.28875602600191685,0.12995977001399248,Low,0
-0.6037153169294313,-0.815271097013863,2.4672331703391857,-1.9370988730875005,-0.7653908278622126,-0.000612627631337,-1.85080505277979,0.0,1.0,0.0,0.001189257045893461,0.46485082504707886,0.18665388424636764,Low,0
1.3494886616883446,0.7394771213678013,-1.5609483268629585,2.0777360304879338,0.2722140738304243,-1.600946031938387,1.8458920084235153,0.0,0.0,1.0,0.9750820488133138,0.7754605271834105,0.8952334401613525,Critical,1
0.9488314353052032,0.6718793727424964,-1.186544735421763,0.3814682837273123,0.3508205057768362,-0.9008001675540492,-0.0723617019558661,0.0,1.0,0.0,0.004453918112934844,0.10657443017573139,0.04530212293805347,Low,0
-0.6037153169294313,-0.0716958621357025,-0.0365908474238066,-0.030052293889169,-0.4824076728551298,1.099616587829749,0.0538795241693773,0.0,1.0,0.0,0.0013095503215329047,0.03557298706105261,0.015014925017340787,Low,0
0.8987492820073282,0.6042816241171917,-0.0633339610981777,-0.0702006429249239,1.4041466938587557,-0.900800167554106,-0.0217213412457243,0.0,1.0,0.0,0.0022678370346868003,0.09421698541816687,0.039047496388078834,Low,0
1.5498172748799297,0.8746726186183724,-0.2438499784001825,0.2710603238789885,1.7814575672015325,-1.800987707476818,0.3742667683353274,1.0,0.0,0.0,0.07302722977722238,0.7489888608199862,0.3434118821943279,Medium,0
-0.8040439301210163,-1.356053086016186,0.0636958288550848,-0.2207569518090026,-1.5828977201048962,-0.4006959787080853,-0.1757709148946131,0.0,1.0,0.0,0.001189257045893461,0.18338105891768547,0.07406597779461027,Low,0
-1.2047011565041297,-1.018064342889739,2.122915581781658,-1.6359862553193427,-1.1112591284264248,0.8995749122913749,-1.5961842548834402,0.0,0.0,1.0,0.001189257045893461,0.6553173087834253,0.2628404777409062,Medium,0
-1.4551119229935894,-1.018064342889739,-0.317393541004703,0.6926179887544086,1.4984744121944498,1.3996791011373386,0.941756111191198,0.0,1.0,0.0,0.018163669570722348,0.2730796844786969,0.12013007553391217,Low,0
-0.0528116306526365,-0.3420868566368448,-1.0595149454685004,1.6260671038356973,0.3979843649446833,-0.4006959787080853,1.6861073326276517,0.0,0.0,1.0,0.005300395803598249,0.4299440637599385,0.17515786298613437,Low,0
0.9488314353052032,0.4690861268666205,-0.3374508762604813,0.712692163272286,-0.6238992503586712,-1.2008626808616387,0.9570595710438634,0.0,1.0,0.0,0.0016519099428965647,0.14446785361319942,0.05877828741101771,Low,0
-1.0043725433125728,-1.6264440805173284,-0.9725998260267944,0.5019133308345757,0.7910165246767428,-0.4006959787080853,0.2295293450797224,0.0,1.0,0.0,0.001804366822182184,0.17896370044387927,0.07266810027086103,Low,0
0.7485028221136465,0.4690861268666205,0.5851865455053209,-0.4516099587645898,1.7342937080336855,-0.8007793297848904,-0.2519433196989303,0.0,1.0,0.0,0.07880257451871737,0.18751693739785386,0.12228831967037196,Low,0
0.097434829241045,1.0774658644942483,-1.0394576102127222,1.696326714648267,0.7438526655088956,1.3996791011373957,1.7975673676524428,0.0,1.0,0.0,0.009587173205923442,0.4340049476705577,0.17935428299177714,Low,0
0.347845595730505,0.5366838754919253,-0.5246526719810789,0.7929888613437944,-0.4824076728551298,0.0994082101378783,0.9415688827705928,0.0,0.0,1.0,0.0021125741127795998,0.255784683277307,0.10358141777859058,Low,0
-0.4033867037378747,0.5366838754919253,1.541252859364087,-0.9635014089704578,1.1368848252409551,1.5997207766757695,-0.6367075781710404,1.0,0.0,0.0,0.0015485462485157718,0.7338690555091033,0.2944767499527508,Medium,0
-0.9542903900146694,-1.356053086016186,0.6386727728540631,-0.351239086175204,-0.3880799545194355,-0.1006334654005525,-0.0637294863532028,0.0,1.0,0.0,0.001189257045893461,0.11879955041154544,0.048233374392154256,Low,0
1.8503101946672644,1.95623659662298,0.2375260677384968,-0.7426854892738086,-1.5514551473263314,-0.8007793297848904,-0.8813658532656854,0.0,0.0,1.0,0.0012038489692639488,0.5945181314719211,0.23852956197032682,Low,0
-1.1546190032062544,-0.6800755997632919,0.0503242720178993,0.3212457601736814,-1.2213081331514015,1.29965826336818,0.6351843536404689,0.0,1.0,0.0,0.001189257045893461,0.17602340169290517,0.07112291490469815,Low,0
-1.2047011565041297,-1.8968350750185092,-0.2973362057489247,0.060281491441278,-1.032652696480013,-0.4006959787081422,0.0330971694821441,0.0,1.0,0.0,0.001189257045893461,0.24236650585468333,0.09766015656940942,Low,0
1.149160048496788,0.7394771213678013,0.0837531641108631,-0.2508682135858182,-0.5452928184122593,-1.2008626808616387,-0.21021109015866,1.0,0.0,0.0,0.0012842961522475948,0.5708444864558336,0.22910837227368203,Low,0
-1.0043725433125728,-0.8828688456391679,-0.4577948877951512,0.8231001231206105,1.5141956985837322,0.6995332367530007,1.0319903557957448,0.0,1.0,0.0,0.015717304521295845,0.19204119712537104,0.08624686156292592,Low,0
0.6483385155178683,0.7394771213678013,0.3378127440173884,-0.9133159726757648,-1.2055868467621191,-0.2006543031697112,-1.0980285524160809,0.0,0.0,1.0,0.0012842961522475948,0.3686609082652009,0.14823494099742893,Low,0
-0.6037153169294313,-0.27448910801154,0.551757653412357,-1.2345027649617994,0.5551972288375071,0.7995540745222163,-1.509221580575794,0.0,1.0,0.0,0.001189257045893461,0.20431755548022598,0.08244057641962647,Low,0
-1.0043725433125728,-1.829237326393204,-0.7118544677016765,0.6524696397186543,1.215491257187367,-0.700758492015675,0.6129534422253909,0.0,1.0,0.0,0.0018786295048487394,0.2706152032245501,0.10937325899272929,Low,0
-1.555276229589396,-1.356053086016186,0.7389594491329546,-0.6724258784612389,-0.6396205367479536,1.099616587829806,-0.5272380768811091,0.0,0.0,1.0,0.001189257045893461,0.4183892543903145,0.16806925598366187,Low,0
-0.1028937839505114,0.3338906296160494,-1.0394576102127222,1.3952140968801094,0.0363947779911886,0.6995332367530007,1.3910846123900722,0.0,0.0,1.0,0.0062101394097668575,0.3873251520774146,0.15865614447682594,Low,0
-1.1546190032062544,-1.8968350750185092,-1.0595149454685004,1.284806137031785,-1.1741442739835544,-0.5007168164773008,1.2264319976584606,0.0,0.0,1.0,0.004899464956892857,0.6092131568222141,0.24662494170302138,Low,0
0.4980920556241866,1.483052356245962,0.4782140908078365,-0.4114616097288356,-0.6396205367479536,1.1996374255989646,-0.2447695149515127,0.0,1.0,0.0,0.0012038489692639488,0.20182137912252665,0.08145086103056903,Low,0
-1.304865463099936,-1.018064342889739,1.541252859364087,-1.2846882012564924,-0.4981289592444121,1.099616587829806,-1.1920073654327397,0.0,1.0,0.0,0.001189257045893461,0.3055380335279965,0.1229287676387347,Low,0
0.1975991358368233,0.8070748699930677,1.166849267922892,-1.1341318923724135,-1.3785209970442254,0.7995540745222163,-1.090086125731438,0.0,1.0,0.0,0.0012842961522475948,0.29157943267400344,0.11740235076094993,Low,0
0.3979277490284083,1.4154546076206955,-0.0232192905866211,-0.491758307800344,0.8853442430124371,1.29965826336818,-0.6304699155266502,1.0,0.0,0.0,0.0012038489692639488,0.6566521785444271,0.26338318079932926,Medium,0
-0.9542903900146694,-1.220857588765615,-0.0633339610981777,-0.0702006429249239,0.6809675199517662,0.0994082101378215,-0.0217213412457243,0.0,1.0,0.0,0.001189257045893461,0.072394359676379,0.029671298098087676,Low,0
0.347845595730505,0.3338906296160494,2.2232022580605495,-1.7865425642034216,0.052116064380471,-0.2006543031697112,-1.8365264221767548,0.0,0.0,1.0,0.0012296655063114168,0.5865503222066578,0.23535792818645,Low,0
0.9989135886031064,0.4014883782413541,0.030266936762121,-0.1404602537374936,-1.158422987594272,-1.4009043564000128,-0.0733865312054964,0.0,0.0,1.0,0.0027224992576646303,0.3274606330475115,0.13261775277360338,Low,0
-1.5051940762914926,-1.085662091515044,-1.507462099514216,1.4654737076926798,0.9482293885695664,1.3996791011373386,1.1093058393784974,1.0,0.0,0.0,0.004669214488110828,0.7980564196877674,0.3220240965679735,Medium,0
-0.3533045504399714,0.4690861268666205,-0.6048820130041921,0.5520987671292685,0.6023610880053543,1.3996791011373386,0.5443687155193039,0.0,0.0,1.0,0.0021125741127795998,0.27707685548711997,0.11209828666251576,Low,0
0.1475169825389484,0.3338906296160494,-0.056648182679585,-0.0902748174428006,1.7185724216444032,0.199429047907037,-0.0478446329839182,0.0,1.0,0.0,0.06383757945509963,0.15995636792949341,0.10228509484485715,Low,0
-1.5051940762914926,-1.2884553373908814,-0.5045953367253005,0.3513570219504969,0.2250502146625771,1.099616587829806,0.3248680276776241,0.0,1.0,0.0,0.0015210988855598915,0.15356877244580922,0.062340168309659626,Low,0
0.0473526759431701,0.8746726186183724,-0.404308660446409,0.5219875053524531,-1.0640952692585777,1.1996374255989646,0.6354208526980747,0.0,1.0,0.0,0.001517713325791754,0.13698041397836397,0.05570279358682064,Low,0
1.2493243550925663,1.3478568589953903,-0.2371641999815897,-0.1203860792196168,1.2312125435766494,-0.5007168164773008,-0.196070417339231,0.0,1.0,0.0,0.001648546484504928,0.19436282340925737,0.07873425725440591,Low,0
-1.354947616397811,-0.9504665942644344,-0.5647673424926355,1.0138047810404436,0.5709185152267895,1.29965826336818,1.2267276214804714,0.0,1.0,0.0,0.0016959057239025034,0.18330083831519914,0.07433787876042117,Low,0
-0.0027294773547332,1.0098681158689435,0.4046705282033161,-0.8029080128274403,-0.450965100076565,1.4996999389065542,-0.8951222151165047,0.0,1.0,0.0,0.0012842961522475948,0.19766503625058815,0.07983659219158382,Low,0
0.3979277490284083,0.9422703672436388,1.3473652852248967,-1.3147994630333082,-0.985488837312166,0.5995123989837853,-1.3209387683382638,0.0,0.0,1.0,0.0012842961522475948,0.4920820758718253,0.19760340804007867,Low,0
0.2977634424326301,1.3478568589953903,-0.2705930920745536,0.2208748875842955,-1.6457828656620257,1.3996791011373386,0.2840226696033813,0.0,1.0,0.0,0.001488168225392962,0.3178358641973641,0.1280272466141814,Low,0
-1.104536849908351,-0.2068913593862736,2.4672331703391857,-1.79657965146236,0.9953932477374136,1.8997832899833025,-1.6980857863299417,0.0,1.0,0.0,0.001189257045893461,0.6178440879595064,0.24785118941133866,Low,0
-1.304865463099936,-1.1532598401403102,0.6787874433656197,-0.6523517039433615,-1.07981655564786,0.8995749122914317,-0.5246070248652285,0.0,1.0,0.0,0.001189257045893461,0.18390926975064387,0.07427726212779363,Low,0
-1.104536849908351,-1.4912485832667572,0.0837531641108631,0.3714311964683743,-1.5671764337156138,-0.000612627631337,0.7324938617184302,0.0,0.0,1.0,0.001189257045893461,0.4528667248049291,0.18186024414950774,Low,0
1.8002280413693894,1.1450636131195149,0.1038104993666414,-0.1504973409964323,-0.6867843959158006,-1.9010085452460337,-0.0467803872246865,0.0,1.0,0.0,0.004853608356625806,0.32156579488951204,0.1315384829697803,Low,0
-0.3533045504399714,0.3338906296160494,-1.6679207815604424,1.9874022451574855,-1.4571274289906373,1.1996374255989646,1.6365804883137445,0.0,1.0,0.0,0.009004638914165685,0.5182352713891272,0.2126968919041503,Low,0
-1.5051940762914926,-1.6264440805173284,0.9997048074580728,-0.4214986969877743,-1.3785209970442254,0.5995123989838421,0.014610826479181,0.0,1.0,0.0,0.001189257045893461,0.354567409379446,0.14254051797931447,Low,0
0.4980920556241866,0.6042816241171917,1.4008515125736387,-1.1140577178545366,0.3350992193875538,-0.1006334654005525,-0.9568090526423824,0.0,1.0,0.0,0.0013978828550958537,0.17161204118727183,0.06948354618796625,Low,0
-0.503551010333653,-1.1532598401403102,-0.5981962345855993,0.4015424582451898,-0.9383249781443188,-0.700758492015675,0.3358553797289583,0.0,1.0,0.0,0.0015210988855598915,0.11236598697799963,0.04585905412253579,Low,0
-1.254783309802033,-0.7476733483885967,0.4380994202962799,-0.933390147193642,-1.614340292883461,1.3996791011373386,-1.0838090465774473,0.0,1.0,0.0,0.001189257045893461,0.3512885009709481,0.14122895461591534,Low,0
0.2476812891347267,0.9422703672436388,0.1706682835525691,0.5320245926113911,-0.781112114251495,0.8995749122913749,1.033803515237398,0.0,1.0,0.0,0.001517713325791754,0.18646544663281972,0.07549680664860293,Low,0
0.3979277490284083,0.3338906296160494,-0.812141143980568,1.0639902173351363,0.5237546560589423,-0.3006751409389267,1.113483989396225,0.0,0.0,1.0,0.001858512861917741,0.2947795599332855,0.11902693169046484,Low,0
0.8987492820073282,0.4690861268666205,0.1104962777852342,0.1706894512896026,-0.5610141048015417,-1.10084184309248,0.4448321746488751,0.0,1.0,0.0,0.001481631274390766,0.08124882196458685,0.0333885075504692,Low,0
-0.7038796235252095,0.1310973837401734,-1.3536891958865824,1.0539531300761975,-1.5042912881584842,1.5997207766757129,0.6965164425799348,0.0,0.0,1.0,0.005037461310525153,0.531851600715944,0.2157631170726927,Low,0
-1.254783309802033,-1.018064342889739,0.9395328016907376,-1.2043915031849837,0.7910165246767428,0.9995957500605904,-1.3015064291048724,1.0,0.0,0.0,0.001189257045893461,0.7042452117985402,0.28241163894695215,Medium,0
-1.104536849908351,-0.815271097013863,0.6052438807610993,-0.3913874352109582,-0.6238992503586712,0.9995957500605904,-0.1456074309222935,0.0,1.0,0.0,0.001189257045893461,0.09570179439096957,0.03899427198392391,Low,0
-0.6537974702273347,0.1986951323654782,-0.5313384503996716,5.896788764643877e-05,-0.3409160953515884,1.5997207766757695,-0.1927200140231277,0.0,1.0,0.0,0.0015727648812867592,0.13718105625569924,0.055816081431051746,Low,0
-1.254783309802033,-1.2884553373908814,-0.3374508762604813,0.2409490621021723,0.0678373507697534,0.5995123989838421,0.2716064690790027,0.0,0.0,1.0,0.001189257045893461,0.2623323941043904,0.10564651186929225,Low,0
0.0473526759431701,0.063499635114907,-0.1970495294700331,-0.0702006429249239,1.372704121080191,-0.000612627631337,-0.0991747826120814,0.0,0.0,1.0,0.0019617085459104648,0.2439050112804066,0.09873902963970892,Low,0
-0.7539617768231129,-0.4096846052621496,-0.7519691382132331,0.5119504180935144,0.633803660783919,0.8995749122913749,0.3898362896278016,0.0,1.0,0.0,0.0016959057239025034,0.03964255789526479,0.016874566592447418,Low,0
-0.6537974702273347,-1.085662091515044,-0.1569348589584765,0.5721729416471459,1.3255402619123435,-0.3006751409389267,0.874472129301951,0.0,0.0,1.0,0.0018207042058351142,0.3445137283411568,0.13889791385996378,Low,0
0.347845595730505,-0.3420868566368448,-1.1932305138403558,0.4015424582451898,0.2879353602197067,-1.2008626808616387,-0.050032249266786,0.0,0.0,1.0,0.0038567019897974143,0.3255239028349235,0.13252358232784783,Low,0
-0.7038796235252095,-0.27448910801154,0.6988447786213979,-1.0337610197830278,-1.5514551473263314,0.9995957500605904,-1.12694056220856,0.0,0.0,1.0,0.001189257045893461,0.43896689724814164,0.17630031312679276,Low,0
-0.5536331636315563,-0.1392936107609688,-0.899056263422274,0.903396821192119,-1.4885700017692018,0.8995749122914317,0.828561749743953,0.0,1.0,0.0,0.0020996294323477214,0.1706404922726643,0.06951597456847436,Low,0
-0.4033867037378747,-1.085662091515044,-0.0098477337494356,0.3011715856558039,-0.906882405365754,-0.8007793297848904,0.5667375847179845,0.0,0.0,1.0,0.001189257045893461,0.31689608328031343,0.12747198753966146,Low,0
1.199242201794663,0.1310973837401734,0.3177554087616101,-0.883204710898949,0.4923120832803776,-2.201071058553566,-1.0605138894031385,0.0,1.0,0.0,0.0046478549634723565,0.3820220970892422,0.1555975518137803,Low,0
0.4480099023262832,-0.2068913593862736,-0.9124278202594596,0.8833226466742415,1.3255402619123435,-1.2008626808616387,0.7914313976996229,0.0,0.0,1.0,0.003389520291035921,0.37085365846904833,0.1503751755622409,Low,0
1.2493243550925663,1.4154546076206955,0.0235811583435282,-0.1404602537374936,-1.6457828656620257,-0.4006959787080853,-0.0771902243820121,0.0,1.0,0.0,0.0012038489692639488,0.2627297805436361,0.10581422159901283,Low,0
-1.304865463099936,-1.085662091515044,-0.9124278202594596,1.0138047810404436,1.6556872760872736,0.9995957500605904,0.9700078944478588,0.0,1.0,0.0,0.11919122116835464,0.295000367613188,0.18951487974628797,Low,0
-1.0544546966104762,-1.356053086016186,2.4672331703391857,-1.8969505240517457,-1.032652696480013,0.0994082101378783,-1.849257954777942,0.0,1.0,0.0,0.001189257045893461,0.5571061635877238,0.22355601966262562,Low,0
-1.705522689483049,-1.829237326393204,-0.3775655467720379,5.896788764643877e-05,0.7910165246767428,0.6995332367530007,-0.1020620419403691,0.0,1.0,0.0,0.001189257045893461,0.29723980029778074,0.11960947434664838,Low,0
1.7501458880714862,1.8886388479977136,-0.0432766258423994,-0.0601635556659852,-0.1837032314587646,-0.700758492015675,0.0049143651172868,0.0,1.0,0.0,0.0012038489692639488,0.24884574120194214,0.10026060586233523,Low,0
-0.8040439301210163,-1.220857588765615,-0.3508224330976668,0.3513570219504969,1.545638271362297,-0.2006543031697112,0.4234585723176244,1.0,0.0,0.0,0.025894540688988214,0.6212071302884072,0.26401957652875585,Medium,0
1.04899574190101,0.063499635114907,2.096172468107287,-1.5456524699888954,0.9953932477374136,-2.001029383015192,-1.4419868693235476,1.0,0.0,0.0,0.0046478549634723565,0.9098634484863747,0.3667340923726333,Medium,0
0.1475169825389484,-0.4772823538874159,-1.2400309627705053,1.3550657478443553,1.3255402619123435,-1.000821005323265,1.1787281669136098,0.0,1.0,0.0,0.01620335904964944,0.26589318771675907,0.1160792905164933,Low,0
1.8002280413693894,1.6858456021218378,-1.0394576102127222,1.4052511841390485,1.2312125435766494,-1.10084184309248,1.404634037565485,1.0,0.0,0.0,0.0074681674668742965,0.8636648183186828,0.3499468278075977,Medium,0
0.6984206688157432,0.2662928809907446,0.5317003181565787,-0.1404602537374936,-1.441406142601355,-1.000821005323265,0.2118904570331855,1.0,0.0,0.0,0.0012296655063114168,0.6022467358411926,0.24163649364026388,Low,0
-0.503551010333653,0.063499635114907,2.376975161688183,-1.886913436792807,-1.4885700017692018,1.099616587829806,-1.97206009044048,0.0,1.0,0.0,0.0012296655063114168,0.5460309147198508,0.21915016519172717,Low,0
0.0473526759431701,-0.5448801025127208,1.046505256388222,-1.2345027649617994,-0.199424517848047,-0.900800167554106,-1.307231677124446,0.0,0.0,1.0,0.001189257045893461,0.4175258362635435,0.1677238887329535,Low,0
0.7985849754115499,0.4014883782413541,-2.062381708257416,2.73014670231894,-0.7182269686943654,-1.000821005323265,2.517165021059344,0.0,1.0,0.0,0.02077287503852698,0.6685379979666213,0.27987892420976473,Medium,0
0.9989135886031064,0.4014883782413541,-1.373746531142361,1.5357333185052495,1.3255402619123435,-1.4009043564000128,1.308309942227554,0.0,1.0,0.0,0.36291420172729544,0.3699249082025345,0.36571848431739107,Medium,0
-0.6037153169294313,0.1986951323654782,1.18690660317867,-1.2947252885154308,-0.4666863864658474,1.4996999389065542,-1.3508953156351755,1.0,0.0,0.0,0.0012296655063114168,0.7178014194312574,0.28785836707628987,Medium,0
-0.2030580905462897,0.6042816241171917,1.2403928305274123,-1.1542060668902907,0.1464437827161653,1.299658263368123,-1.0927960107665209,0.0,1.0,0.0,0.0013978828550958537,0.23412543036489059,0.09448890185901375,Low,0
1.7501458880714862,1.1450636131195149,0.3578700792731667,-0.7326484020148699,0.5551972288375071,-1.800987707476818,-0.8079328958786511,1.0,0.0,0.0,0.004853608356625806,0.7493854858413648,0.30266635935052144,Medium,0
0.7485028221136465,0.5366838754919253,1.7017115414103134,-1.4553186846584485,0.1936076418840124,-0.700758492015675,-1.4267031177256826,0.0,1.0,0.0,0.0013978828550958537,0.28397006695630655,0.11442675649558014,Low,0
1.649981581475708,0.8746726186183724,-1.206602070677541,0.8130630358616718,-1.1898655603728368,-2.001029383015192,0.4867220702275494,0.0,1.0,0.0,0.9392850963821916,0.4155171702902659,0.7297779259454213,High,1
-1.555276229589396,-1.4912485832667572,0.1238678346224197,-0.2207569518090026,-0.0579329403445056,0.8995749122914317,-0.1422471734787925,1.0,0.0,0.0,0.001189257045893461,0.5998626280391502,0.2406586054431962,Low,0
-1.9058513026746344,-1.8968350750185092,0.6854732217842124,-0.8932417981578874,-1.6929467248298729,0.9995957500605904,-0.9075088532586812,0.0,0.0,1.0,0.001189257045893461,0.7069361063974201,0.2834879967865041,Medium,0
-0.9042082367167944,-1.085662091515044,-0.1235059668655127,-0.5118324823182214,1.1526061116302375,0.199429047907037,-0.7121507775477365,0.0,1.0,0.0,0.001317464477868507,0.1341834019773813,0.05446383947767362,Low,0
-0.8040439301210163,-1.356053086016186,-0.7653406950504186,-0.1806086027732477,1.4198679802480378,-0.4006959787080853,-0.5818397968061695,0.0,0.0,1.0,0.0024262162491381326,0.414057877503774,0.16707888075099248,Low,1
0.4980920556241866,0.6718793727424964,0.6921590002028052,-0.883204710898949,1.16832739801952,-0.000612627631337,-0.8883425754650985,0.0,1.0,0.0,0.0014227346470032664,0.15264260514793454,0.061910682847375775,Low,0
-1.304865463099936,-0.9504665942644344,-0.4644806662137439,0.0100960551465851,0.2879353602197067,1.1996374255990214,-0.1389066242900901,1.0,0.0,0.0,0.001189257045893461,0.5378415167151575,0.21585016091359907,Low,0
-1.304865463099936,-1.018064342889739,-0.3575082115162596,0.0703185787002168,-0.5295715320229769,1.099616587829806,0.0116447341316914,0.0,1.0,0.0,0.001189257045893461,0.06965500010476022,0.028575554269440164,Low,0
-2.156262069164094,-2.5052148126460985,-1.2266594059333198,1.043916042817259,-0.9697675509228836,0.5995123989838421,0.7777932853776086,0.0,0.0,1.0,0.004298764052378189,0.7081882341136693,0.28585455207689464,Medium,0
1.900392347965168,1.95623659662298,1.9022848939680963,-1.2244656777028606,-0.655341823137236,-0.900800167554106,-0.9399584947878692,0.0,0.0,1.0,0.0012038489692639488,0.684363765424638,0.2744678155514136,Medium,0
-1.6554405361851745,-1.761639577767938,0.030266936762121,-0.541943744095037,0.0992799235483181,0.6995332367530007,-0.6784299535839098,0.0,1.0,0.0,0.001189257045893461,0.2699156720490129,0.10867982304714124,Low,0
2.150803114454628,2.294225339749427,0.6253012160168775,-0.7928709255685016,-0.8597185461979069,-0.900800167554106,-0.7750595268712506,0.0,0.0,1.0,0.0012038489692639488,0.6138486651133097,0.24626177542688227,Low,0
-0.1028937839505114,0.5366838754919253,0.1506109482967908,-0.7828338383095628,0.8381803838445899,0.9995957500605904,-0.9843414845988196,0.0,1.0,0.0,0.0013978828550958537,0.14745049009287903,0.059818925750209126,Low,0
0.7485028221136465,0.4690861268666205,2.4672331703391857,-1.9571730476053777,0.7438526655088956,-0.8007793297848904,-1.989028897823796,0.0,1.0,0.0,0.0013978828550958537,0.47644046400580037,0.19141491531537766,Low,0
1.04899574190101,0.8070748699930677,0.4514709771334655,-0.2107198645500639,0.633803660783919,-0.900800167554106,0.0560178698152417,1.0,0.0,0.0,0.0012842961522475948,0.5546203811534985,0.222618730152748,Low,0
0.54817420892209,0.4690861268666205,-1.0929438375614644,0.3413199346915581,0.052116064380471,-0.4006959787081422,-0.0658185613620666,0.0,0.0,1.0,0.005085421526210002,0.23187542522855928,0.09580142300714972,Low,0
-0.5536331636315563,-0.815271097013863,0.6052438807610993,-0.7326484020148699,-0.5138502456336945,-0.1006334654004957,-0.6887078084624223,1.0,0.0,0.0,0.001189257045893461,0.5423734400913135,0.2176629302640615,Low,0
-0.1529759372484148,-0.5448801025127208,-0.4979095583067078,0.060281491441278,1.16832739801952,-0.5007168164773008,-0.0869261022535085,1.0,0.0,0.0,0.001317464477868507,0.5341145717292439,0.21443630737841868,Low,0
-0.9042082367167944,-1.4912485832667572,-0.0165335121680283,-0.8932417981578874,1.3569828346909083,-0.4006959787080853,-1.2292953835154743,0.0,1.0,0.0,0.0018972898650567922,0.2998792349715775,0.12109006790766506,Low,0
0.097434829241045,-0.4096846052621496,0.1840398403897547,-0.1705715155143097,-0.8911611189764717,-0.8007793297848904,-0.0319597796146363,0.0,1.0,0.0,0.001189257045893461,0.07238273173630182,0.029666646922056804,Low,0
-0.503551010333653,0.1310973837401734,-1.0595149454685004,0.8030259486027331,1.0425571069052608,1.1996374255989646,0.5774785835843119,0.0,1.0,0.0,0.005285774501785646,0.12113396960049537,0.05162505254126954,Low,0
-0.5536331636315563,0.4014883782413541,-0.9592282691896088,1.2747690497728468,-1.661504152051308,1.699741614444985,1.2908090119646214,0.0,1.0,0.0,0.0021419834231742414,0.4089164842559042,0.16485178375626625,Low,0
1.199242201794663,0.7394771213678013,-0.5848246777484138,1.184435264442399,1.1054422524623904,-1.3008835186307974,1.4536484672545755,0.0,0.0,1.0,0.0024874728124450463,0.4940467979093028,0.19911120285118813,Low,0
-0.1028937839505114,-0.5448801025127208,-1.0595149454685004,1.826808849014469,-0.6710631095265183,-0.6007376542465164,1.956504588491882,0.0,0.0,1.0,0.008471563989535864,0.5112171730713748,0.20956980762227145,Low,0
-0.5536331636315563,-0.27448910801154,0.2442118461570896,-0.5519808313539757,1.5141956985837322,0.6995332367530576,-0.5847664726440593,0.0,0.0,1.0,0.011057226924080895,0.35158729883364737,0.14726925568790747,Low,0
0.7485028221136465,0.4014883782413541,-0.5179668935624862,0.4015424582451898,1.5770808441408617,-0.9008001675540492,0.3878851724025414,0.0,1.0,0.0,0.06910902835882395,0.12540851621244298,0.09162882350027156,Low,0
2.1007209611567244,2.361823088374732,0.6453585512726558,-0.7828338383095628,-0.2623096634051765,-0.700758492015675,-0.7495373369044736,1.0,0.0,0.0,0.0012038489692639488,0.8276515839742606,0.33178294297126265,Medium,0
1.0990778951988849,0.6042816241171917,-0.7720264734690113,0.8431742976384873,1.215491257187367,-1.3008835186308545,0.8366421342121994,1.0,0.0,0.0,0.002340086207544646,0.6756134457708638,0.27164943003287234,Medium,0
-0.6537974702273347,0.1310973837401734,0.2375260677384968,-0.6925000529791157,-0.6238992503586712,1.4996999389065542,-0.8042080357213375,0.0,1.0,0.0,0.0012296655063114168,0.14577987099849496,0.059049747703184836,Low,0
0.8987492820073282,-0.27448910801154,-0.6583682403529343,0.3714311964683743,0.4765907968910952,-2.201071058553566,0.2544997039120825,0.0,1.0,0.0,0.0075015023048396546,0.2984743122215701,0.12389062627153184,Low,0
0.54817420892209,1.5506501048712666,2.149658695456029,-1.415170335622694,0.3665417921661186,1.1996374255989646,-1.185345975310138,0.0,0.0,1.0,0.0012038489692639488,0.6514025814743166,0.26128334197128505,Medium,0
-0.503551010333653,-0.0040981135103977,-1.2667740764448765,1.8970684598270384,0.2879353602197067,0.9995957500605904,1.8712171158422843,0.0,0.0,1.0,0.00816178198743248,0.5370068173806691,0.21969979614472715,Low,0
0.7485028221136465,0.7394771213678013,-0.4845380014695222,0.1405781895127864,0.2407715010518595,-0.4006959787080853,0.036013991192633,0.0,1.0,0.0,0.0012842961522475948,0.032595097844581755,0.01380861682918126,Low,0
0.6483385155178683,0.6042816241171917,-0.143563302121291,0.1706894512896026,-1.441406142601355,-0.4006959787081422,0.2886836718637233,0.0,1.0,0.0,0.0013978828550958537,0.10048385846484488,0.041032273098995466,Low,0
0.7485028221136465,0.2662928809907446,-0.7051686892830836,1.4453995331748024,-1.5828977201048962,-1.10084184309248,1.7268640035552916,0.0,1.0,0.0,0.0021848420533480367,0.37076725675411193,0.14961780793365362,Low,0
-1.254783309802033,-0.8828688456391679,-0.8255127008177535,0.250986149361111,0.5866398016160719,1.1996374255989646,-0.0195337249628575,0.0,1.0,0.0,0.0015210988855598915,0.10010082722935723,0.04095299022307883,Low,0
0.347845595730505,0.5366838754919253,0.5918723239239136,-0.5118324823182214,-0.7968334006407773,0.0994082101378783,-0.344168098038337,0.0,1.0,0.0,0.0013978828550958537,0.06284284922831011,0.025975869404381558,Low,0
-0.3533045504399714,-0.4772823538874159,-0.0165335121680283,-0.2207569518090026,-0.985488837312166,-0.000612627631337,-0.220469236782373,0.0,1.0,0.0,0.001189257045893461,0.059925178937973576,0.02468362580272551,Low,0
-1.555276229589396,-1.423650834641491,0.1104962777852342,-0.7426854892738086,-0.450965100076565,0.9995957500605904,-0.9424023183831428,1.0,0.0,0.0,0.001189257045893461,0.6542972608804893,0.2624324585797318,Medium,0
1.2994065083904698,1.2802591103700858,-0.5179668935624862,-0.0902748174428006,-0.3723586681301531,-0.7007584920157318,-0.3136991361166097,0.0,1.0,0.0,0.0019032571854601765,0.15498209396626406,0.06313479189778173,Low,0
-0.7038796235252095,0.063499635114907,1.273821722620376,-1.2846882012564924,-1.614340292883461,1.4996999389065542,-1.2992202715480032,0.0,1.0,0.0,0.0012296655063114168,0.39782680611775667,0.15986852175088953,Low,0
1.2493243550925663,0.1986951323654782,0.1372393914596053,-0.2709423881036956,0.9482293885695664,-2.201071058553566,-0.2112162111534918,0.0,1.0,0.0,0.0046478549634723565,0.3153298543907108,0.12892065473436776,Low,0
1.8002280413693894,1.618247853496533,-0.3374508762604813,1.0740273045940751,-1.661504152051308,-1.2008626808616956,1.4820874789318426,1.0,0.0,0.0,0.0015395250613072379,0.8977578845547565,0.36002686885868695,Medium,0
0.7985849754115499,0.6718793727424964,-0.665054018771527,0.2309119748432336,0.3350992193875538,-0.6007376542465164,0.0527758619005424,0.0,0.0,1.0,0.0016426134167653636,0.1998578980938717,0.0809287272876079,Low,0
-1.304865463099936,-1.085662091515044,-0.5981962345855993,0.6825809014954698,0.1307224963268829,0.9995957500605904,0.7334497120762588,0.0,0.0,1.0,0.0016959057239025034,0.2864695798046268,0.11560537535619222,Low,0
-1.6554405361851745,-1.761639577767938,0.87267501750481,-0.5820920931307911,0.0206734916019062,0.6995332367530007,-0.3143002378880274,1.0,0.0,0.0,0.001189257045893461,0.6891676997004386,0.27638063410771146,Medium,0
-1.4551119229935894,-1.085662091515044,0.8258745685746606,-0.8631305363810718,0.9953932477374136,1.299658263368123,-0.7942553670470355,1.0,0.0,0.0,0.001189257045893461,0.6838423854033571,0.2742505083888789,Medium,0
2.1007209611567244,2.4294208370000367,-0.4109944388650018,5.896788764643877e-05,0.7281313791196132,-0.6007376542464594,-0.1217702967409686,0.0,1.0,0.0,0.0012038489692639488,0.39822667516391264,0.16001297944712345,Low,0
0.9989135886031064,0.5366838754919253,0.5651292102495425,-1.1040206305955975,2.001555576651486,-1.2008626808616387,-1.2968749892267315,0.0,1.0,0.0,0.045193510761818455,0.3851685381984993,0.18118352173649077,Low,1
-1.2047011565041297,-0.8828688456391679,-1.4138612016539172,1.094101479111952,0.5237546560589423,1.099616587829749,0.7037198097095527,0.0,1.0,0.0,0.004298764052378189,0.20201277569135112,0.08338436870796737,Low,0
1.199242201794663,1.2802591103700858,-0.8856847065850885,1.0138047810404436,1.2626551163552142,-0.5007168164773008,0.9897555657580588,0.0,0.0,1.0,0.00274846156930844,0.4564818807169937,0.18424182922838256,Low,0
0.9989135886031064,0.8070748699930677,0.1840398403897547,-0.0902748174428006,1.1211635388516727,-0.8007793297848904,0.0908620643027027,0.0,0.0,1.0,0.0014227346470032664,0.27981316542891205,0.11277890695976679,Low,0
-0.0027294773547332,-0.6800755997632919,-0.5112811151438933,1.174398177183461,-1.661504152051308,-1.000821005323265,1.49546938394145,0.0,1.0,0.0,0.0018351677921508928,0.3394405993497498,0.13687734041519045,Low,0
0.4980920556241866,0.7394771213678013,-0.7385975813760475,0.7428034250491015,0.9325081021802842,0.0994082101378783,0.7205605134366658,0.0,0.0,1.0,0.0019410271658534658,0.27174817511865007,0.10986388634697211,Low,0
2.0506388078588493,2.226627591124161,1.3005648362947473,-1.1742802414081677,1.089720966073108,-0.8007793297848904,-1.101516913515786,0.0,0.0,1.0,0.0013336273779407145,0.6975657105427752,0.2798264606438745,Medium,0
1.4997351215820265,1.5506501048712666,0.0168953799249354,-0.1504973409964323,0.4137056513339657,-0.700758492015675,-0.0961002948631878,0.0,1.0,0.0,0.0012038489692639488,0.17633103413811987,0.07125472303680633,Low,0
0.9989135886031064,0.7394771213678013,-0.8321984792363463,1.0539531300761975,1.2469338299659318,-0.9008001675540492,1.0846705208777472,0.0,1.0,0.0,0.002236274385362891,0.1893437554242131,0.07707926680090299,Low,0
-0.5536331636315563,-0.8828688456391679,1.3273079499691185,-1.3449107248101235,-0.5452928184122593,-0.2006543031697112,-1.3800044079756608,0.0,1.0,0.0,0.001189257045893461,0.2420962497854357,0.09755205414171036,Low,0
0.347845595730505,-0.3420868566368448,2.4672331703391857,-2.037469745676886,-1.661504152051308,-1.2008626808616387,-2.015940519754015,1.0,0.0,0.0,0.001189257045893461,0.9062616918711046,0.36321823097597794,Medium,0
0.7985849754115499,0.4014883782413541,-0.1636206373770693,0.3413199346915581,1.7971788535908149,-1.000821005323265,0.5286415281884258,0.0,1.0,0.0,0.06918487617055968,0.20991845100450363,0.12547830610413727,Low,0
1.2994065083904698,1.3478568589953903,0.8459319038304389,-1.073909368818782,-1.1112591284264248,-0.6007376542465164,-1.1278668501841882,1.0,0.0,0.0,0.001488168225392962,0.7386562414603386,0.2963553975193712,Medium,0
-0.6037153169294313,-0.9504665942644344,-0.1301917452841054,-0.3913874352109582,0.7752952382874604,-0.2006543031697112,-0.5369148299882031,0.0,1.0,0.0,0.001189257045893461,0.06046804515861711,0.02490077229098292,Low,0
0.097434829241045,-0.2068913593862736,-0.7319118029574547,0.4617649817988214,-1.4256848562120723,-0.5007168164773008,0.3331553488212758,0.0,1.0,0.0,0.0016256183398726926,0.11102959263119916,0.04538720805640328,Low,0
1.7000637347735827,1.95623659662298,-0.9458567123524234,1.4152882713979869,0.0206734916019062,-0.5007168164773008,1.4928186236707697,0.0,1.0,0.0,0.002269181275842098,0.43886265401939506,0.1769065703732633,Low,0
-0.8040439301210163,-0.6124778511379871,-0.7586549166318258,0.060281491441278,0.2093289282732948,0.6995332367530576,-0.2429563555098562,0.0,1.0,0.0,0.0015210988855598915,0.06456740493506324,0.026739621305361234,Low,0
0.4980920556241866,0.063499635114907,-0.5112811151438933,0.4115795455041285,1.7185724216444032,-0.9008001675540492,0.4065488896987095,1.0,0.0,0.0,0.08649398708887573,0.5831455562294556,0.2851546147451077,Medium,0
-1.705522689483049,-1.761639577767938,-0.1769921942142548,0.582210028906084,-0.781112114251495,0.7995540745221594,0.8757827282461895,0.0,1.0,0.0,0.0013259787942259103,0.3260262957217793,0.13120610556524728,Low,0
0.6984206688157432,0.3338906296160494,-1.0060287181197582,0.8431742976384873,0.3665417921661186,-0.9008001675540492,0.6697132160511187,0.0,1.0,0.0,0.00394995493228057,0.09031740597497707,0.03849693534935917,Low,0
-2.0060156092704124,-2.234823818144956,2.4672331703391857,-1.9069876113106845,0.3036566466089891,0.6995332367530007,-1.945079489618458,0.0,1.0,0.0,0.001189257045893461,0.7604064295326955,0.3048761260406143,Medium,0
0.1975991358368233,0.8746726186183724,-0.2371641999815897,1.124212740888768,1.0582783932945432,0.8995749122914317,1.6306877201283647,0.0,1.0,0.0,0.0016423669071051463,0.3041945813759182,0.12266325269463038,Low,0
-1.354947616397811,-1.1532598401403102,-1.534205213188587,-0.0400893811481077,-1.614340292883461,0.9995957500605904,-0.8352485370322829,0.0,0.0,1.0,0.0038567019897974143,0.6037877944646827,0.24382913897975153,Low,0
-1.0544546966104762,-1.6264440805173284,0.525014539737986,-0.973538496229396,-0.6867843959158006,-0.3006751409388699,-1.10790238807118,0.0,0.0,1.0,0.001189257045893461,0.4712465486631617,0.18921217369280077,Low,0
-1.304865463099936,-1.1532598401403102,0.1305536130410125,0.7829517740848557,-1.40996356982279,0.8995749122914317,1.388867433725005,0.0,0.0,1.0,0.0014349073709338485,0.5081487028163167,0.20412042554908702,Low,0
-0.4534688570357496,-0.9504665942644344,0.1639825051339764,-0.3412019989162652,-0.0579329403445056,-0.5007168164773008,-0.3037760298245082,0.0,1.0,0.0,0.001189257045893461,0.04729570235565891,0.01963183516979964,Low,0
-1.0043725433125728,-0.9504665942644344,-0.6717397971901198,1.7063638019072056,-1.0169314100907303,0.5995123989838421,2.1200436868272567,0.0,1.0,0.0,0.004003677569565477,0.3640109559122365,0.14800658890663387,Low,0
0.8486671287094248,0.3338906296160494,1.2938790578761543,-0.7025371402380545,0.9953932477374136,-1.2008626808616387,-0.3058453965785708,0.0,0.0,1.0,0.0012296655063114168,0.3913718275187529,0.157286530311288,Low,0
1.649981581475708,0.9422703672436388,-0.1301917452841054,0.3413199346915581,-0.6710631095265183,-1.9010085452460337,0.5500249846470757,0.0,1.0,0.0,0.005143326056929344,0.30553551687517744,0.1253002023842286,Low,0
1.7501458880714862,1.0774658644942483,-0.4377375525393728,0.8732855594153035,-0.7496695414729302,-1.9010085452459768,1.1184209072237743,0.0,1.0,0.0,0.005914996934364838,0.40041215247030826,0.16371385914874223,Low,0
-0.6037153169294313,-0.27448910801154,1.079934148481186,-0.812945100086379,0.9325081021802842,0.7995540745222163,-0.5933100011001198,0.0,0.0,1.0,0.001189257045893461,0.3504499786459729,0.14089354568592524,Low,0
0.7985849754115499,0.4014883782413541,-0.7519691382132331,0.391505370986251,0.3350992193875538,-1.000821005323265,0.2221584577842978,0.0,1.0,0.0,0.0015727648812867592,0.055159270587209173,0.023007367163655725,Low,0
-0.6037153169294313,-0.0040981135103977,-0.3107077625861102,0.4918762435756369,-0.4352438136872826,1.1996374255989646,0.653907195701037,0.0,0.0,1.0,0.0013929270811739174,0.23635890460376488,0.09537931809021032,Low,0
-1.104536849908351,-0.4772823538874159,2.4672331703391857,-1.9973213966411316,0.8381803838445899,1.4996999389065542,-1.9209861481247257,0.0,1.0,0.0,0.001189257045893461,0.6056208007538871,0.24296187452909093,Low,0
0.6984206688157432,0.7394771213678013,1.801998217689205,-1.4051332483637553,0.4294269377232481,-0.3006751409388699,-1.3003239338168364,0.0,1.0,0.0,0.0012842961522475948,0.28508402791652054,0.11480418885795678,Low,0
-0.6037153169294313,-0.9504665942644344,0.6721016649470269,-0.762759663791686,-1.0955378420371424,-0.2006543031697112,-0.70470105723311,0.0,1.0,0.0,0.001189257045893461,0.1251770260933893,0.0507843646648918,Low,0
0.1475169825389484,-0.27448910801154,-0.6383109050971559,0.5420616798703298,1.1526061116302375,-0.700758492015675,0.507809902864191,0.0,1.0,0.0,0.0018786295048487394,0.08823013732748836,0.03641923263390459,Low,0
1.7501458880714862,1.1450636131195149,0.5985581023425064,-0.903278885416826,0.5237546560589423,-1.800987707476818,-0.9633127767265796,0.0,1.0,0.0,0.004853608356625806,0.387966449480838,0.1580987448063107,Low,0
-0.6037153169294313,-0.2068913593862736,-0.5179668935624862,0.7729146868259177,-0.1050967995123527,0.8995749122913749,0.9176529155700652,0.0,0.0,1.0,0.0016959057239025034,0.25236057201690265,0.10196177224110257,Low,0
0.8486671287094248,-0.1392936107609688,-1.6478634463046642,2.73014670231894,0.052116064380471,-1.9010085452459768,2.7170855577566284,0.0,0.0,1.0,0.9994651369125445,0.9011293810303254,0.9601308345596569,Critical,1
1.199242201794663,0.2662928809907446,-0.4511091093765584,0.2208748875842955,0.4923120832803776,-2.001029383015192,0.1717447420043643,0.0,0.0,1.0,0.0046478549634723565,0.39984719182867307,0.16272758970955264,Low,0
-0.7539617768231129,-0.3420868566368448,0.1104962777852342,-0.6925000529791157,-0.6238992503586712,0.9995957500605904,-0.8661806429418233,0.0,1.0,0.0,0.001189257045893461,0.11188481460005674,0.045467480067558776,Low,0
-1.354947616397811,-1.085662091515044,-0.1168201884469199,0.0502444041823393,-1.2999145650978134,1.099616587829749,0.1262088192875784,0.0,1.0,0.0,0.001189257045893461,0.16474357831419137,0.06661098555321263,Low,0
0.097434829241045,-0.3420868566368448,0.7456452275515474,-1.124094805113475,-0.2465883770158941,-0.700758492015675,-1.2520781260649678,0.0,0.0,1.0,0.001189257045893461,0.361165969925256,0.1451799421976385,Low,0
0.6483385155178683,0.6718793727424964,-0.7519691382132331,0.1907636258074793,1.5770808441408617,-0.3006751409389267,-0.0573045952882075,0.0,1.0,0.0,0.0698119453046609,0.1457853790967586,0.10020131882149998,Low,0
0.097434829241045,0.9422703672436388,-1.333631860630804,0.9836935192636274,0.5551972288375071,1.1996374255989646,0.619634540602795,0.0,1.0,0.0,0.005260370826930571,0.22170383691826204,0.09183775726346316,Low,0
-1.9058513026746344,-2.0320305722690803,2.4672331703391857,-2.177988967302026,0.8067378110660252,0.7995540745222163,-2.0908515962510945,0.0,0.0,1.0,0.001189257045893461,0.9241639553527283,0.3703791363686274,Medium,0
1.199242201794663,1.0098681158689435,-0.170306415795662,-0.2107198645500639,-0.450965100076565,-0.9008001675540492,-0.2913105586631288,0.0,1.0,0.0,0.0012842961522475948,0.10304486902645422,0.04198852530193025,Low,0
-1.104536849908351,-0.2068913593862736,0.1104962777852342,-0.2709423881036956,-1.2999145650978134,1.8997832899833025,-0.2259185692347387,0.0,1.0,0.0,0.001189257045893461,0.2824141271830452,0.11367920510075416,Low,0
-0.9042082367167944,-1.1532598401403102,0.725587892295769,-0.6724258784612389,1.3098189755230611,0.0994082101378783,-0.5338009257297089,0.0,0.0,1.0,0.00163305470701063,0.37940702061623366,0.15274264107069985,Low,0
1.900392347965168,2.159029842498856,-0.9993429397011656,1.2446577879960308,0.50803336966966,-0.6007376542465164,1.2188246113054293,1.0,0.0,0.0,0.0020195438839242796,0.8477063714718348,0.3402942749190885,Medium,0
2.0506388078588493,2.159029842498856,0.3712416361103522,-0.541943744095037,0.4923120832803776,-0.900800167554106,-0.5045440214782172,1.0,0.0,0.0,0.0012038489692639488,0.7850998254170521,0.31476223954837923,Medium,0
1.2493243550925663,0.6718793727424964,0.2174687324827185,-0.4415728715056511,1.2940976891337788,-1.5009251941692283,-0.4289431560631171,0.0,0.0,1.0,0.005303698581118187,0.417611527156587,0.17022683001130573,Low,0
1.7000637347735827,1.2126613617448194,-1.2667740764448765,0.7026550760133473,1.6085234169194265,-1.600946031938387,0.298705319429828,0.0,0.0,1.0,0.8924303028191872,0.6285810396058766,0.7868905975338629,Critical,1
-1.1546190032062544,-1.220857588765615,-0.2772788704931464,0.3011715856558039,0.6809675199517662,0.4994915612146266,0.3972465934328267,1.0,0.0,0.0,0.001189257045893461,0.5508557129121954,0.22105583939241424,Low,0
-0.1529759372484148,-0.5448801025127208,-0.7920838087247897,0.5420616798703298,0.6180823743946366,-0.5007168164773008,0.4049131045502596,0.0,1.0,0.0,0.0016959057239025034,0.03786736040370147,0.01616448759582209,Low,0
-0.1028937839505114,-0.2068913593862736,-0.491223779888115,1.1944723517013378,-0.2937522361837412,-0.1006334654005525,1.539468062783789,0.0,1.0,0.0,0.0014349073709338485,0.14170709383499097,0.0575437819565567,Low,0
-0.5536331636315563,-0.8828688456391679,-0.1769921942142548,0.1807265385485406,0.9010655294017196,-0.2006543031697112,0.2829584238441479,0.0,1.0,0.0,0.001189257045893461,0.0469472622238657,0.019492459117082358,Low,0
0.347845595730505,0.4014883782413541,0.5718149886681354,-1.0437981070419662,-0.9540462645336012,-0.1006334654004957,-1.1984716730073364,0.0,1.0,0.0,0.0012296655063114168,0.14795613911678235,0.05992025495049979,Low,0
-0.3533045504399714,-0.6124778511379871,-0.9525424907710162,0.5520987671292685,0.2407715010518595,-0.2006543031697112,0.3112200612282088,0.0,1.0,0.0,0.001799156127238872,0.040091246199020734,0.017115992155951616,Low,0
0.6483385155178683,0.4690861268666205,1.541252859364087,-1.5757637317657112,1.0425571069052608,-0.6007376542465164,-1.6952477976386546,0.0,1.0,0.0,0.0013978828550958537,0.33034404595520245,0.1329763480951385,Low,0
-1.555276229589396,-1.558846331892062,2.4672331703391857,-2.258285665373535,-1.6457828656620257,0.7995540745222163,-2.4493151886918043,0.0,0.0,1.0,0.001189257045893461,0.8982171077599955,0.36000039733153427,Medium,0
0.0473526759431701,-0.5448801025127208,-0.5981962345855993,0.2911344983968652,0.633803660783919,-0.900800167554106,0.1796576063068049,0.0,1.0,0.0,0.0015210988855598915,0.04893430913780546,0.020486382986458117,Low,0
0.6483385155178683,0.4014883782413541,-0.6048820130041921,1.3851770096211706,-0.2780309497944588,-0.700758492015675,1.7221340224031478,0.0,1.0,0.0,0.0021848420533480367,0.21888650766067702,0.08886550829627964,Low,0
0.9989135886031064,0.4014883782413541,-0.9257993770966452,1.0037676937815048,-0.3723586681301531,-1.4009043564000128,0.94641711345154,0.0,1.0,0.0,0.00455305189102348,0.17138841438616398,0.07128719688907968,Low,0
-0.7539617768231129,-0.6800755997632919,0.0035238230877499,-0.9233530599347032,1.6399659896979912,0.4994915612146266,-1.265361489800572,1.0,0.0,0.0,0.045344566282491394,0.6916978575847849,0.3038858828034088,Medium,0
-1.254783309802033,-0.815271097013863,-0.0031619553308428,-0.2207569518090026,0.7752952382874604,1.29965826336818,-0.2130195164677465,0.0,1.0,0.0,0.001189257045893461,0.09398620230745082,0.03830803515051641,Low,0
-1.354947616397811,-0.8828688456391679,0.2575834029942752,-0.6122033549076074,-0.2308670906266117,1.3996791011373386,-0.6707338800842756,1.0,0.0,0.0,0.001189257045893461,0.6118906215571304,0.24546980285038825,Low,0
-1.254783309802033,-0.3420868566368448,0.1506109482967908,0.2409490621021723,-0.7496695414729302,1.9998041277525176,0.5766114203730854,0.0,0.0,1.0,0.001189257045893461,0.42986909191333594,0.17266119099287047,Low,0
-0.4534688570357496,-0.815271097013863,-0.7853980303061969,0.2108378003253568,-0.3409160953515884,-0.3006751409389267,-0.0501012281585878,0.0,1.0,0.0,0.0015210988855598915,0.05512576471613728,0.02296296521779085,Low,0
1.04899574190101,0.063499635114907,0.0837531641108631,-0.4214986969877743,0.8853442430124371,-2.001029383015192,-0.4686947059959278,0.0,1.0,0.0,0.0046478549634723565,0.2671081234522223,0.10963196235897234,Low,0
0.4980920556241866,0.6042816241171917,-1.567634105281551,1.4955849694694954,-0.6081779639693888,-0.1006334654005525,1.0991955046657889,0.0,1.0,0.0,0.006216067612939463,0.2713973241408425,0.11228857022410069,Low,0
0.9989135886031064,0.6042816241171917,-1.1932305138403558,1.555807493023127,-0.7653908278622126,-1.10084184309248,1.4820874789318426,0.0,0.0,1.0,0.006724010095838429,0.4743872506033329,0.19378930629883623,Low,0
-0.8541260834188912,-1.085662091515044,-0.2973362057489247,0.4216166327630672,1.388425407469473,0.0994082101378215,0.5602535688885876,0.0,0.0,1.0,0.0018972898650567922,0.3191097949408792,0.12878229189538576,Low,0
-0.9042082367167944,-1.220857588765615,-0.4109944388650018,0.3011715856558039,-0.3094735225730236,-0.000612627631337,0.3125010977902479,0.0,1.0,0.0,0.001189257045893461,0.0696439036276817,0.028571115678608757,Low,0
0.1975991358368233,1.2126613617448194,-0.838884257654939,0.7929888613437944,-0.781112114251495,1.3996791011373957,0.7197229126076407,0.0,1.0,0.0,0.002248915450919861,0.22188639827647863,0.09010390858114337,Low,0
1.900392347965168,1.8210410993724089,-0.2839646489117391,0.1305411022538477,1.0582783932945432,-1.10084184309248,0.1437393119327112,0.0,0.0,1.0,0.0012038489692639488,0.5023496055773886,0.20166215161251383,Low,0
-0.9042082367167944,-1.6940418291426331,-0.404308660446409,1.134249828147706,1.1368848252409551,-0.700758492015675,1.5190404566829667,0.0,1.0,0.0,0.001699568444097509,0.3524309531321918,0.14199212231933522,Low,0
2.150803114454628,2.361823088374732,1.8153697745263904,-1.4653557719173869,0.9796719613481312,-0.8007793297848904,-1.4017426130207236,0.0,1.0,0.0,0.0012038489692639488,0.6646776174745344,0.2665933563713721,Medium,0
0.2977634424326301,0.2662928809907446,0.1706682835525691,-0.2307940390679407,0.2250502146625771,-0.200654303169768,-0.1315061746124642,0.0,1.0,0.0,0.0012296655063114168,0.004640449135172397,0.0025939789578558092,Low,0
-1.555276229589396,-1.6940418291426331,-1.3269460822122112,1.1141756536298293,0.2093289282732948,0.5995123989838421,0.7951759661117369,0.0,0.0,1.0,0.004298764052378189,0.49746986382099434,0.20156720395982466,Low,0
0.2476812891347267,0.9422703672436388,-0.8723131497479029,0.5119504180935144,-1.237029419540684,0.8995749122913749,0.3098404833921668,0.0,1.0,0.0,0.0019428403221046523,0.16166994627869638,0.06583368270474135,Low,0
-0.6037153169294313,-0.7476733483885967,-0.4644806662137439,0.7929888613437944,1.545638271362297,0.0994082101378215,0.9840500259932846,0.0,1.0,0.0,0.026390041501933092,0.17901908756080967,0.08744165992548372,Low,0
-0.6037153169294313,-0.2068913593862736,-0.2104210863072187,0.0301702296644619,0.7281313791196132,0.8995749122913749,0.0407932429817783,0.0,0.0,1.0,0.001189257045893461,0.18303419850526917,0.07392723362964375,Low,0
-0.3533045504399714,-1.018064342889739,-1.5141478779328088,2.067698943228995,-1.5671764337156138,-0.8007793297848904,1.8749124136173976,0.0,0.0,1.0,0.00876503056757962,0.7546979597469647,0.3071382022393337,Medium,0
-1.0544546966104762,-1.829237326393204,0.8860465743419955,-1.1341318923724135,-1.5828977201048962,-0.6007376542464594,-1.208867777414653,1.0,0.0,0.0,0.001189257045893461,0.8092332711278217,0.32440686267866475,Medium,0
0.3979277490284083,0.8746726186183724,-0.2171068647258114,0.0201331424055238,-0.5452928184122593,0.4994915612146266,0.0220605467938092,0.0,1.0,0.0,0.0012842961522475948,0.0646255218625973,0.02662078643638748,Low,0
-0.9542903900146694,-1.423650834641491,-0.5647673424926355,0.2810974111379265,0.2093289282732948,-0.200654303169768,0.1865456413596135,0.0,0.0,1.0,0.0015210988855598915,0.2925188895940074,0.11792021516893891,Low,0
1.199242201794663,1.2802591103700858,-0.725226024538862,0.6424325524597156,1.3569828346909083,-0.5007168164773008,0.5897765345798863,0.0,0.0,1.0,0.0036465646469363427,0.385846439071881,0.15652651441691423,Low,0
-1.0544546966104762,-0.6800755997632919,2.4672331703391857,-1.8467650877570527,-1.1112591284264248,1.099616587829806,-1.7189272657815755,0.0,0.0,1.0,0.001189257045893461,0.6953215090453205,0.2788421578456643,Medium,0
